rank,variant,task,feature,selection_prob,n_selected,n_subsamples,pair_support,stable
1,plain,y,G01M_8519_V__NODE_95_length_35869_cov_9.632178-cat_1_55,0.3,15,50,8500,False
2,plain,y,G01M_8418_V__NODE_161_length_21194_cov_5.963735-cat_1_1,0.28,14,50,4744,False
3,plain,y,GCA_900155545_Protein4482,0.26,13,50,796,False
4,plain,y,GCA_000612845_Protein3509,0.26,13,50,3040,False
5,plain,y,G23J_8067V__NODE_124_length_16030_cov_6.245182-cat_2_3,0.24,12,50,6104,False
6,plain,y,G21F_7876_V1__NODE_265_length_16179_cov_3.995460-cat_1_11,0.24,12,50,509,False
7,plain,y,GCA_002006345_Protein5081,0.24,12,50,3486,False
8,plain,y,GCA_014385025_Protein2080,0.22,11,50,4859,False
9,plain,y,GCA_900205965_Protein968,0.22,11,50,1668,False
10,plain,y,GCA_900109655_Protein2779,0.22,11,50,3331,False
11,plain,y,G23J_7936V__NODE_63_length_29640_cov_12.509157-cat_1_13,0.22,11,50,6224,False
12,plain,y,GCA_000189595_Protein4411,0.2,10,50,1822,False
13,plain,y,BBN1_V__NODE_20_length_48275_cov_7.850008_1-cat_1_21,0.2,10,50,796,False
14,plain,y,GCA_000735365_Protein3773,0.2,10,50,56,False
15,plain,y,GCA_900635865_Protein7944,0.2,10,50,1120,False
16,plain,y,G23J_8196V__NODE_28_length_56403_cov_990.113065-cat_1_24,0.18,9,50,564,False
17,plain,y,GCA_002891535_Protein2307,0.18,9,50,15491,False
18,plain,y,AZV1_V__NODE_63_length_39866_cov_3.229487-cat_1_35,0.18,9,50,10419,False
19,plain,y,GCA_014334055_Protein2195,0.18,9,50,509,False
20,plain,y,G01M_8520_V__NODE_97_length_32707_cov_20.863653-cat_1_26,0.18,9,50,1297,False
21,plain,y,GCA_015550495_Protein781,0.18,9,50,796,False
22,plain,y,GCA_014385005_Protein2112,0.16,8,50,6118,False
23,plain,y,GCA_000242315_Protein2618,0.16,8,50,509,False
24,plain,y,G01M_8519_V__NODE_94_length_36013_cov_7.546500-cat_1_52,0.16,8,50,1822,False
25,plain,y,GCA_000702985_Protein2506,0.16,8,50,19264,False
26,plain,y,AZB2_V__NODE_12_length_50899_cov_17.930020-cat_1_57,0.16,8,50,448,False
27,plain,y,AZP1_V__NODE_343_length_12150_cov_4.318148-cat_2_20,0.16,8,50,1873,False
28,plain,y,G21F_7878_V2__NODE_785_length_6868_cov_1.613532-cat_1_11,0.16,8,50,8817,False
29,plain,y,G01M_8193_V__NODE_6_length_38047_cov_32.752556-cat_1_34,0.16,8,50,674,False
30,plain,y,GCA_000687955_Protein966,0.14,7,50,509,False
31,plain,y,BAC3_V__NODE_41_length_41591_cov_11.308228-cat_1_25,0.14,7,50,784,False
32,plain,y,AZS1_V__NODE_85_length_15410_cov_7.292535-cat_1_13,0.14,7,50,2434,False
33,plain,y,GCA_002419365_Protein133,0.14,7,50,16528,False
34,plain,y,GCA_000016505_Protein3060,0.14,7,50,4130,False
35,plain,y,AWG0_V__NODE_47_length_59369_cov_29.646212-cat_1_36,0.14,7,50,504,False
36,plain,y,GCA_014196055_Protein975,0.14,7,50,454,False
37,plain,y,G01M_8068_V__NODE_7_length_35404_cov_9.556748-cat_1_30,0.14,7,50,8238,False
38,plain,y,GCA_014384805_Protein1990,0.14,7,50,8214,False
39,plain,y,BAJ6_V__NODE_8_length_34948_cov_3.210594-cat_1_24,0.14,7,50,6321,False
40,plain,y,GCA_000270305_Protein1371,0.14,7,50,4558,False
41,plain,y,GCA_900103835_Protein580,0.14,7,50,11176,False
42,plain,y,GCA_003433985_Protein3851,0.14,7,50,5984,False
43,plain,y,G01M_8349_V__NODE_126_length_19515_cov_34.084621-cat_2_14,0.12,6,50,3900,False
44,plain,y,GCA_014385085_Protein37,0.12,6,50,19264,False
45,plain,y,G23J_7940V__NODE_64_length_33626_cov_3.151609-cat_1_5,0.12,6,50,2164,False
46,plain,y,BBD2_V__NODE_107_length_47961_cov_950.101082-cat_1_2,0.12,6,50,1668,False
47,plain,y,G01M_8418_V__NODE_277_length_12565_cov_24.018129-cat_2_14,0.12,6,50,2638,False
48,plain,y,GCA_900460315_Protein1899,0.12,6,50,168,False
49,plain,y,GCA_017776345_Protein2279,0.12,6,50,2604,False
50,plain,y,GCA_000702985_Protein3888,0.12,6,50,1584,False
51,plain,y,G01M_8519_V__NODE_236_length_10976_cov_6.609911-cat_1_15,0.12,6,50,5782,False
52,plain,y,GCA_900115945_Protein4959,0.12,6,50,399,False
53,plain,y,AZV1_V__NODE_209_length_16877_cov_2.188759-cat_2_21,0.12,6,50,904,False
54,plain,y,GCA_018223435_Protein1044,0.12,6,50,3716,False
55,plain,y,AZP2_V__NODE_30_length_54374_cov_2.258462-cat_1_56,0.12,6,50,9694,False
56,plain,y,GCA_000483125_Protein518,0.12,6,50,564,False
57,plain,y,BAY4_V__NODE_113_length_23433_cov_3.194223-cat_1_34,0.12,6,50,454,False
58,plain,y,G01M_8653_V__NODE_88_length_38165_cov_3.244943_1-cat_1_33,0.12,6,50,2164,False
59,plain,y,BAS3_V__NODE_179_length_20356_cov_867.840845-cat_1_12,0.12,6,50,850,False
60,plain,y,BAY6_V__NODE_67_length_41093_cov_4.625750_1-cat_1_6,0.12,6,50,1120,False
61,plain,y,GCA_900142955_Protein3342,0.12,6,50,1740,False
62,plain,y,GCA_001243045_Protein1026,0.12,6,50,2383,False
63,plain,y,AZK1_V__NODE_12_length_39804_cov_4.040876-cat_1_55,0.12,6,50,1350,False
64,plain,y,GCA_014269395_Protein864,0.12,6,50,4144,False
65,plain,y,G21F_7946_V4__NODE_15_length_36059_cov_5.648554-cat_1_4,0.12,6,50,399,False
66,plain,y,GCA_001047375_Protein1712,0.1,5,50,1085,False
67,plain,y,GCA_000233455_Protein4230,0.1,5,50,2164,False
68,plain,y,GCA_018713335_Protein1845,0.1,5,50,19264,False
69,plain,y,GCA_900104675_Protein2281,0.1,5,50,784,False
70,plain,y,G01M_8399_V__NODE_8_length_81405_cov_4.392259-cat_1_80,0.1,5,50,850,False
71,plain,y,G01M_8337_V__NODE_129_length_16241_cov_4.669744-cat_1_29,0.1,5,50,2664,False
72,plain,y,GCA_018127805_Protein1498,0.1,5,50,112,False
73,plain,y,BAY6_V__NODE_67_length_41093_cov_4.625750_1-cat_1_4,0.1,5,50,1297,False
74,plain,y,G21F_7947_V5__NODE_642_length_12613_cov_27.981141-cat_2_4,0.1,5,50,1636,False
75,plain,y,G21F_7947_V5__NODE_1226_length_5197_cov_17.358376-cat_2_9,0.1,5,50,1774,False
76,plain,y,GCA_003226535_Protein1447,0.1,5,50,2164,False
77,plain,y,G23J_8060V__NODE_38_length_38787_cov_13.239738-cat_1_30,0.1,5,50,958,False
78,plain,y,AZC5_V__NODE_57_length_21885_cov_36.169329-cat_1_13,0.1,5,50,112,False
79,plain,y,G01M_8519_V__NODE_60_length_43747_cov_138.645872-cat_1_62,0.1,5,50,3164,False
80,plain,y,G21F_7878_V2__NODE_114_length_36210_cov_67.150757-cat_1_38,0.1,5,50,2164,False
81,plain,y,GCA_013282195_Protein464,0.1,5,50,454,False
82,plain,y,GCA_002159835_Protein3737,0.1,5,50,1244,False
83,plain,y,GCA_900011355_Protein3632,0.1,5,50,3136,False
84,plain,y,GCA_000411335_Protein1749,0.1,5,50,454,False
85,plain,y,G23J_8064V__NODE_279_length_16317_cov_6.661672-cat_1_9,0.1,5,50,168,False
86,plain,y,G21F_7878_V2__NODE_77_length_41784_cov_4.198345-cat_1_36,0.1,5,50,399,False
87,plain,y,G21F_7878_V2__NODE_23_length_86534_cov_7.084445-cat_1_54,0.1,5,50,1688,False
88,plain,y,G21F_7878_V2__NODE_23_length_86534_cov_7.084445-cat_1_2,0.1,5,50,2814,False
89,plain,y,BAD1_V__NODE_5_length_102736_cov_54.579128-cat_1_33,0.1,5,50,1244,False
90,plain,y,BAD1_V__NODE_31_length_53707_cov_57.685924-cat_1_7,0.1,5,50,112,False
91,plain,y,G21F_7876_V1__NODE_98_length_37173_cov_3.687598-cat_1_11,0.1,5,50,10883,False
92,plain,y,GCA_002161285_Protein842,0.1,5,50,6344,False
93,plain,y,BAY9_V__NODE_2_length_2490642_cov_25.372225_1-cat_1_38,0.1,5,50,6504,False
94,plain,y,G23J_7924V__NODE_3_length_125149_cov_3.927549-cat_1_124,0.1,5,50,8992,False
95,plain,y,G01M_8337_V__NODE_11_length_50152_cov_12.327253-cat_1_49,0.1,5,50,224,False
96,plain,y,GCA_001244545_Protein2324,0.1,5,50,2364,False
97,plain,y,G23J_8064V__NODE_18_length_123400_cov_27.169123-cat_1_106,0.1,5,50,784,False
98,plain,y,GCA_000007625_Protein1169,0.1,5,50,1975,False
99,plain,y,G23J_8196V__NODE_26_length_57436_cov_6.741057_1-cat_1_28,0.1,5,50,6667,False
100,plain,y,G21F_7878_V2__NODE_989_length_5604_cov_0.863942-cat_2_5,0.1,5,50,1792,False
101,plain,y,GCA_014385005_Protein1382,0.1,5,50,1688,False
102,plain,y,GCA_000016505_Protein754,0.1,5,50,14028,False
103,plain,y,BBD0_V__NODE_94_length_48656_cov_277.912742-cat_1_50,0.1,5,50,1191,False
104,plain,y,AZP2_V__NODE_70_length_20454_cov_2.321002-cat_1_16,0.1,5,50,1584,False
105,plain,y,GCA_000154285_Protein362,0.1,5,50,5898,False
106,plain,y,GCA_000712055_Protein1724,0.1,5,50,796,False
107,plain,y,BBN6_V__NODE_28_length_41550_cov_21.574148-cat_1_43,0.1,5,50,619,False
108,plain,y,BAH14_V__NODE_248_length_17946_cov_58.755085-cat_1_42,0.1,5,50,2536,False
109,plain,y,GCA_000753355_Protein2650,0.1,5,50,4144,False
110,plain,y,GCA_900141895_Protein263,0.1,5,50,10332,False
111,plain,y,GCA_000746025_Protein3504,0.1,5,50,14805,False
112,plain,y,GCA_000711235_Protein1781,0.1,5,50,112,False
113,plain,y,G23J_7924V__NODE_32_length_25288_cov_2.647545-cat_1_11,0.08,4,50,454,False
114,plain,y,GCA_009883055_Protein2450,0.08,4,50,7602,False
115,plain,y,G23J_8196V__NODE_39_length_38856_cov_14.190701-cat_1_1,0.08,4,50,9574,False
116,plain,y,GCA_900771915_Protein1494,0.08,4,50,1228,False
117,plain,y,BAY6_V__NODE_75_length_36969_cov_6.303065-cat_1_32,0.08,4,50,1334,False
118,plain,y,GCA_011039195_Protein3240,0.08,4,50,224,False
119,plain,y,GCA_000157975_Protein165,0.08,4,50,12376,False
120,plain,y,G21F_7876_V1__NODE_107_length_36263_cov_3.315148-cat_1_15,0.08,4,50,1350,False
121,plain,y,G23J_7943V__NODE_12_length_58891_cov_8.428902-cat_1_35,0.08,4,50,1297,False
122,plain,y,G01M_8519_V__NODE_32_length_88082_cov_63.981496_1-cat_1_57,0.08,4,50,280,False
123,plain,y,G23J_8064V__NODE_404_length_12456_cov_2.277252-cat_1_4,0.08,4,50,850,False
124,plain,y,GCA_900240845_Protein631,0.08,4,50,1532,False
125,plain,y,G18F_V14__NODE_1_length_108977_cov_23.176813_1-cat_1_52,0.08,4,50,1636,False
126,plain,y,GCA_003612395_Protein1237,0.08,4,50,6004,False
127,plain,y,G18F_V14__NODE_1_length_108977_cov_23.176813_1-cat_1_50,0.08,4,50,454,False
128,plain,y,GCA_003703815_Protein2749,0.08,4,50,454,False
129,plain,y,BAH1_V__NODE_38_length_139140_cov_15.997145_1-cat_1_88,0.08,4,50,1066,False
130,plain,y,G21F_7876_V1__NODE_317_length_13859_cov_3.072747-cat_2_6,0.08,4,50,1138,False
131,plain,y,GCA_000233455_Protein2084,0.08,4,50,3190,False
132,plain,y,GCA_017255415_Protein484,0.08,4,50,18935,False
133,plain,y,BAY4_V__NODE_86_length_36583_cov_4.440440-cat_1_21,0.08,4,50,2332,False
134,plain,y,G01M_8519_V__NODE_20_length_139779_cov_8.218471-cat_1_135,0.08,4,50,1191,False
135,plain,y,G23J_8060V__NODE_34_length_39551_cov_4.294839-cat_1_18,0.08,4,50,224,False
136,plain,y,GCA_900199435_Protein991,0.08,4,50,2052,False
137,plain,y,GCA_000701665_Protein1428,0.08,4,50,454,False
138,plain,y,G23J_7937V__NODE_74_length_41056_cov_16.259370-cat_1_14,0.08,4,50,2947,False
139,plain,y,G21F_7876_V1__NODE_545_length_8570_cov_2.012631-cat_1_7,0.08,4,50,509,False
140,plain,y,GCA_014982975_Protein679,0.08,4,50,850,False
141,plain,y,G23J_7940V__NODE_262_length_10757_cov_1.726778-cat_2_5,0.08,4,50,850,False
142,plain,y,GCA_002999035_Protein1795,0.08,4,50,1480,False
143,plain,y,G21F_7878_V2__NODE_114_length_36210_cov_67.150757-cat_1_1,0.08,4,50,958,False
144,plain,y,G01M_8337_V__NODE_34_length_38842_cov_9.349612-cat_1_58,0.08,4,50,1282,False
145,plain,y,G21F_7878_V2__NODE_123_length_35097_cov_14.337248-cat_1_40,0.08,4,50,5529,False
146,plain,y,GCA_002777255_Protein238,0.08,4,50,1138,False
147,plain,y,GCA_902363255_Protein3399,0.08,4,50,9199,False
148,plain,y,G01M_8349_V__NODE_118_length_21484_cov_3.708815-cat_1_31,0.08,4,50,2164,False
149,plain,y,GCA_002161525_Protein1798,0.08,4,50,5693,False
150,plain,y,G01M_8393_V__NODE_11_length_31785_cov_19.152875-cat_1_38,0.08,4,50,2555,False
151,plain,y,G21F_7946_V4__NODE_82_length_10102_cov_2.067480_1-cat_2_3,0.08,4,50,619,False
152,plain,y,GCA_900184995_Protein3815,0.08,4,50,6943,False
153,plain,y,GCA_900626135_Protein1410,0.08,4,50,9781,False
154,plain,y,GCA_001559865_Protein1559,0.08,4,50,509,False
155,plain,y,GCA_002003305_Protein2323,0.08,4,50,2944,False
156,plain,y,GCA_001688705_Protein1113,0.08,4,50,509,False
157,plain,y,GCA_002006345_Protein3958,0.08,4,50,7492,False
158,plain,y,GCA_903645315_Protein650,0.08,4,50,1138,False
159,plain,y,G21F_7878_V2__NODE_441_length_12122_cov_2.040423-cat_2_9,0.08,4,50,2164,False
160,plain,y,BBD2_V__NODE_293_length_8132_cov_1.356529-cat_2_11,0.08,4,50,784,False
161,plain,y,G01M_8396_V__NODE_42_length_37134_cov_25.464669-cat_1_28,0.08,4,50,1444,False
162,plain,y,AZB4_V__NODE_6_length_59168_cov_28.063621-cat_1_44,0.08,4,50,112,False
163,plain,y,GCA_000452225_Protein57,0.08,4,50,454,False
164,plain,y,GCA_900142025_Protein2110,0.08,4,50,2164,False
165,plain,y,AZV1_V__NODE_295_length_13648_cov_2.124068-cat_1_14,0.08,4,50,2702,False
166,plain,y,G01M_8337_V__NODE_20_length_43124_cov_89.120093-cat_2_62,0.08,4,50,10354,False
167,plain,y,GCA_900142165_Protein2072,0.08,4,50,1228,False
168,plain,y,GCA_900625105_Protein49,0.06,3,50,1509,False
169,plain,y,GCA_000401215_Protein1877,0.06,3,50,2164,False
170,plain,y,G21F_7947_V5__NODE_249_length_36095_cov_5.099594-cat_1_11,0.06,3,50,619,False
171,plain,y,GCA_000283575_Protein2526,0.06,3,50,1138,False
172,plain,y,BAY6_V__NODE_108_length_17012_cov_2.533495-cat_2_2,0.06,3,50,1120,False
173,plain,y,GCA_003363435_Protein210,0.06,3,50,4864,False
174,plain,y,GCA_000307265_Protein2795,0.06,3,50,2026,False
175,plain,y,BAY9_V__NODE_32_length_78913_cov_7.579859-cat_1_76,0.06,3,50,1066,False
176,plain,y,AZE2_V__NODE_20_length_40691_cov_8.514289-cat_1_53,0.06,3,50,2332,False
177,plain,y,GCA_000508905_Protein4106,0.06,3,50,5406,False
178,plain,y,BAX2_V__NODE_46_length_33996_cov_3.230079_1-cat_1_12,0.06,3,50,742,False
179,plain,y,AZJ1_V__NODE_251_length_8896_cov_4.469592-cat_1_10,0.06,3,50,958,False
180,plain,y,G01M_8520_V__NODE_484_length_8996_cov_2.289086-cat_1_2,0.06,3,50,2947,False
181,plain,y,G01M_8653_V__NODE_264_length_13499_cov_2.698358-cat_1_5,0.06,3,50,564,False
182,plain,y,AZE2_V__NODE_69_length_20174_cov_7.373948-cat_1_3,0.06,3,50,509,False
183,plain,y,G01M_8193_V__NODE_77_length_6306_cov_5.842275-cat_2_4,0.06,3,50,2996,False
184,plain,y,BAJ6_V__NODE_2_length_47809_cov_3.977426-cat_1_41,0.06,3,50,2281,False
185,plain,y,BBD1_V__NODE_554_length_10810_cov_13.438895-cat_1_12,0.06,3,50,8140,False
186,plain,y,GCA_011754305_Protein1849,0.06,3,50,56,False
187,plain,y,GCA_011039195_Protein3443,0.06,3,50,564,False
188,plain,y,GCA_000189595_Protein1988,0.06,3,50,796,False
189,plain,y,G01M_8653_V__NODE_711_length_5250_cov_14.363619-cat_1_13,0.06,3,50,958,False
190,plain,y,GCA_012955525_Protein2393,0.06,3,50,10764,False
191,plain,y,GCA_900176035_Protein1974,0.06,3,50,12956,False
192,plain,y,GCA_002017865_Protein641,0.06,3,50,454,False
193,plain,y,GCA_901482605_Protein1034,0.06,3,50,1615,False
194,plain,y,G01M_8653_V__NODE_73_length_42994_cov_7.094393-cat_1_62,0.06,3,50,6704,False
195,plain,y,GCA_000332875_Protein469,0.06,3,50,9976,False
196,plain,y,G01M_8520_V__NODE_99_length_32349_cov_118.845302-cat_1_19,0.06,3,50,1066,False
197,plain,y,G01M_8340_V__NODE_19_length_48722_cov_49.428007_1-cat_1_10,0.06,3,50,619,False
198,plain,y,GCA_000175795_Protein413,0.06,3,50,1636,False
199,plain,y,GCA_000158075_Protein5200,0.06,3,50,850,False
200,plain,y,BAX2_V__NODE_23_length_41710_cov_2.551104-cat_1_30,0.06,3,50,5590,False
201,plain,y,G21F_7947_V5__NODE_171_length_47648_cov_19.557804-cat_1_44,0.06,3,50,1774,False
202,plain,y,GCA_000238055_Protein71,0.06,3,50,17744,False
203,plain,y,GCA_905213765_Protein1410,0.06,3,50,2898,False
204,plain,y,GCA_000177015_Protein2997,0.06,3,50,796,False
205,plain,y,G01M_8520_V__NODE_515_length_8566_cov_1.555332-cat_1_2,0.06,3,50,1191,False
206,plain,y,GCA_003858585_Protein1186,0.06,3,50,1509,False
207,plain,y,GCA_000307265_Protein2844,0.06,3,50,3716,False
208,plain,y,GCA_002159835_Protein2906,0.06,3,50,5201,False
209,plain,y,GCA_000307285_Protein2139,0.06,3,50,56,False
210,plain,y,GCA_000235885_Protein4,0.06,3,50,3829,False
211,plain,y,GCA_003287415_Protein896,0.06,3,50,850,False
212,plain,y,GCA_000233455_Protein1222,0.06,3,50,2164,False
213,plain,y,GCA_000753355_Protein3301,0.06,3,50,2164,False
214,plain,y,GCA_000215085_Protein416,0.06,3,50,796,False
215,plain,y,G01M_8418_V__NODE_9_length_166248_cov_68.576627-cat_1_188,0.06,3,50,3284,False
216,plain,y,BBD2_V__NODE_181_length_19164_cov_1.471702-cat_1_22,0.06,3,50,509,False
217,plain,y,GCA_000243035_Protein895,0.06,3,50,1085,False
218,plain,y,G01M_8520_V__NODE_63_length_39023_cov_213.523045-cat_1_31,0.06,3,50,1174,False
219,plain,y,GCA_002904165_Protein571,0.06,3,50,6636,False
220,plain,y,GCA_002251225_Protein732,0.06,3,50,5848,False
221,plain,y,BBF1_V__NODE_13_length_46578_cov_9.825706-cat_1_57,0.06,3,50,2751,False
222,plain,y,BBF1_V__NODE_9_length_61222_cov_26.469741-cat_1_71,0.06,3,50,4048,False
223,plain,y,BBD0_V__NODE_108_length_45756_cov_28.838360-cat_1_20,0.06,3,50,1403,False
224,plain,y,GCA_000746025_Protein3205,0.06,3,50,1822,False
225,plain,y,GCA_905186145_Protein959,0.06,3,50,12124,False
226,plain,y,GCA_000204355_Protein557,0.06,3,50,5332,False
227,plain,y,G01M_8519_V__NODE_45_length_56861_cov_2.301064-cat_1_53,0.06,3,50,6355,False
228,plain,y,GCA_000381065_Protein3369,0.06,3,50,18930,False
229,plain,y,GCA_000179395_Protein2651,0.06,3,50,1532,False
230,plain,y,GCA_000214705_Protein3041,0.06,3,50,564,False
231,plain,y,GCA_000398925_Protein126,0.06,3,50,1480,False
232,plain,y,BAY4_V__NODE_169_length_15957_cov_2.085446_1-cat_1_11,0.06,3,50,1615,False
233,plain,y,BBD0_V__NODE_110_length_45689_cov_5.912744-cat_1_38,0.06,3,50,3670,False
234,plain,y,G01M_8349_V__NODE_67_length_41821_cov_4.593356-cat_1_17,0.06,3,50,2514,False
235,plain,y,GCA_004570975_Protein1892,0.06,3,50,168,False
236,plain,y,G01M_8396_V__NODE_48_length_35135_cov_19.420339-cat_1_3,0.06,3,50,3780,False
237,plain,y,GCA_005844425_Protein1712,0.06,3,50,904,False
238,plain,y,G01M_8418_V__NODE_236_length_15092_cov_4.292336-cat_1_22,0.06,3,50,4348,False
239,plain,y,BAY4_V__NODE_16_length_131187_cov_9.643377_1-cat_1_43,0.06,3,50,5633,False
240,plain,y,G23J7927V1__NODE_6_length_67328_cov_9.537179-cat_1_93,0.06,3,50,224,False
241,plain,y,GCA_009649495_Protein1469,0.06,3,50,6979,False
242,plain,y,GCA_009649495_Protein619,0.06,3,50,850,False
243,plain,y,GCA_002159455_Protein2483,0.06,3,50,850,False
244,plain,y,GCA_900240845_Protein1013,0.06,3,50,850,False
245,plain,y,BAD2_V__NODE_7_length_51967_cov_14.793379-cat_1_25,0.06,3,50,619,False
246,plain,y,G23J_8030V__NODE_6_length_31438_cov_3.512110-cat_1_22,0.06,3,50,4639,False
247,plain,y,G23J_8060V__NODE_2_length_163801_cov_4.865518-cat_1_4,0.06,3,50,454,False
248,plain,y,G21F_7947_V5__NODE_267_length_33643_cov_3.205104-cat_1_54,0.06,3,50,2751,False
249,plain,y,GCA_014337195_Protein1991,0.06,3,50,15844,False
250,plain,y,BAW1_V__NODE_45_length_43524_cov_4.963155-cat_1_43,0.06,3,50,2898,False
251,plain,y,GCA_018326305_Protein1779,0.06,3,50,5544,False
252,plain,y,G21F_7876_V1__NODE_113_length_35344_cov_45.078139-cat_1_29,0.06,3,50,168,False
253,plain,y,GCA_017161075_Protein2383,0.06,3,50,2026,False
254,plain,y,GCA_900176335_Protein2380,0.06,3,50,2740,False
255,plain,y,G01M_8396_V__NODE_118_length_15629_cov_4.092659-cat_1_12,0.06,3,50,839,False
256,plain,y,G21F_7876_V1__NODE_105_length_36319_cov_2.957178-cat_1_50,0.06,3,50,4876,False
257,plain,y,G21F_7876_V1__NODE_47_length_50439_cov_4.468455_2-cat_1_14,0.06,3,50,1532,False
258,plain,y,GCA_000160135_Protein1523,0.06,3,50,4728,False
259,plain,y,GCA_000145275_Protein3879,0.06,3,50,1456,False
260,plain,y,G01M_8399_V__NODE_5_length_97457_cov_5.822881-cat_1_111,0.06,3,50,509,False
261,plain,y,GCA_001403635_Protein1380,0.06,3,50,13447,False
262,plain,y,GCA_001029295_Protein608,0.06,3,50,9317,False
263,plain,y,BAH14_V__NODE_68_length_45738_cov_30.715441-cat_1_29,0.06,3,50,509,False
264,plain,y,G23J_7924V__NODE_9_length_84634_cov_11.363258-cat_1_7,0.06,3,50,2536,False
265,plain,y,GCA_000022065_Protein2436,0.06,3,50,8308,False
266,plain,y,BAH14_V__NODE_231_length_19304_cov_9.221765-cat_1_8,0.06,3,50,56,False
267,plain,y,GCA_900142525_Protein320,0.06,3,50,1924,False
268,plain,y,G21F_7878_V2__NODE_166_length_29212_cov_7.691615-cat_1_17,0.06,3,50,1138,False
269,plain,y,GCA_900142955_Protein1290,0.06,3,50,4820,False
270,plain,y,GCA_015140235_Protein1877,0.06,3,50,7945,False
271,plain,y,G18F_V14__NODE_47_length_7979_cov_2.159645-cat_2_11,0.06,3,50,12290,False
272,plain,y,GCA_000008765_Protein1328,0.06,3,50,2214,False
273,plain,y,AZS1_V__NODE_41_length_34718_cov_189.638204-cat_1_40,0.06,3,50,2536,False
274,plain,y,GCA_900240245_Protein1071,0.06,3,50,1350,False
275,plain,y,GCA_900094555_Protein6177,0.06,3,50,1085,False
276,plain,y,GCA_900155735_Protein587,0.06,3,50,2800,False
277,plain,y,G23J_8064V__NODE_38_length_78277_cov_50.620725-cat_1_63,0.06,3,50,454,False
278,plain,y,GCA_900120295_Protein2687,0.06,3,50,5584,False
279,plain,y,GCA_000154365_Protein682,0.06,3,50,1138,False
280,plain,y,GCA_000153905_Protein3139,0.06,3,50,850,False
281,plain,y,GCA_000154345_Protein1626,0.06,3,50,2026,False
282,plain,y,G23J_8064V__NODE_25_length_100781_cov_12.364862-cat_1_161,0.06,3,50,2848,False
283,plain,y,GCA_900541935_Protein1819,0.06,3,50,280,False
284,plain,y,AZV1_V__NODE_408_length_10672_cov_1.602573-cat_1_7,0.06,3,50,509,False
285,plain,y,G23J_8196V__NODE_88_length_17456_cov_156.009621-cat_2_30,0.06,3,50,112,False
286,plain,y,G23J_8060V__NODE_38_length_38787_cov_13.239738-cat_1_45,0.06,3,50,6990,False
287,plain,y,GCA_000164865_Protein1048,0.06,3,50,850,False
288,plain,y,AZT2_V__NODE_6_length_38296_cov_58.560882-cat_1_44,0.06,3,50,4612,False
289,plain,y,GCA_000154105_Protein3123,0.06,3,50,1191,False
290,plain,y,GCA_001038625_Protein3988,0.04,2,50,10678,False
291,plain,y,GCA_003226535_Protein66,0.04,2,50,2848,False
292,plain,y,G23J_7936V__NODE_50_length_33636_cov_4.085398-cat_1_26,0.04,2,50,1085,False
293,plain,y,G01M_8349_V__NODE_62_length_44397_cov_4.574383-cat_1_16,0.04,2,50,2314,False
294,plain,y,G01M_8197_V__NODE_5_length_42695_cov_761.088553-cat_1_5,0.04,2,50,2849,False
295,plain,y,G23J_7940V__NODE_37_length_44202_cov_2.345079-cat_1_49,0.04,2,50,2077,False
296,plain,y,GCA_002161555_Protein8,0.04,2,50,1138,False
297,plain,y,GCA_001185345_Protein2276,0.04,2,50,3088,False
298,plain,y,GCA_000759185_Protein1236,0.04,2,50,850,False
299,plain,y,GCA_002161285_Protein1410,0.04,2,50,958,False
300,plain,y,GCA_900169975_Protein663,0.04,2,50,1584,False
301,plain,y,G01M_8418_V__NODE_54_length_44934_cov_54.996409-cat_1_60,0.04,2,50,3519,False
302,plain,y,GCA_000381065_Protein1729,0.04,2,50,509,False
303,plain,y,GCA_900142515_Protein1375,0.04,2,50,619,False
304,plain,y,GCA_002160275_Protein1994,0.04,2,50,1532,False
305,plain,y,G21F_7876_V1__NODE_41_length_55684_cov_4.402087_1-cat_1_6,0.04,2,50,796,False
306,plain,y,GCA_000816675_Protein2447,0.04,2,50,14476,False
307,plain,y,GCA_000953215_Protein1288,0.04,2,50,8588,False
308,plain,y,GCA_000712055_Protein1031,0.04,2,50,5570,False
309,plain,y,G21F_7878_V2__NODE_121_length_35393_cov_9.334958-cat_1_32,0.04,2,50,796,False
310,plain,y,GCA_003043945_Protein1389,0.04,2,50,454,False
311,plain,y,GCA_002998295_Protein913,0.04,2,50,2214,False
312,plain,y,GCA_002998925_Protein1086,0.04,2,50,1138,False
313,plain,y,G23J_7940V__NODE_18_length_61518_cov_118.222260-cat_1_20,0.04,2,50,504,False
314,plain,y,G01M_8418_V__NODE_22_length_79175_cov_53.912578-cat_1_2,0.04,2,50,619,False
315,plain,y,GCA_900092635_Protein954,0.04,2,50,904,False
316,plain,y,BAC3_V__NODE_22_length_59681_cov_9.872898-cat_1_13,0.04,2,50,9800,False
317,plain,y,GCA_900087015_Protein1311,0.04,2,50,3532,False
318,plain,y,BAC3_V__NODE_348_length_7838_cov_18.554981-cat_1_12,0.04,2,50,2848,False
319,plain,y,GCA_900111235_Protein873,0.04,2,50,1350,False
320,plain,y,GCA_900184925_Protein552,0.04,2,50,9158,False
321,plain,y,GCA_900115795_Protein1947,0.04,2,50,1138,False
322,plain,y,GCA_000686725_Protein1524,0.04,2,50,1480,False
323,plain,y,AZK1_V__NODE_2_length_83193_cov_1236.129985-cat_1_44,0.04,2,50,2485,False
324,plain,y,G01M_8337_V__NODE_9_length_52760_cov_25.370331-cat_1_66,0.04,2,50,1480,False
325,plain,y,GCA_000686125_Protein1420,0.04,2,50,4369,False
326,plain,y,G23J_7940V__NODE_50_length_36025_cov_1.752074-cat_1_16,0.04,2,50,2992,False
327,plain,y,GCA_000498355_Protein2848,0.04,2,50,454,False
328,plain,y,G23J_7940V__NODE_49_length_36936_cov_20.640769-cat_1_45,0.04,2,50,1012,False
329,plain,y,GCA_000751675_Protein669,0.04,2,50,3088,False
330,plain,y,GCA_900129135_Protein937,0.04,2,50,850,False
331,plain,y,G01M_8418_V__NODE_84_length_37997_cov_3.911816-cat_1_10,0.04,2,50,5782,False
332,plain,y,GCA_002159555_Protein1066,0.04,2,50,168,False
333,plain,y,G23J_7940V__NODE_115_length_21745_cov_2.541024-cat_1_29,0.04,2,50,3280,False
334,plain,y,GCA_002161175_Protein1578,0.04,2,50,850,False
335,plain,y,GCA_900186585_Protein1134,0.04,2,50,1297,False
336,plain,y,G23J_7940V__NODE_11_length_90520_cov_3.158857_1-cat_1_22,0.04,2,50,2848,False
337,plain,y,GCA_900205965_Protein4985,0.04,2,50,564,False
338,plain,y,G21F_7878_V2__NODE_249_length_19851_cov_2.091434-cat_1_10,0.04,2,50,1615,False
339,plain,y,G21F_7878_V2__NODE_441_length_12122_cov_2.040423-cat_2_14,0.04,2,50,1873,False
340,plain,y,G21F_7878_V2__NODE_441_length_12122_cov_2.040423-cat_2_12,0.04,2,50,2506,False
341,plain,y,GCA_910578095_Protein1741,0.04,2,50,16520,False
342,plain,y,GCA_900184995_Protein780,0.04,2,50,3900,False
343,plain,y,GCA_003129525_Protein2764,0.04,2,50,9604,False
344,plain,y,AZJ1_V__NODE_74_length_36597_cov_3.136473-cat_1_37,0.04,2,50,1822,False
345,plain,y,MixSK5_V5__NODE_4_length_41105_cov_23.149222-cat_1_4,0.04,2,50,1085,False
346,plain,y,AWG0_V__NODE_38_length_76085_cov_51.413471-cat_1_69,0.04,2,50,5944,False
347,plain,y,G23J_7940V__NODE_10_length_101809_cov_182.011828-cat_1_29,0.04,2,50,454,False
348,plain,y,G01M_8399_V__NODE_8_length_81405_cov_4.392259-cat_1_10,0.04,2,50,4942,False
349,plain,y,GCA_910577885_Protein238,0.04,2,50,454,False
350,plain,y,GCA_001592105_Protein791,0.04,2,50,19264,False
351,plain,y,GCA_001938995_Protein3161,0.04,2,50,1191,False
352,plain,y,GCA_900240245_Protein2842,0.04,2,50,1636,False
353,plain,y,G21F_7947_V5__NODE_798_length_9472_cov_3.313133-cat_1_12,0.04,2,50,850,False
354,plain,y,GCA_900626145_Protein452,0.04,2,50,2849,False
355,plain,y,GCA_900626145_Protein2264,0.04,2,50,1169,False
356,plain,y,G23J7927V1__NODE_12_length_37542_cov_86.234463-cat_1_5,0.04,2,50,509,False
357,plain,y,G23J7927V1__NODE_59_length_6069_cov_1.913400-cat_1_5,0.04,2,50,564,False
358,plain,y,G23J7928V2__NODE_20_length_55759_cov_25.520661-cat_1_63,0.04,2,50,729,False
359,plain,y,G23J7928V2__NODE_43_length_22203_cov_2.547638-cat_1_28,0.04,2,50,1085,False
360,plain,y,GCA_001317355_Protein3025,0.04,2,50,1244,False
361,plain,y,G21F_7878_V2__NODE_34_length_61909_cov_234.327730-cat_1_60,0.04,2,50,1986,False
362,plain,y,G21F_7947_V5__NODE_73_length_77128_cov_22.511820-cat_1_18,0.04,2,50,1532,False
363,plain,y,GCA_900240845_Protein1244,0.04,2,50,399,False
364,plain,y,G21F_7878_V2__NODE_114_length_36210_cov_67.150757-cat_1_39,0.04,2,50,1138,False
365,plain,y,AZP1_V__NODE_113_length_38677_cov_13.633237-cat_1_47,0.04,2,50,1774,False
366,plain,y,GCA_900248245_Protein603,0.04,2,50,8512,False
367,plain,y,GCA_900766185_Protein2310,0.04,2,50,509,False
368,plain,y,G23J_7937V__NODE_127_length_29121_cov_2.304700-cat_1_27,0.04,2,50,1066,False
369,plain,y,G21F_7876_V1__NODE_98_length_37173_cov_3.687598-cat_1_57,0.04,2,50,796,False
370,plain,y,G01M_8349_V__NODE_118_length_21484_cov_3.708815-cat_1_30,0.04,2,50,1822,False
371,plain,y,AZE2_V__NODE_20_length_40691_cov_8.514289-cat_1_38,0.04,2,50,3472,False
372,plain,y,G01M_8349_V__NODE_67_length_41821_cov_4.593356-cat_1_23,0.04,2,50,1403,False
373,plain,y,G01M_8349_V__NODE_67_length_41821_cov_4.593356-cat_1_30,0.04,2,50,564,False
374,plain,y,G21F_7947_V5__NODE_249_length_36095_cov_5.099594-cat_1_23,0.04,2,50,1509,False
375,plain,y,G23J_7940V__NODE_122_length_21206_cov_2.164164-cat_1_22,0.04,2,50,504,False
376,plain,y,G23J_7940V__NODE_158_length_17758_cov_4.878815-cat_1_5,0.04,2,50,4964,False
377,plain,y,GCA_001652705_Protein1911,0.04,2,50,1873,False
378,plain,y,G01M_8337_V__NODE_291_length_8641_cov_9.048232-cat_2_18,0.04,2,50,3376,False
379,plain,y,GCA_000420345_Protein1172,0.04,2,50,9064,False
380,plain,y,BBN6_V__NODE_28_length_41550_cov_21.574148-cat_1_10,0.04,2,50,894,False
381,plain,y,G01M_8337_V__NODE_23_length_42219_cov_3.427089-cat_1_34,0.04,2,50,958,False
382,plain,y,GCA_000759795_Protein2852,0.04,2,50,2800,False
383,plain,y,G23J_7940V__NODE_6_length_120715_cov_3.403454_1-cat_1_30,0.04,2,50,2848,False
384,plain,y,G01M_8396_V__NODE_28_length_43481_cov_72.681227-cat_1_18,0.04,2,50,796,False
385,plain,y,G21F_7878_V2__NODE_170_length_28823_cov_33.443427-cat_1_17,0.04,2,50,1403,False
386,plain,y,G21F_7878_V2__NODE_111_length_36843_cov_3.086409-cat_1_5,0.04,2,50,904,False
387,plain,y,G01M_8340_V__NODE_19_length_48722_cov_49.428007_1-cat_1_2,0.04,2,50,509,False
388,plain,y,GCA_001282685_Protein692,0.04,2,50,5744,False
389,plain,y,G01M_8399_V__NODE_16_length_55930_cov_8.584962-cat_1_11,0.04,2,50,4902,False
390,plain,y,G21F_7947_V5__NODE_26_length_132882_cov_37.536017-cat_1_115,0.04,2,50,6230,False
391,plain,y,G21F_7878_V2__NODE_4_length_266336_cov_18.970177_1-cat_1_38,0.04,2,50,12268,False
392,plain,y,G21F_7947_V5__NODE_179_length_45628_cov_65.728415-cat_1_20,0.04,2,50,1924,False
393,plain,y,G01M_8399_V__NODE_16_length_55930_cov_8.584962-cat_1_41,0.04,2,50,2664,False
394,plain,y,G01M_8197_V__NODE_1_length_157203_cov_30.103034-cat_1_35,0.04,2,50,1584,False
395,plain,y,MixSK5_V5__NODE_7_length_37485_cov_18.307949-cat_1_9,0.04,2,50,56,False
396,plain,y,GCA_001486665_Protein2440,0.04,2,50,2514,False
397,plain,y,GCA_001243045_Protein1647,0.04,2,50,8248,False
398,plain,y,GCA_900626135_Protein2558,0.04,2,50,2077,False
399,plain,y,GCA_905200745_Protein702,0.04,2,50,1297,False
400,plain,y,G01M_8414_V__NODE_132_length_9572_cov_5.157606-cat_1_8,0.04,2,50,2714,False
401,plain,y,G21F_7881_V3__NODE_65_length_22622_cov_58.617191-cat_2_22,0.04,2,50,850,False
402,plain,y,G01M_8349_V__NODE_94_length_35334_cov_82.223102-cat_1_60,0.04,2,50,1403,False
403,plain,y,GCA_001717505_Protein166,0.04,2,50,1012,False
404,plain,y,GCA_000018685_Protein3305,0.04,2,50,2604,False
405,plain,y,BAH14_V__NODE_196_length_21792_cov_2.173558-cat_1_10,0.04,2,50,3519,False
406,plain,y,GCA_016902445_Protein2607,0.04,2,50,1350,False
407,plain,y,GCA_009911645_Protein1209,0.04,2,50,7259,False
408,plain,y,GCA_009911235_Protein580,0.04,2,50,4436,False
409,plain,y,GCA_009828835_Protein1069,0.04,2,50,3088,False
410,plain,y,GCA_009718435_Protein158,0.04,2,50,839,False
411,plain,y,GCA_009731425_Protein2235,0.04,2,50,850,False
412,plain,y,GCA_017303055_Protein2776,0.04,2,50,19264,False
413,plain,y,G18F_V18__NODE_9_length_46053_cov_3.692823-cat_1_42,0.04,2,50,2230,False
414,plain,y,G01M_8653_V__NODE_241_length_14598_cov_6.172012-cat_1_11,0.04,2,50,1403,False
415,plain,y,G18F_V9__NODE_254_length_8406_cov_21.130733-cat_2_8,0.04,2,50,6511,False
416,plain,y,G18F_V9__NODE_253_length_8445_cov_2.785047-cat_2_8,0.04,2,50,1244,False
417,plain,y,G18F_V20__NODE_10_length_20170_cov_3.469384-cat_1_6,0.04,2,50,1873,False
418,plain,y,GCA_000242335_Protein1615,0.04,2,50,56,False
419,plain,y,GCA_003472745_Protein660,0.04,2,50,1297,False
420,plain,y,GCA_000022065_Protein1557,0.04,2,50,1480,False
421,plain,y,GCA_005886215_Protein729,0.04,2,50,3578,False
422,plain,y,GCA_000022065_Protein1801,0.04,2,50,14462,False
423,plain,y,BAY6_V__NODE_35_length_98617_cov_7.384437_1-cat_1_21,0.04,2,50,1584,False
424,plain,y,GCA_014610835_Protein21,0.04,2,50,1948,False
425,plain,y,BBD0_V__NODE_72_length_56167_cov_40.729739-cat_1_49,0.04,2,50,1896,False
426,plain,y,GCA_004793465_Protein1070,0.04,2,50,112,False
427,plain,y,GCA_000209385_Protein1837,0.04,2,50,796,False
428,plain,y,GCA_014385105_Protein218,0.04,2,50,6784,False
429,plain,y,GCA_000210095_Protein1671,0.04,2,50,904,False
430,plain,y,GCA_014297375_Protein1303,0.04,2,50,619,False
431,plain,y,GCA_014306135_Protein2403,0.04,2,50,2164,False
432,plain,y,GCA_000020165_Protein1173,0.04,2,50,1085,False
433,plain,y,GCA_000146185_Protein924,0.04,2,50,1480,False
434,plain,y,GCA_012275205_Protein4418,0.04,2,50,2614,False
435,plain,y,GCA_000092245_Protein1796,0.04,2,50,18922,False
436,plain,y,G01M_8653_V__NODE_232_length_14949_cov_8.960202-cat_2_11,0.04,2,50,674,False
437,plain,y,GCA_014982785_Protein1478,0.04,2,50,1085,False
438,plain,y,BAJ6_V__NODE_2_length_47809_cov_3.977426-cat_1_65,0.04,2,50,742,False
439,plain,y,GCA_014873945_Protein6136,0.04,2,50,9124,False
440,plain,y,BAL2_V__NODE_210_length_9814_cov_2.332578-cat_1_11,0.04,2,50,6684,False
441,plain,y,GCA_000153925_Protein1534,0.04,2,50,2214,False
442,plain,y,GCA_013300155_Protein1599,0.04,2,50,674,False
443,plain,y,GCA_009935845_Protein2111,0.04,2,50,1004,False
444,plain,y,BAY1_V__NODE_18_length_47679_cov_8.975158-cat_1_77,0.04,2,50,2179,False
445,plain,y,BAS3_V__NODE_2_length_767523_cov_25.892443_1-cat_1_57,0.04,2,50,112,False
446,plain,y,GCA_000154505_Protein2005,0.04,2,50,6647,False
447,plain,y,GCA_000156055_Protein1725,0.04,2,50,9536,False
448,plain,y,GCA_014200045_Protein1725,0.04,2,50,19264,False
449,plain,y,G01M_8590_V__NODE_21_length_50882_cov_278.535730-cat_1_60,0.04,2,50,796,False
450,plain,y,GCA_000173795_Protein410,0.04,2,50,796,False
451,plain,y,GCA_000189595_Protein830,0.04,2,50,1085,False
452,plain,y,GCA_000016165_Protein3248,0.04,2,50,1532,False
453,plain,y,BAW0_V__NODE_48_length_8177_cov_2.786457-cat_2_7,0.04,2,50,6624,False
454,plain,y,G01M_8653_V__NODE_595_length_6039_cov_13.369360-cat_1_11,0.04,2,50,674,False
455,plain,y,GCA_000162415_Protein1799,0.04,2,50,564,False
456,plain,y,GCA_000158075_Protein1890,0.04,2,50,4260,False
457,plain,y,GCA_000160015_Protein343,0.04,2,50,3900,False
458,plain,y,GCA_000177015_Protein1425,0.04,2,50,796,False
459,plain,y,GCA_000159995_Protein1328,0.04,2,50,742,False
460,plain,y,GCA_000173815_Protein3057,0.04,2,50,904,False
461,plain,y,GCA_014269395_Protein2062,0.04,2,50,509,False
462,plain,y,G01M_8755_V__NODE_996_length_5921_cov_1.263483-cat_1_5,0.04,2,50,1297,False
463,plain,y,G03J_7875_V2__NODE_13_length_79479_cov_22.456790-cat_1_50,0.04,2,50,904,False
464,plain,y,G03J_7875_V2__NODE_43_length_39373_cov_66.268855-cat_1_6,0.04,2,50,509,False
465,plain,y,GCA_014287895_Protein1284,0.04,2,50,850,False
466,plain,y,GCA_000173815_Protein2486,0.04,2,50,4687,False
467,plain,y,GCA_000158375_Protein1864,0.04,2,50,4558,False
468,plain,y,GCA_000173795_Protein2150,0.04,2,50,1282,False
469,plain,y,GCA_000174195_Protein822,0.04,2,50,6573,False
470,plain,y,GCA_000364245_Protein3463,0.04,2,50,2587,False
471,plain,y,G21F_7876_V1__NODE_87_length_38697_cov_28.438572-cat_1_69,0.04,2,50,1792,False
472,plain,y,G01M_8519_V__NODE_196_length_14187_cov_1.478421-cat_1_7,0.04,2,50,1350,False
473,plain,y,GCA_000403395_Protein409,0.04,2,50,6647,False
474,plain,y,GCA_000411335_Protein2211,0.04,2,50,509,False
475,plain,y,GCA_000364245_Protein4885,0.04,2,50,3578,False
476,plain,y,GCA_018326305_Protein1054,0.04,2,50,1066,False
477,plain,y,GCA_000300195_Protein55,0.04,2,50,3900,False
478,plain,y,GCA_019977655_Protein4939,0.04,2,50,1873,False
479,plain,y,GCA_019856495_Protein244,0.04,2,50,674,False
480,plain,y,G23J_8067V__NODE_309_length_8249_cov_9.149693-cat_1_9,0.04,2,50,399,False
481,plain,y,G01M_8193_V__NODE_5_length_41948_cov_11.076991-cat_1_44,0.04,2,50,958,False
482,plain,y,BAD1_V__NODE_31_length_53707_cov_57.685924-cat_1_61,0.04,2,50,509,False
483,plain,y,GCA_018918345_Protein1405,0.04,2,50,1297,False
484,plain,y,GCA_019856495_Protein1974,0.04,2,50,18923,False
485,plain,y,GCA_005280655_Protein423,0.04,2,50,1403,False
486,plain,y,GCA_000426585_Protein348,0.04,2,50,509,False
487,plain,y,BBD6_V__NODE_322_length_8054_cov_12.866373-cat_2_15,0.04,2,50,619,False
488,plain,y,AZV1_V__NODE_58_length_40780_cov_5.098547-cat_1_46,0.04,2,50,1012,False
489,plain,y,AZP1_V__NODE_145_length_33288_cov_3.049052-cat_1_33,0.04,2,50,1509,False
490,plain,y,GCA_000688375_Protein2419,0.04,2,50,564,False
491,plain,y,AZV1_V__NODE_352_length_11792_cov_2.167451-cat_1_8,0.04,2,50,3660,False
492,plain,y,G01M_8519_V__NODE_45_length_56861_cov_2.301064-cat_1_30,0.04,2,50,454,False
493,plain,y,BBN3_V__NODE_8_length_65182_cov_76.678303-cat_1_61,0.04,2,50,399,False
494,plain,y,GCA_000008765_Protein941,0.04,2,50,1244,False
495,plain,y,GCA_000508905_Protein138,0.04,2,50,6684,False
496,plain,y,BBD1_V__NODE_54_length_100333_cov_11.204102_1-cat_1_21,0.04,2,50,56,False
497,plain,y,GCA_003463065_Protein2514,0.04,2,50,3520,False
498,plain,y,GCA_003391335_Protein394,0.04,2,50,19264,False
499,plain,y,GCA_003337415_Protein2237,0.04,2,50,3964,False
500,plain,y,GCA_900066765_Protein1753,0.04,2,50,1562,False
501,plain,y,GCA_019753795_Protein348,0.04,2,50,5044,False
502,plain,y,GCA_900103535_Protein2067,0.04,2,50,564,False
503,plain,y,GCA_016899775_Protein2627,0.04,2,50,3184,False
504,plain,y,G01M_8520_V__NODE_60_length_39369_cov_6.120015-cat_1_41,0.04,2,50,2026,False
505,plain,y,G01M_8520_V__NODE_7_length_91674_cov_42.595599-cat_1_40,0.04,2,50,1562,False
506,plain,y,G01M_8520_V__NODE_7_length_91674_cov_42.595599-cat_1_29,0.04,2,50,7609,False
507,plain,y,GCA_017726655_Protein156,0.04,2,50,10138,False
508,plain,y,GCA_017309015_Protein892,0.04,2,50,850,False
509,plain,y,G18F_V12__NODE_9_length_40326_cov_3.051234_1-cat_1_34,0.04,2,50,509,False
510,plain,y,GCA_000364245_Protein1641,0.04,2,50,796,False
511,plain,y,G23J_8195V__NODE_6_length_51235_cov_1609.891877-cat_1_40,0.04,2,50,3472,False
512,plain,y,G21F_7876_V1__NODE_265_length_16179_cov_3.995460-cat_1_1,0.04,2,50,1138,False
513,plain,y,GCA_000233455_Protein5081,0.04,2,50,1822,False
514,plain,y,G01M_8520_V__NODE_68_length_37614_cov_2.040384-cat_1_3,0.04,2,50,674,False
515,plain,y,G23J_8064V__NODE_204_length_21366_cov_5.331500-cat_1_19,0.04,2,50,2281,False
516,plain,y,GCA_004216775_Protein2794,0.04,2,50,1480,False
517,plain,y,GCA_014385085_Protein2491,0.04,2,50,9220,False
518,plain,y,GCA_005844425_Protein991,0.04,2,50,1012,False
519,plain,y,GCA_000235885_Protein1763,0.04,2,50,399,False
520,plain,y,GCA_003574295_Protein399,0.04,2,50,1191,False
521,plain,y,GCA_004341645_Protein2427,0.04,2,50,454,False
522,plain,y,GCA_003460605_Protein453,0.04,2,50,1297,False
523,plain,y,GCA_003460605_Protein4188,0.04,2,50,17218,False
524,plain,y,BAH14_V__NODE_40_length_67062_cov_50.289369-cat_1_37,0.04,2,50,560,False
525,plain,y,GCA_003609635_Protein739,0.04,2,50,17559,False
526,plain,y,BAH14_V__NODE_90_length_39316_cov_3.233776-cat_1_34,0.04,2,50,2364,False
527,plain,y,GCA_015999265_Protein2056,0.04,2,50,7384,False
528,plain,y,BAC7_V__NODE_12_length_29844_cov_206.690435-cat_1_18,0.04,2,50,564,False
529,plain,y,BAY9_V__NODE_45_length_40556_cov_228.919495-cat_1_10,0.04,2,50,2944,False
530,plain,y,BBD0_V__NODE_186_length_30766_cov_2.672025-cat_1_52,0.04,2,50,56,False
531,plain,y,BAC7_V__NODE_2_length_72017_cov_9.814066_1-cat_1_21,0.04,2,50,2092,False
532,plain,y,GCA_018326305_Protein23,0.04,2,50,1948,False
533,plain,y,G21F_7876_V1__NODE_220_length_18779_cov_1.939722-cat_1_5,0.04,2,50,1297,False
534,plain,y,GCA_004364155_Protein1536,0.04,2,50,2414,False
535,plain,y,GCA_016712745_Protein4428,0.04,2,50,904,False
536,plain,y,BBD2_V__NODE_191_length_17311_cov_523.307692-cat_2_32,0.04,2,50,904,False
537,plain,y,G21F_7947_V5__NODE_260_length_34435_cov_138.180073-cat_1_46,0.02,1,50,2260,False
538,plain,y,AWG0_V__NODE_47_length_59369_cov_29.646212-cat_1_94,0.02,1,50,850,False
539,plain,y,MixRN7_V4__NODE_15_length_52460_cov_3.970684_1-cat_1_28,0.02,1,50,1012,False
540,plain,y,GCA_902791625_Protein4,0.02,1,50,19264,False
541,plain,y,GCA_902167755_Protein241,0.02,1,50,56,False
542,plain,y,AZC3_V__NODE_3_length_58789_cov_98.971341-cat_1_58,0.02,1,50,509,False
543,plain,y,AZC5_V__NODE_27_length_92121_cov_333.995088-cat_1_72,0.02,1,50,56,False
544,plain,y,AZJ1_V__NODE_127_length_19273_cov_1.956556-cat_2_20,0.02,1,50,224,False
545,plain,y,AZC5_V__NODE_87_length_8603_cov_1.556562-cat_1_10,0.02,1,50,2214,False
546,plain,y,G21F_7878_V2__NODE_267_length_18656_cov_3.621976-cat_1_13,0.02,1,50,2944,False
547,plain,y,G21F_7878_V2__NODE_328_length_15685_cov_1.882972-cat_1_5,0.02,1,50,3900,False
548,plain,y,G21F_7878_V2__NODE_34_length_61909_cov_234.327730-cat_1_34,0.02,1,50,949,False
549,plain,y,G21F_7876_V1__NODE_98_length_37173_cov_3.687598-cat_1_8,0.02,1,50,1244,False
550,plain,y,G21F_7878_V2__NODE_413_length_12775_cov_2.924266-cat_2_13,0.02,1,50,1138,False
551,plain,y,G21F_7878_V2__NODE_114_length_36210_cov_67.150757-cat_1_46,0.02,1,50,1085,False
552,plain,y,G21F_7876_V1__NODE_95_length_37445_cov_3.884164-cat_1_24,0.02,1,50,796,False
553,plain,y,G21F_7947_V5__NODE_73_length_77128_cov_22.511820-cat_1_14,0.02,1,50,958,False
554,plain,y,G23J_7936V__NODE_50_length_33636_cov_4.085398-cat_1_9,0.02,1,50,4590,False
555,plain,y,G23J_7940V__NODE_108_length_22493_cov_1.811378-cat_2_19,0.02,1,50,796,False
556,plain,y,G23J_7940V__NODE_108_length_22493_cov_1.811378-cat_2_33,0.02,1,50,1771,False
557,plain,y,G21F_7947_V5__NODE_930_length_7652_cov_2.325566-cat_1_9,0.02,1,50,1873,False
558,plain,y,G21F_7947_V5__NODE_30_length_129354_cov_5.307470-cat_1_79,0.02,1,50,1191,False
559,plain,y,G21F_7947_V5__NODE_571_length_14453_cov_4.004668-cat_1_12,0.02,1,50,2842,False
560,plain,y,G21F_7878_V2__NODE_385_length_13738_cov_8.914510-cat_2_1,0.02,1,50,904,False
561,plain,y,G21F_7878_V2__NODE_266_length_18709_cov_2.264428-cat_1_18,0.02,1,50,1174,False
562,plain,y,GCA_900142955_Protein4444,0.02,1,50,12766,False
563,plain,y,GCA_900205965_Protein2032,0.02,1,50,850,False
564,plain,y,GCA_900155615_Protein544,0.02,1,50,399,False
565,plain,y,GCA_900142955_Protein3395,0.02,1,50,3520,False
566,plain,y,GCA_900167605_Protein2279,0.02,1,50,4773,False
567,plain,y,GCA_900155415_Protein2334,0.02,1,50,1191,False
568,plain,y,GCA_900155615_Protein1847,0.02,1,50,2506,False
569,plain,y,GCA_900155735_Protein2523,0.02,1,50,1792,False
570,plain,y,GCA_900197595_Protein1263,0.02,1,50,2114,False
571,plain,y,AZR1_V__NODE_96_length_8176_cov_2.649994-cat_1_5,0.02,1,50,1191,False
572,plain,y,AZS0_V__NODE_17_length_13023_cov_6.501780-cat_2_8,0.02,1,50,16186,False
573,plain,y,AZP1_V__NODE_527_length_6800_cov_1.292643-cat_2_8,0.02,1,50,6784,False
574,plain,y,AZS1_V__NODE_40_length_35884_cov_4.351963-cat_1_7,0.02,1,50,1297,False
575,plain,y,AZK1_V__NODE_10_length_42888_cov_12.748230-cat_1_39,0.02,1,50,796,False
576,plain,y,AZS1_V__NODE_40_length_35884_cov_4.351963-cat_1_51,0.02,1,50,7142,False
577,plain,y,AZJ1_V__NODE_43_length_53528_cov_8.591570_1-cat_1_31,0.02,1,50,1584,False
578,plain,y,G01M_8399_V__NODE_8_length_81405_cov_4.392259-cat_1_37,0.02,1,50,1336,False
579,plain,y,GCA_001559865_Protein1043,0.02,1,50,6762,False
580,plain,y,GCA_001282685_Protein756,0.02,1,50,2702,False
581,plain,y,GCA_001312405_Protein181,0.02,1,50,1191,False
582,plain,y,GCA_001312405_Protein1960,0.02,1,50,904,False
583,plain,y,GCA_001185345_Protein980,0.02,1,50,3578,False
584,plain,y,GCA_002161055_Protein671,0.02,1,50,5201,False
585,plain,y,GCA_002995785_Protein1353,0.02,1,50,3566,False
586,plain,y,GCA_001487105_Protein751,0.02,1,50,1480,False
587,plain,y,GCA_001693775_Protein899,0.02,1,50,9716,False
588,plain,y,GCA_001552295_Protein1002,0.02,1,50,1688,False
589,plain,y,GCA_001486665_Protein516,0.02,1,50,10192,False
590,plain,y,G01M_8399_V__NODE_8_length_81405_cov_4.392259-cat_1_29,0.02,1,50,2896,False
591,plain,y,G01M_8399_V__NODE_14_length_60154_cov_4.414570-cat_1_24,0.02,1,50,4304,False
592,plain,y,G01M_8399_V__NODE_23_length_47279_cov_15.308457-cat_1_30,0.02,1,50,1138,False
593,plain,y,G01M_8418_V__NODE_120_length_28790_cov_5.455578-cat_1_29,0.02,1,50,112,False
594,plain,y,GCA_002159175_Protein1795,0.02,1,50,4684,False
595,plain,y,GCA_002006355_Protein3561,0.02,1,50,3566,False
596,plain,y,GCA_002006355_Protein43,0.02,1,50,1244,False
597,plain,y,GCA_001678845_Protein2487,0.02,1,50,1191,False
598,plain,y,GCA_001688705_Protein3225,0.02,1,50,10450,False
599,plain,y,GCA_001641515_Protein2043,0.02,1,50,2214,False
600,plain,y,GCA_001678845_Protein251,0.02,1,50,2764,False
601,plain,y,GCA_001678845_Protein90,0.02,1,50,11398,False
602,plain,y,G01M_8349_V__NODE_90_length_36129_cov_113.410824-cat_1_9,0.02,1,50,9868,False
603,plain,y,G01M_8396_V__NODE_18_length_52253_cov_12.411512-cat_1_42,0.02,1,50,3709,False
604,plain,y,G01M_8393_V__NODE_1_length_57252_cov_20.297902-cat_1_50,0.02,1,50,2457,False
605,plain,y,G01M_8340_V__NODE_34_length_34969_cov_7.198623-cat_1_30,0.02,1,50,4774,False
606,plain,y,G01M_8337_V__NODE_9_length_52760_cov_25.370331-cat_1_7,0.02,1,50,1138,False
607,plain,y,GCA_001940165_Protein1688,0.02,1,50,1012,False
608,plain,y,GCA_001940165_Protein2805,0.02,1,50,1138,False
609,plain,y,GCA_002003305_Protein1876,0.02,1,50,1428,False
610,plain,y,G01M_8418_V__NODE_358_length_10222_cov_3.009780-cat_2_19,0.02,1,50,2564,False
611,plain,y,G01M_8396_V__NODE_220_length_9786_cov_60.462785-cat_2_3,0.02,1,50,850,False
612,plain,y,GCA_000961595_Protein3097,0.02,1,50,3237,False
613,plain,y,GCA_000816675_Protein966,0.02,1,50,1403,False
614,plain,y,GCA_000820705_Protein358,0.02,1,50,10372,False
615,plain,y,GCA_000820765_Protein1537,0.02,1,50,2506,False
616,plain,y,GCA_000711975_Protein440,0.02,1,50,454,False
617,plain,y,GCA_003434585_Protein1796,0.02,1,50,509,False
618,plain,y,GCA_001244495_Protein2704,0.02,1,50,6610,False
619,plain,y,GCA_000758905_Protein355,0.02,1,50,5160,False
620,plain,y,GCA_000758925_Protein746,0.02,1,50,399,False
621,plain,y,G01M_8418_V__NODE_156_length_21929_cov_8.899175-cat_1_12,0.02,1,50,796,False
622,plain,y,G01M_8418_V__NODE_156_length_21929_cov_8.899175-cat_1_17,0.02,1,50,796,False
623,plain,y,G01M_8418_V__NODE_183_length_19419_cov_3.303261-cat_2_22,0.02,1,50,3754,False
624,plain,y,G01M_8418_V__NODE_235_length_15123_cov_11.762580-cat_2_35,0.02,1,50,9839,False
625,plain,y,G01M_8418_V__NODE_343_length_10592_cov_2.710092-cat_2_2,0.02,1,50,850,False
626,plain,y,GCA_002250835_Protein3885,0.02,1,50,3232,False
627,plain,y,GCA_002159555_Protein1590,0.02,1,50,112,False
628,plain,y,GCA_002159225_Protein302,0.02,1,50,2332,False
629,plain,y,GCA_002159265_Protein440,0.02,1,50,454,False
630,plain,y,GCA_002159455_Protein766,0.02,1,50,1668,False
631,plain,y,GCA_001038625_Protein1428,0.02,1,50,6264,False
632,plain,y,GCA_001277255_Protein1250,0.02,1,50,454,False
633,plain,y,GCA_001243045_Protein1914,0.02,1,50,1740,False
634,plain,y,G01M_8349_V__NODE_3_length_448546_cov_20.820081_1-cat_1_51,0.02,1,50,2314,False
635,plain,y,G01M_8337_V__NODE_131_length_16136_cov_2.569870-cat_1_27,0.02,1,50,1228,False
636,plain,y,G01M_8197_V__NODE_1_length_157203_cov_30.103034-cat_1_34,0.02,1,50,1244,False
637,plain,y,GCA_002243385_Protein523,0.02,1,50,2414,False
638,plain,y,GCA_002161285_Protein2888,0.02,1,50,13090,False
639,plain,y,GCA_002251085_Protein2565,0.02,1,50,1191,False
640,plain,y,GCA_002222595_Protein1133,0.02,1,50,1584,False
641,plain,y,GCA_002250835_Protein1382,0.02,1,50,1428,False
642,plain,y,GCA_003472745_Protein2253,0.02,1,50,7060,False
643,plain,y,G01M_8190_V__NODE_6_length_40447_cov_13.759319-cat_1_33,0.02,1,50,1498,False
644,plain,y,BBN3_V__NODE_35_length_33212_cov_6.318304-cat_1_2,0.02,1,50,796,False
645,plain,y,BBN3_V__NODE_41_length_27026_cov_123.930924-cat_2_31,0.02,1,50,454,False
646,plain,y,G01M_8197_V__NODE_14_length_34630_cov_13.112131-cat_1_49,0.02,1,50,784,False
647,plain,y,BBD2_V__NODE_97_length_55273_cov_9.265379_1-cat_1_38,0.02,1,50,399,False
648,plain,y,BBD1_V__NODE_13_length_203335_cov_22.845790-cat_4_36,0.02,1,50,112,False
649,plain,y,GCA_003477705_Protein132,0.02,1,50,509,False
650,plain,y,GCA_000620945_Protein2122,0.02,1,50,796,False
651,plain,y,GCA_000621565_Protein567,0.02,1,50,2506,False
652,plain,y,GCA_000687955_Protein462,0.02,1,50,1688,False
653,plain,y,GCA_000686125_Protein914,0.02,1,50,1138,False
654,plain,y,GCA_000688375_Protein280,0.02,1,50,850,False
655,plain,y,GCA_000688375_Protein856,0.02,1,50,796,False
656,plain,y,GCA_000687695_Protein2315,0.02,1,50,9772,False
657,plain,y,GCA_003814745_Protein1641,0.02,1,50,10057,False
658,plain,y,GCA_002346185_Protein696,0.02,1,50,16536,False
659,plain,y,G01M_8418_V__NODE_7_length_183968_cov_15.396119-cat_1_220,0.02,1,50,1012,False
660,plain,y,G01M_8418_V__NODE_62_length_41498_cov_27.160656-cat_1_44,0.02,1,50,1532,False
661,plain,y,G01M_8418_V__NODE_645_length_6066_cov_1.755824-cat_2_2,0.02,1,50,2156,False
662,plain,y,G01M_8418_V__NODE_66_length_40805_cov_6.253452-cat_1_3,0.02,1,50,454,False
663,plain,y,G01M_8418_V__NODE_9_length_166248_cov_68.576627-cat_1_32,0.02,1,50,454,False
664,plain,y,GCA_000734965_Protein4620,0.02,1,50,454,False
665,plain,y,GCA_000622025_Protein342,0.02,1,50,8416,False
666,plain,y,GCA_002999035_Protein1140,0.02,1,50,1822,False
667,plain,y,GCA_002999035_Protein1695,0.02,1,50,796,False
668,plain,y,G01M_8337_V__NODE_220_length_10614_cov_1.863243-cat_1_13,0.02,1,50,1896,False
669,plain,y,BBN1_V__NODE_26_length_39027_cov_3.462829-cat_1_27,0.02,1,50,796,False
670,plain,y,GCA_003020045_Protein2151,0.02,1,50,564,False
671,plain,y,GCA_003129525_Protein1921,0.02,1,50,1873,False
672,plain,y,GCA_003287895_Protein2414,0.02,1,50,904,False
673,plain,y,GCA_003269275_Protein849,0.02,1,50,454,False
674,plain,y,GCA_000389635_Protein2628,0.02,1,50,2800,False
675,plain,y,GCA_004216775_Protein3015,0.02,1,50,1584,False
676,plain,y,GCA_003860135_Protein1129,0.02,1,50,6610,False
677,plain,y,GCA_003862435_Protein600,0.02,1,50,564,False
678,plain,y,BBF1_V__NODE_26_length_22239_cov_7.313866-cat_1_18,0.02,1,50,509,False
679,plain,y,BBD0_V__NODE_100_length_47739_cov_7.384320-cat_1_21,0.02,1,50,2751,False
680,plain,y,BBD0_V__NODE_265_length_24306_cov_7.750899-cat_1_3,0.02,1,50,1244,False
681,plain,y,BAY9_V__NODE_45_length_40556_cov_228.919495-cat_1_5,0.02,1,50,1532,False
682,plain,y,G01M_8519_V__NODE_57_length_45008_cov_5.596050-cat_1_19,0.02,1,50,796,False
683,plain,y,G01M_8418_V__NODE_520_length_7492_cov_2.920871-cat_1_5,0.02,1,50,112,False
684,plain,y,GCA_000508905_Protein6386,0.02,1,50,1085,False
685,plain,y,GCA_000550805_Protein1231,0.02,1,50,1873,False
686,plain,y,GCA_000585355_Protein1972,0.02,1,50,454,False
687,plain,y,GCA_000426585_Protein1759,0.02,1,50,6610,False
688,plain,y,GCA_000466645_Protein1035,0.02,1,50,3964,False
689,plain,y,GCA_000389635_Protein1425,0.02,1,50,1138,False
690,plain,y,GCA_000687975_Protein228,0.02,1,50,3854,False
691,plain,y,GCA_000688375_Protein1475,0.02,1,50,796,False
692,plain,y,GCA_000519045_Protein1591,0.02,1,50,15148,False
693,plain,y,GCA_000469385_Protein2269,0.02,1,50,11375,False
694,plain,y,G01M_8519_V__NODE_243_length_10683_cov_1.460979-cat_1_4,0.02,1,50,509,False
695,plain,y,G01M_8519_V__NODE_40_length_69192_cov_20.149914-cat_1_59,0.02,1,50,729,False
696,plain,y,G01M_8418_V__NODE_60_length_42055_cov_50.106111-cat_1_7,0.02,1,50,1456,False
697,plain,y,G01M_8519_V__NODE_52_length_48417_cov_3.630200-cat_1_54,0.02,1,50,1636,False
698,plain,y,GCA_003477885_Protein4262,0.02,1,50,3829,False
699,plain,y,GCA_003472745_Protein647,0.02,1,50,2077,False
700,plain,y,GCA_003478405_Protein672,0.02,1,50,8352,False
701,plain,y,GCA_003340345_Protein205,0.02,1,50,1191,False
702,plain,y,GCA_003434055_Protein2469,0.02,1,50,10003,False
703,plain,y,GCA_003434585_Protein1000,0.02,1,50,1584,False
704,plain,y,GCA_003363435_Protein398,0.02,1,50,2992,False
705,plain,y,GCA_003433985_Protein1089,0.02,1,50,1480,False
706,plain,y,GCA_006351925_Protein2173,0.02,1,50,7539,False
707,plain,y,GCA_008692955_Protein3338,0.02,1,50,619,False
708,plain,y,BBD0_V__NODE_54_length_62229_cov_21.705167-cat_1_11,0.02,1,50,2264,False
709,plain,y,BBD0_V__NODE_108_length_45756_cov_28.838360-cat_1_43,0.02,1,50,2764,False
710,plain,y,BBD0_V__NODE_110_length_45689_cov_5.912744-cat_1_21,0.02,1,50,2281,False
711,plain,y,BBD0_V__NODE_94_length_48656_cov_277.912742-cat_1_57,0.02,1,50,448,False
712,plain,y,BBD0_V__NODE_48_length_64985_cov_29.726813_1-cat_1_9,0.02,1,50,1403,False
713,plain,y,BAY4_V__NODE_31_length_86582_cov_3.019680-cat_5_20,0.02,1,50,5848,False
714,plain,y,GCA_000398925_Protein2943,0.02,1,50,2464,False
715,plain,y,GCA_000403355_Protein1925,0.02,1,50,56,False
716,plain,y,GCA_000320405_Protein1656,0.02,1,50,4568,False
717,plain,y,GCA_000403435_Protein873,0.02,1,50,3040,False
718,plain,y,GCA_000283575_Protein3294,0.02,1,50,796,False
719,plain,y,GCA_000297115_Protein2391,0.02,1,50,5026,False
720,plain,y,GCA_000300195_Protein2031,0.02,1,50,1138,False
721,plain,y,GCA_006351925_Protein2137,0.02,1,50,1138,False
722,plain,y,G01M_8520_V__NODE_100_length_32082_cov_2.973048-cat_1_52,0.02,1,50,1606,False
723,plain,y,G01M_8520_V__NODE_357_length_11788_cov_1.852083-cat_2_6,0.02,1,50,2026,False
724,plain,y,G01M_8520_V__NODE_175_length_20441_cov_4.361567-cat_1_23,0.02,1,50,2128,False
725,plain,y,G01M_8520_V__NODE_25_length_45503_cov_20.487666-cat_1_41,0.02,1,50,742,False
726,plain,y,G01M_8520_V__NODE_327_length_12612_cov_2.687525-cat_1_10,0.02,1,50,1636,False
727,plain,y,G01M_8520_V__NODE_34_length_43819_cov_20.551006-cat_1_47,0.02,1,50,1390,False
728,plain,y,GCA_000389635_Protein321,0.02,1,50,19264,False
729,plain,y,GCA_000393935_Protein2111,0.02,1,50,796,False
730,plain,y,GCA_004101825_Protein3086,0.02,1,50,564,False
731,plain,y,GCA_004216775_Protein1242,0.02,1,50,454,False
732,plain,y,GCA_004364155_Protein57,0.02,1,50,17549,False
733,plain,y,GCA_003574295_Protein2189,0.02,1,50,1975,False
734,plain,y,GCA_004352835_Protein1840,0.02,1,50,1191,False
735,plain,y,GCA_003725335_Protein910,0.02,1,50,904,False
736,plain,y,GCA_003666485_Protein1811,0.02,1,50,904,False
737,plain,y,G01M_8520_V__NODE_100_length_32082_cov_2.973048-cat_1_37,0.02,1,50,1138,False
738,plain,y,BAY6_V__NODE_56_length_49382_cov_3.457570-cat_1_47,0.02,1,50,8110,False
739,plain,y,BAX2_V__NODE_18_length_44060_cov_5.366893_1-cat_1_3,0.02,1,50,6464,False
740,plain,y,GCA_009936055_Protein2110,0.02,1,50,904,False
741,plain,y,GCA_009935845_Protein1088,0.02,1,50,1244,False
742,plain,y,GCA_009935845_Protein1966,0.02,1,50,2849,False
743,plain,y,GCA_010669305_Protein530,0.02,1,50,1480,False
744,plain,y,GCA_009935845_Protein2760,0.02,1,50,392,False
745,plain,y,GCA_009731425_Protein388,0.02,1,50,1975,False
746,plain,y,G01M_8519_V__NODE_98_length_35097_cov_3.272673-cat_1_5,0.02,1,50,1480,False
747,plain,y,G01M_8519_V__NODE_70_length_40912_cov_3.407027-cat_1_61,0.02,1,50,904,False
748,plain,y,GCA_000234115_Protein315,0.02,1,50,454,False
749,plain,y,GCA_000235445_Protein464,0.02,1,50,3829,False
750,plain,y,GCA_000238055_Protein2087,0.02,1,50,1822,False
751,plain,y,GCA_000238055_Protein456,0.02,1,50,8180,False
752,plain,y,GCA_009931695_Protein1235,0.02,1,50,1532,False
753,plain,y,BAY9_V__NODE_38_length_61312_cov_27.006649-cat_1_11,0.02,1,50,399,False
754,plain,y,GCA_000233455_Protein5612,0.02,1,50,1085,False
755,plain,y,GCA_000233455_Protein1558,0.02,1,50,7364,False
756,plain,y,G01M_8520_V__NODE_69_length_37520_cov_10.718768-cat_1_32,0.02,1,50,958,False
757,plain,y,G01M_8520_V__NODE_51_length_40582_cov_7.175382-cat_1_34,0.02,1,50,1244,False
758,plain,y,G01M_8520_V__NODE_51_length_40582_cov_7.175382-cat_1_35,0.02,1,50,9437,False
759,plain,y,G01M_8520_V__NODE_57_length_39872_cov_4.203329-cat_1_24,0.02,1,50,3801,False
760,plain,y,G01M_8520_V__NODE_60_length_39369_cov_6.120015-cat_1_26,0.02,1,50,1688,False
761,plain,y,G01M_8520_V__NODE_63_length_39023_cov_213.523045-cat_1_45,0.02,1,50,904,False
762,plain,y,GCA_008807835_Protein2191,0.02,1,50,6721,False
763,plain,y,GCA_009695765_Protein1879,0.02,1,50,850,False
764,plain,y,GCA_004557645_Protein1181,0.02,1,50,5134,False
765,plain,y,GCA_004557645_Protein1507,0.02,1,50,3707,False
766,plain,y,GCA_004554775_Protein1031,0.02,1,50,850,False
767,plain,y,GCA_004570975_Protein1407,0.02,1,50,1297,False
768,plain,y,GCA_003865095_Protein2223,0.02,1,50,2751,False
769,plain,y,GCA_000233455_Protein5394,0.02,1,50,1822,False
770,plain,y,GCA_000189595_Protein1784,0.02,1,50,1509,False
771,plain,y,GCA_011082265_Protein464,0.02,1,50,1138,False
772,plain,y,GCA_014269355_Protein1744,0.02,1,50,2364,False
773,plain,y,GCA_014269355_Protein2211,0.02,1,50,1191,False
774,plain,y,GCA_010669305_Protein96,0.02,1,50,796,False
775,plain,y,GCA_011039195_Protein1465,0.02,1,50,454,False
776,plain,y,BAX3_V__NODE_6_length_39063_cov_6.585720-cat_1_37,0.02,1,50,509,False
777,plain,y,BAY1_V__NODE_55_length_20068_cov_4.255997-cat_1_30,0.02,1,50,850,False
778,plain,y,GCA_000205165_Protein544,0.02,1,50,850,False
779,plain,y,GCA_000215105_Protein1998,0.02,1,50,17206,False
780,plain,y,GCA_000178835_Protein715,0.02,1,50,850,False
781,plain,y,GCA_000210655_Protein3533,0.02,1,50,839,False
782,plain,y,GCA_000185385_Protein550,0.02,1,50,2077,False
783,plain,y,GCA_000189595_Protein2675,0.02,1,50,16536,False
784,plain,y,GCA_000190535_Protein1003,0.02,1,50,850,False
785,plain,y,GCA_000186945_Protein1430,0.02,1,50,13808,False
786,plain,y,GCA_000242335_Protein602,0.02,1,50,454,False
787,plain,y,GCA_000209385_Protein32,0.02,1,50,1532,False
788,plain,y,G01M_8533_V__NODE_6_length_37188_cov_2.721103-cat_1_8,0.02,1,50,1636,False
789,plain,y,G01M_8653_V__NODE_142_length_22934_cov_65.687278-cat_1_3,0.02,1,50,1975,False
790,plain,y,G01M_8653_V__NODE_392_length_8672_cov_2.232474-cat_2_6,0.02,1,50,2000,False
791,plain,y,G01M_8520_V__NODE_57_length_39872_cov_4.203329-cat_1_55,0.02,1,50,904,False
792,plain,y,G01M_8520_V__NODE_414_length_10467_cov_3.288773-cat_2_16,0.02,1,50,4900,False
793,plain,y,GCA_000210095_Protein572,0.02,1,50,1191,False
794,plain,y,GCA_009696445_Protein48,0.02,1,50,904,False
795,plain,y,GCA_009707925_Protein2187,0.02,1,50,9404,False
796,plain,y,GCA_009765695_Protein2598,0.02,1,50,904,False
797,plain,y,GCA_009828745_Protein1769,0.02,1,50,564,False
798,plain,y,GCA_009828835_Protein1642,0.02,1,50,2485,False
799,plain,y,GCA_009876955_Protein1100,0.02,1,50,7259,False
800,plain,y,GCA_008807835_Protein103,0.02,1,50,4858,False
801,plain,y,GCA_000239295_Protein1906,0.02,1,50,1191,False
802,plain,y,GCA_000158655_Protein1742,0.02,1,50,2992,False
803,plain,y,GCA_014384885_Protein1174,0.02,1,50,1584,False
804,plain,y,GCA_014384785_Protein1084,0.02,1,50,5242,False
805,plain,y,GCA_014384795_Protein1040,0.02,1,50,1924,False
806,plain,y,GCA_014287995_Protein1585,0.02,1,50,454,False
807,plain,y,GCA_014269395_Protein30,0.02,1,50,509,False
808,plain,y,GCA_014269395_Protein94,0.02,1,50,904,False
809,plain,y,BAW1_V__NODE_134_length_11273_cov_1.706640-cat_2_12,0.02,1,50,1668,False
810,plain,y,G01M_8870_V__NODE_4_length_36728_cov_5.489912-cat_1_4,0.02,1,50,5316,False
811,plain,y,G01M_8661_V__NODE_91_length_48340_cov_2.439792_1-cat_1_6,0.02,1,50,1873,False
812,plain,y,G01M_8520_V__NODE_87_length_34826_cov_3.074812-cat_1_17,0.02,1,50,2702,False
813,plain,y,GCA_000174895_Protein3789,0.02,1,50,1066,False
814,plain,y,GCA_000174895_Protein778,0.02,1,50,1532,False
815,plain,y,GCA_000173815_Protein1351,0.02,1,50,1636,False
816,plain,y,GCA_000177075_Protein1299,0.02,1,50,796,False
817,plain,y,GCA_000173975_Protein650,0.02,1,50,1138,False
818,plain,y,BAS3_V__NODE_114_length_36538_cov_25.072752-cat_1_12,0.02,1,50,1191,False
819,plain,y,GCA_011400295_Protein1266,0.02,1,50,5887,False
820,plain,y,GCA_011754305_Protein928,0.02,1,50,509,False
821,plain,y,GCA_009931695_Protein1806,0.02,1,50,2214,False
822,plain,y,GCA_009935845_Protein217,0.02,1,50,2751,False
823,plain,y,GCA_009931695_Protein1,0.02,1,50,3190,False
824,plain,y,GCA_000189595_Protein2000,0.02,1,50,2464,False
825,plain,y,GCA_000173795_Protein1402,0.02,1,50,13840,False
826,plain,y,BAY1_V__NODE_9_length_78493_cov_3.343674_1-cat_1_29,0.02,1,50,1636,False
827,plain,y,BAY4_V__NODE_113_length_23433_cov_3.194223-cat_1_24,0.02,1,50,1480,False
828,plain,y,BAY1_V__NODE_113_length_10750_cov_1.542390-cat_2_18,0.02,1,50,1228,False
829,plain,y,BAY1_V__NODE_129_length_9697_cov_1.871848-cat_1_6,0.02,1,50,1688,False
830,plain,y,BAY1_V__NODE_13_length_62441_cov_71.689118-cat_1_39,0.02,1,50,796,False
831,plain,y,BAY1_V__NODE_13_length_62441_cov_71.689118-cat_1_67,0.02,1,50,2416,False
832,plain,y,BAS3_V__NODE_132_length_30565_cov_3.417810-cat_1_15,0.02,1,50,1350,False
833,plain,y,BAS3_V__NODE_72_length_71455_cov_12.433951-cat_1_121,0.02,1,50,1191,False
834,plain,y,GCA_000156035_Protein2438,0.02,1,50,12103,False
835,plain,y,GCA_000157995_Protein181,0.02,1,50,5775,False
836,plain,y,GCA_000153905_Protein511,0.02,1,50,1792,False
837,plain,y,GCA_000153905_Protein590,0.02,1,50,8308,False
838,plain,y,GCA_000157975_Protein1658,0.02,1,50,1244,False
839,plain,y,GCA_000154365_Protein5562,0.02,1,50,850,False
840,plain,y,GCA_000154365_Protein928,0.02,1,50,1138,False
841,plain,y,BAL6_V__NODE_11_length_42267_cov_23.136976-cat_1_33,0.02,1,50,564,False
842,plain,y,G03J_7869_V4__NODE_65_length_39930_cov_3.801662-cat_1_4,0.02,1,50,1532,False
843,plain,y,G03J_7875_V2__NODE_124_length_20458_cov_5.047399-cat_1_17,0.02,1,50,2848,False
844,plain,y,G18F_V12__NODE_2_length_71688_cov_55.521058-cat_1_6,0.02,1,50,3854,False
845,plain,y,G01M_8661_V__NODE_91_length_48340_cov_2.439792_1-cat_1_26,0.02,1,50,1138,False
846,plain,y,G01M_8653_V__NODE_52_length_61497_cov_259.536272-cat_1_91,0.02,1,50,1924,False
847,plain,y,G01M_8653_V__NODE_56_length_56054_cov_221.615888-cat_1_26,0.02,1,50,904,False
848,plain,y,GCA_000169235_Protein2608,0.02,1,50,796,False
849,plain,y,GCA_000165735_Protein415,0.02,1,50,112,False
850,plain,y,GCA_014297285_Protein1340,0.02,1,50,2314,False
851,plain,y,GCA_014297285_Protein840,0.02,1,50,11828,False
852,plain,y,GCA_013394775_Protein1827,0.02,1,50,2230,False
853,plain,y,GCA_014076555_Protein1396,0.02,1,50,1873,False
854,plain,y,GCA_013302155_Protein911,0.02,1,50,1138,False
855,plain,y,GCA_014269395_Protein1078,0.02,1,50,6192,False
856,plain,y,GCA_000158375_Protein3242,0.02,1,50,18588,False
857,plain,y,G03J_7944_V3__NODE_15_length_39027_cov_117.937449-cat_1_18,0.02,1,50,729,False
858,plain,y,BAS3_V__NODE_2_length_767523_cov_25.892443_1-cat_1_1,0.02,1,50,7636,False
859,plain,y,BAS3_V__NODE_2_length_767523_cov_25.892443_1-cat_1_29,0.02,1,50,1012,False
860,plain,y,BAW1_V__NODE_49_length_40712_cov_59.555980-cat_1_34,0.02,1,50,1896,False
861,plain,y,BAH1_V__NODE_387_length_11255_cov_4.381140-cat_2_3,0.02,1,50,6004,False
862,plain,y,BAW1_V__NODE_43_length_44484_cov_5.601397-cat_1_17,0.02,1,50,1389,False
863,plain,y,BAJ6_V__NODE_2_length_47809_cov_3.977426-cat_1_10,0.02,1,50,1350,False
864,plain,y,BAH1_V__NODE_134_length_37461_cov_3.128687-cat_1_16,0.02,1,50,3616,False
865,plain,y,BAH1_V__NODE_153_length_31575_cov_11.315923-cat_1_22,0.02,1,50,7874,False
866,plain,y,GCA_000016505_Protein2782,0.02,1,50,850,False
867,plain,y,GCA_000019045_Protein830,0.02,1,50,16520,False
868,plain,y,G23J_8196V__NODE_39_length_38856_cov_14.190701-cat_1_50,0.02,1,50,850,False
869,plain,y,BAH14_V__NODE_59_length_49357_cov_4.219355-cat_1_24,0.02,1,50,958,False
870,plain,y,BAH14_V__NODE_619_length_8137_cov_1.507340-cat_2_3,0.02,1,50,839,False
871,plain,y,BAH14_V__NODE_43_length_61051_cov_548.192906-cat_1_41,0.02,1,50,12111,False
872,plain,y,BAH14_V__NODE_54_length_51473_cov_8.221085_1-cat_1_1,0.02,1,50,112,False
873,plain,y,BAC7_V__NODE_16_length_23150_cov_24.597935-cat_1_9,0.02,1,50,1244,False
874,plain,y,G18F_V20__NODE_16_length_6567_cov_1.605288-cat_1_8,0.02,1,50,1138,False
875,plain,y,G18F_V20__NODE_1_length_82859_cov_26.478468_1-cat_1_19,0.02,1,50,1584,False
876,plain,y,G18F_V20__NODE_1_length_82859_cov_26.478468_1-cat_1_72,0.02,1,50,1350,False
877,plain,y,G03J_7872_V1__NODE_23_length_32999_cov_8.017356-cat_1_19,0.02,1,50,7332,False
878,plain,y,GCA_000146185_Protein464,0.02,1,50,1636,False
879,plain,y,GCA_000014465_Protein1913,0.02,1,50,399,False
880,plain,y,GCA_000145275_Protein653,0.02,1,50,1822,False
881,plain,y,GCA_000146185_Protein1179,0.02,1,50,4414,False
882,plain,y,GCA_014385085_Protein1902,0.02,1,50,2264,False
883,plain,y,GCA_014323405_Protein1515,0.02,1,50,1480,False
884,plain,y,GCA_014384785_Protein262,0.02,1,50,2332,False
885,plain,y,GCA_000154105_Protein3408,0.02,1,50,454,False
886,plain,y,GCA_000154345_Protein2382,0.02,1,50,10689,False
887,plain,y,GCA_000154465_Protein1687,0.02,1,50,850,False
888,plain,y,GCA_000027085_Protein3095,0.02,1,50,1012,False
889,plain,y,G18F_V20__NODE_12_length_13276_cov_10.038931-cat_2_18,0.02,1,50,796,False
890,plain,y,BAJ2_V__NODE_22_length_32445_cov_3.124961-cat_1_34,0.02,1,50,4436,False
891,plain,y,BAM1_V__NODE_47_length_57814_cov_107.249294-cat_1_40,0.02,1,50,850,False
892,plain,y,GCA_015159595_Protein1670,0.02,1,50,1191,False
893,plain,y,GCA_014799785_Protein521,0.02,1,50,7636,False
894,plain,y,GCA_015667565_Protein1273,0.02,1,50,6394,False
895,plain,y,GCA_015550185_Protein2611,0.02,1,50,399,False
896,plain,y,GCA_014385005_Protein1533,0.02,1,50,3241,False
897,plain,y,GCA_014385025_Protein2040,0.02,1,50,2000,False
898,plain,y,BAD1_V__NODE_150_length_14414_cov_1.923786-cat_2_23,0.02,1,50,280,False
899,plain,y,BAD2_V__NODE_28_length_20787_cov_5.033208-cat_1_1,0.02,1,50,1584,False
900,plain,y,BAC3_V__NODE_157_length_12295_cov_3.783208-cat_2_11,0.02,1,50,509,False
901,plain,y,AZV1_V__NODE_811_length_6614_cov_2.031466-cat_1_7,0.02,1,50,1636,False
902,plain,y,GCA_019977655_Protein2321,0.02,1,50,2848,False
903,plain,y,GCA_019042275_Protein182,0.02,1,50,796,False
904,plain,y,GCA_900059565_Protein1044,0.02,1,50,742,False
905,plain,y,GCA_900048895_Protein2052,0.02,1,50,1138,False
906,plain,y,G23J_8064V__NODE_105_length_42054_cov_70.618043-cat_1_44,0.02,1,50,454,False
907,plain,y,G23J_8067V__NODE_292_length_8717_cov_1.940357-cat_2_14,0.02,1,50,4832,False
908,plain,y,GCA_900100595_Protein1061,0.02,1,50,14987,False
909,plain,y,GCA_900100595_Protein1399,0.02,1,50,3376,False
910,plain,y,GCA_900100595_Protein144,0.02,1,50,11784,False
911,plain,y,GCA_019753795_Protein1549,0.02,1,50,1532,False
912,plain,y,GCA_018918345_Protein1280,0.02,1,50,1138,False
913,plain,y,GCA_018918345_Protein457,0.02,1,50,4644,False
914,plain,y,G21F_7876_V1__NODE_122_length_33169_cov_3.959843-cat_1_43,0.02,1,50,2230,False
915,plain,y,G21F_7876_V1__NODE_164_length_26044_cov_4.311120-cat_1_21,0.02,1,50,1873,False
916,plain,y,G21F_7876_V1__NODE_376_length_11953_cov_2.849502-cat_1_10,0.02,1,50,796,False
917,plain,y,G21F_7876_V1__NODE_36_length_60299_cov_10.722674_1-cat_1_28,0.02,1,50,1244,False
918,plain,y,G18F_V18__NODE_2_length_75723_cov_3.764453-cat_1_55,0.02,1,50,8571,False
919,plain,y,G23J_8196V__NODE_28_length_56403_cov_990.113065-cat_1_84,0.02,1,50,1986,False
920,plain,y,GCA_000008765_Protein738,0.02,1,50,2702,False
921,plain,y,G23J_8066V__NODE_1_length_101729_cov_1118.970953-cat_1_44,0.02,1,50,336,False
922,plain,y,GCA_017307665_Protein1709,0.02,1,50,454,False
923,plain,y,GCA_017307665_Protein650,0.02,1,50,509,False
924,plain,y,GCA_017874415_Protein994,0.02,1,50,11536,False
925,plain,y,GCA_016812035_Protein1252,0.02,1,50,1085,False
926,plain,y,GCA_016899775_Protein2145,0.02,1,50,5544,False
927,plain,y,GCA_016767075_Protein222,0.02,1,50,17896,False
928,plain,y,GCA_014799785_Protein1831,0.02,1,50,11718,False
929,plain,y,GCA_016899775_Protein486,0.02,1,50,8662,False
930,plain,y,BAC3_V__NODE_10_length_139844_cov_19.017697-cat_1_125,0.02,1,50,850,False
931,plain,y,BAC3_V__NODE_25_length_52435_cov_5.442506-cat_1_1,0.02,1,50,10814,False
932,plain,y,BAC3_V__NODE_44_length_39946_cov_4.374282-cat_1_6,0.02,1,50,1688,False
933,plain,y,AZV1_V__NODE_1048_length_5548_cov_1.158011-cat_2_13,0.02,1,50,1403,False
934,plain,y,AZS1_V__NODE_74_length_18410_cov_2.778166-cat_1_6,0.02,1,50,904,False
935,plain,y,AZS2_V__NODE_17_length_52364_cov_16.771090_1-cat_1_6,0.02,1,50,2114,False
936,plain,y,GCA_900128455_Protein2539,0.02,1,50,509,False
937,plain,y,GCA_900128455_Protein2965,0.02,1,50,509,False
938,plain,y,G23J_8062V__NODE_24_length_37192_cov_129.567519-cat_1_13,0.02,1,50,1191,False
939,plain,y,G23J_7940V__NODE_15_length_71475_cov_7.350636-cat_1_22,0.02,1,50,504,False
940,plain,y,G23J_8062V__NODE_12_length_44647_cov_5.785894-cat_1_58,0.02,1,50,6082,False
941,plain,y,GCA_900142525_Protein1201,0.02,1,50,3472,False
942,plain,y,GCA_900115945_Protein3207,0.02,1,50,2751,False
943,plain,y,GCA_900115945_Protein4148,0.02,1,50,5784,False
944,plain,y,GCA_900107575_Protein1432,0.02,1,50,12061,False
945,plain,y,AZX4_V__NODE_15_length_38646_cov_2.787843-cat_1_34,0.02,1,50,904,False
946,plain,y,G21F_7876_V1__NODE_48_length_50317_cov_3.671014-cat_1_10,0.02,1,50,454,False
947,plain,y,G21F_7876_V1__NODE_87_length_38697_cov_28.438572-cat_1_38,0.02,1,50,1350,False
948,plain,y,G21F_7876_V1__NODE_69_length_42575_cov_5.799298-cat_1_26,0.02,1,50,1174,False
949,plain,y,G21F_7876_V1__NODE_104_length_36336_cov_3.906118-cat_1_24,0.02,1,50,2104,False
950,plain,y,G21F_7876_V1__NODE_105_length_36319_cov_2.957178-cat_1_30,0.02,1,50,6021,False
951,plain,y,G23J_8060V__NODE_37_length_38921_cov_3.850497-cat_1_15,0.02,1,50,509,False
952,plain,y,G23J_8060V__NODE_37_length_38921_cov_3.850497-cat_1_42,0.02,1,50,168,False
953,plain,y,G23J_8060V__NODE_18_length_53879_cov_75.988713_1-cat_1_9,0.02,1,50,9468,False
954,plain,y,GCA_018265985_Protein965,0.02,1,50,2077,False
955,plain,y,G23J_8067V__NODE_45_length_29958_cov_44.265950-cat_1_35,0.02,1,50,1066,False
956,plain,y,G23J_8067V__NODE_66_length_22935_cov_10.468821-cat_1_30,0.02,1,50,5160,False
957,plain,y,G23J_8066V__NODE_4_length_57320_cov_1861.665315-cat_1_23,0.02,1,50,112,False
958,plain,y,G23J_8066V__NODE_6_length_43859_cov_17.534324-cat_1_24,0.02,1,50,2077,False
959,plain,y,G23J_8067V__NODE_43_length_30411_cov_7.507654-cat_1_32,0.02,1,50,3376,False
960,plain,y,G23J_8060V__NODE_24_length_45175_cov_61.222203-cat_1_46,0.02,1,50,399,False
961,plain,y,G21F_7876_V1__NODE_464_length_9993_cov_1.645442-cat_1_16,0.02,1,50,1228,False
962,plain,y,G21F_7878_V2__NODE_121_length_35393_cov_9.334958-cat_1_25,0.02,1,50,1138,False
963,plain,y,G23J_7940V__NODE_54_length_35688_cov_2.686336-cat_1_12,0.02,1,50,454,False
964,plain,y,G23J_7940V__NODE_76_length_29837_cov_3.096678-cat_1_9,0.02,1,50,850,False
965,plain,y,G23J_7940V__NODE_54_length_35688_cov_2.686336-cat_1_8,0.02,1,50,850,False
966,plain,y,G23J_7940V__NODE_60_length_34606_cov_3.700293-cat_1_57,0.02,1,50,796,False
967,plain,y,G23J_7940V__NODE_64_length_33626_cov_3.151609-cat_1_32,0.02,1,50,674,False
968,plain,y,G23J_7936V__NODE_34_length_41498_cov_16.345202-cat_1_50,0.02,1,50,6610,False
969,plain,y,GCA_900292045_Protein4063,0.02,1,50,619,False
970,plain,y,AZP1_V__NODE_150_length_31613_cov_75.487656-cat_1_19,0.02,1,50,2506,False
971,plain,y,GCA_900142225_Protein325,0.02,1,50,3328,False
972,plain,y,GCA_900141895_Protein547,0.02,1,50,3568,False
973,plain,y,GCA_900109655_Protein2315,0.02,1,50,1827,False
974,plain,y,G23J_8062V__NODE_17_length_41882_cov_3.759902-cat_1_3,0.02,1,50,4234,False
975,plain,y,G23J_8062V__NODE_21_length_38400_cov_2.628939-cat_1_33,0.02,1,50,454,False
976,plain,y,G21F_7878_V2__NODE_118_length_35820_cov_5.904118-cat_1_1,0.02,1,50,904,False
977,plain,y,G21F_7878_V2__NODE_121_length_35393_cov_9.334958-cat_1_23,0.02,1,50,1138,False
978,plain,y,GCA_900169975_Protein2561,0.02,1,50,2464,False
979,plain,y,GCA_900169975_Protein7,0.02,1,50,1822,False
980,plain,y,GCA_900141845_Protein1540,0.02,1,50,18922,False
981,plain,y,AZT2_V__NODE_18_length_19077_cov_4.706818-cat_1_6,0.02,1,50,1876,False
982,plain,y,AZT2_V__NODE_1_length_168533_cov_12.174739-cat_1_161,0.02,1,50,958,False
983,plain,y,AZP1_V__NODE_388_length_10499_cov_1.212788-cat_2_13,0.02,1,50,850,False
984,plain,y,AZP2_V__NODE_18_length_91187_cov_7.214210_1-cat_1_43,0.02,1,50,2914,False
985,plain,y,AZP1_V__NODE_127_length_36356_cov_7.305348-cat_1_58,0.02,1,50,3707,False
986,plain,y,GCA_900120165_Protein89,0.02,1,50,18925,False
987,plain,y,GCA_900086725_Protein3268,0.02,1,50,454,False
988,plain,y,GCA_900066765_Protein2180,0.02,1,50,958,False
989,plain,y,GCA_900103235_Protein3632,0.02,1,50,8974,False
990,plain,y,GCA_900086725_Protein3606,0.02,1,50,1297,False
991,plain,y,GCA_900087015_Protein1399,0.02,1,50,2506,False
992,plain,y,GCA_900087015_Protein1515,0.02,1,50,1138,False
993,plain,y,GCA_900155735_Protein986,0.02,1,50,4406,False
994,plain,y,G21F_7881_V3__NODE_2_length_127130_cov_23.737088-cat_1_114,0.02,1,50,1390,False
995,plain,y,G21F_7878_V2__NODE_193_length_24102_cov_2.981002-cat_1_17,0.02,1,50,1244,False
996,plain,y,G21F_7947_V5__NODE_218_length_39920_cov_15.202280-cat_1_50,0.02,1,50,3633,False
997,plain,y,G21F_7947_V5__NODE_221_length_39339_cov_66.417661-cat_1_7,0.02,1,50,1191,False
998,plain,y,G21F_7947_V5__NODE_224_length_38651_cov_22.672883-cat_1_54,0.02,1,50,1532,False
999,plain,y,G21F_7947_V5__NODE_239_length_36958_cov_2.838655-cat_1_17,0.02,1,50,904,False
1000,plain,y,G21F_7947_V5__NODE_250_length_36034_cov_2.259524-cat_1_15,0.02,1,50,784,False
1001,plain,y,AZE2_V__NODE_159_length_13507_cov_14.455101-cat_1_9,0.02,1,50,796,False
1002,plain,y,G23J7928V2__NODE_43_length_22203_cov_2.547638-cat_1_10,0.02,1,50,1880,False
1003,plain,y,G21F_7947_V5__NODE_199_length_41705_cov_10.301207-cat_1_2,0.02,1,50,9214,False
1004,plain,y,G21F_7947_V5__NODE_207_length_40715_cov_16.735695-cat_1_15,0.02,1,50,5278,False
1005,plain,y,G21F_7947_V5__NODE_212_length_40390_cov_18.728053-cat_1_29,0.02,1,50,4144,False
1006,plain,y,G21F_7878_V2__NODE_728_length_7395_cov_2.143640-cat_1_3,0.02,1,50,3088,False
1007,plain,y,G21F_7881_V3__NODE_53_length_30007_cov_2.196770-cat_1_13,0.02,1,50,1403,False
1008,plain,y,G21F_7881_V3__NODE_62_length_22972_cov_2.591090-cat_1_17,0.02,1,50,1138,False
1009,plain,y,G21F_7878_V2__NODE_87_length_40827_cov_31.334144-cat_1_29,0.02,1,50,904,False
1010,plain,y,AZP1_V__NODE_102_length_40098_cov_36.723718-cat_1_46,0.02,1,50,1924,False
1011,plain,y,AZC5_V__NODE_57_length_21885_cov_36.169329-cat_1_15,0.02,1,50,5278,False
1012,plain,y,GCA_900292045_Protein2970,0.02,1,50,224,False
1013,plain,y,GCA_900248245_Protein1476,0.02,1,50,3670,False
1014,plain,y,GCA_900248245_Protein43,0.02,1,50,6573,False
1015,plain,y,GCA_900248245_Protein557,0.02,1,50,509,False
1016,plain,y,GCA_900184995_Protein2062,0.02,1,50,904,False
1017,plain,y,G21F_7947_V5__NODE_212_length_40390_cov_18.728053-cat_1_39,0.02,1,50,564,False
1018,plain,y,GCA_900626145_Protein1557,0.02,1,50,454,False
1019,plain,y,GCA_900635865_Protein1066,0.02,1,50,509,False
1020,plain,y,GCA_900218035_Protein1320,0.02,1,50,1138,False
1021,plain,y,AZK1_V__NODE_5_length_54997_cov_53.861507-cat_1_50,0.02,1,50,1138,False
1022,plain,y,AZK1_V__NODE_5_length_54997_cov_53.861507-cat_1_51,0.02,1,50,1138,False
1023,plain,y,AZK1_V__NODE_74_length_11306_cov_23.833229-cat_1_14,0.02,1,50,1509,False
1024,plain,y,AZK1_V__NODE_23_length_32694_cov_113.756895-cat_1_34,0.02,1,50,1191,False
1025,plain,y,AZB4_V__NODE_12_length_30465_cov_123.733682-cat_1_16,0.02,1,50,509,False
1026,plain,y,GCA_910584935_Protein2097,0.02,1,50,1532,False
1027,plain,y,AWG0_V__NODE_47_length_59369_cov_29.646212-cat_1_25,0.02,1,50,1004,False
1028,plain,y,GCA_910584375_Protein676,0.02,1,50,7644,False
1029,plain,y,GCA_910584935_Protein1274,0.02,1,50,1120,False
1030,plain,y,MixRN7_V4__NODE_20_length_36055_cov_3.043915-cat_1_19,0.02,1,50,1244,False
1031,plain,y,GCA_001940165_Protein146,0.02,1,50,3707,False
1032,plain,y,GCA_002160525_Protein4258,0.02,1,50,5652,False
1033,plain,y,GCA_001757415_Protein2063,0.02,1,50,17206,False
1034,plain,y,G21F_7878_V2__NODE_809_length_6615_cov_1.532228-cat_1_2,0.02,1,50,1584,False
1035,plain,y,G21F_7878_V2__NODE_500_length_10627_cov_2.134309-cat_1_8,0.02,1,50,1740,False
1036,plain,y,G21F_7878_V2__NODE_567_length_9498_cov_1.767103-cat_1_3,0.02,1,50,1584,False
1037,plain,y,AWG10_V__NODE_34_length_42794_cov_20.474365-cat_1_45,0.02,1,50,8622,False
1038,plain,y,AZB2_V__NODE_27_length_27556_cov_13.465237-cat_1_51,0.02,1,50,1562,False
1039,plain,y,MixMS20_V8__NODE_3_length_77200_cov_2909.637216-cat_1_34,0.02,1,50,619,False
1040,plain,y,GCA_910587585_Protein97,0.02,1,50,454,False
1041,plain,y,GCA_910578945_Protein1735,0.02,1,50,509,False
1042,plain,y,GCA_900761485_Protein1776,0.02,1,50,509,False
1043,plain,y,G21F_7947_V5__NODE_1083_length_6247_cov_1.980644-cat_1_5,0.02,1,50,6286,False
1044,plain,y,G21F_7947_V5__NODE_15_length_172066_cov_32.794007-cat_1_88,0.02,1,50,2555,False
1045,plain,y,G21F_7947_V5__NODE_170_length_47850_cov_21.086616-cat_1_16,0.02,1,50,2992,False
1046,plain,y,G21F_7946_V4__NODE_7_length_40768_cov_5.673806_1-cat_1_3,0.02,1,50,509,False
1047,plain,y,G21F_7947_V5__NODE_179_length_45628_cov_65.728415-cat_1_48,0.02,1,50,1297,False
1048,plain,y,G21F_7878_V2__NODE_57_length_45676_cov_10.792812-cat_1_71,0.02,1,50,1688,False
1049,plain,y,G21F_7947_V5__NODE_179_length_45628_cov_65.728415-cat_1_21,0.02,1,50,7294,False
1050,plain,y,GCA_910576865_Protein1881,0.02,1,50,1244,False
1051,plain,y,AZE7_V__NODE_11_length_33285_cov_17.021786-cat_1_34,0.02,1,50,796,False
1052,plain,y,GCA_905213765_Protein2866,0.02,1,50,336,False
1053,plain,y,GCA_905219705_Protein1403,0.02,1,50,1350,False
1054,plain,y,GCA_902809935_Protein1960,0.02,1,50,958,False
1055,plain,y,GCA_905200745_Protein1576,0.02,1,50,3964,False
1056,plain,y,GCA_905213615_Protein1466,0.02,1,50,742,False
1057,plain,y,GCA_900604335_Protein2767,0.02,1,50,454,False
1058,plain,y,AWG10_V__NODE_28_length_53874_cov_1171.764482-cat_1_82,0.0,0,50,2364,False
1059,plain,y,AWG0_V__NODE_17_length_190490_cov_18.085766-cat_1_133,0.0,0,50,742,False
1060,plain,y,AWG0_V__NODE_21_length_147944_cov_19.939200-cat_1_133,0.0,0,50,619,False
1061,plain,y,AWG0_V__NODE_38_length_76085_cov_51.413471-cat_1_38,0.0,0,50,5068,False
1062,plain,y,AWG0_V__NODE_38_length_76085_cov_51.413471-cat_1_89,0.0,0,50,904,False
1063,plain,y,AWG0_V__NODE_46_length_60862_cov_2.603196-cat_1_47,0.0,0,50,1191,False
1064,plain,y,AWG0_V__NODE_46_length_60862_cov_2.603196-cat_1_55,0.0,0,50,3946,False
1065,plain,y,AWG0_V__NODE_46_length_60862_cov_2.603196-cat_1_59,0.0,0,50,454,False
1066,plain,y,GCA_910579445_Protein1758,0.0,0,50,1297,False
1067,plain,y,GCA_910584375_Protein2286,0.0,0,50,1480,False
1068,plain,y,AZC5_V__NODE_106_length_5283_cov_1.252894-cat_1_2,0.0,0,50,112,False
1069,plain,y,AZC5_V__NODE_46_length_41277_cov_102.754893-cat_1_33,0.0,0,50,2264,False
1070,plain,y,AZC5_V__NODE_48_length_40455_cov_78.914585-cat_1_25,0.0,0,50,904,False
1071,plain,y,GCA_902791625_Protein891,0.0,0,50,1191,False
1072,plain,y,GCA_902809935_Protein1751,0.0,0,50,904,False
1073,plain,y,GCA_902156465_Protein5101,0.0,0,50,5242,False
1074,plain,y,GCA_902167755_Protein1373,0.0,0,50,56,False
1075,plain,y,GCA_902167755_Protein1893,0.0,0,50,56,False
1076,plain,y,AZE7_V__NODE_14_length_27719_cov_34.298407-cat_1_35,0.0,0,50,3190,False
1077,plain,y,AZE7_V__NODE_6_length_54884_cov_37.443935-cat_1_50,0.0,0,50,454,False
1078,plain,y,AZE7_V__NODE_6_length_54884_cov_37.443935-cat_1_54,0.0,0,50,112,False
1079,plain,y,AZJ1_V__NODE_30_length_70215_cov_22.368632-cat_1_93,0.0,0,50,6004,False
1080,plain,y,AZE2_V__NODE_18_length_42300_cov_4.131348-cat_2_30,0.0,0,50,399,False
1081,plain,y,AZE2_V__NODE_22_length_38609_cov_7.419865-cat_1_1,0.0,0,50,2944,False
1082,plain,y,AZE2_V__NODE_27_length_35568_cov_6.042149-cat_1_23,0.0,0,50,1191,False
1083,plain,y,AZE2_V__NODE_49_length_23632_cov_2.818680-cat_1_26,0.0,0,50,850,False
1084,plain,y,GCA_902791625_Protein1307,0.0,0,50,1428,False
1085,plain,y,GCA_910577605_Protein1202,0.0,0,50,3378,False
1086,plain,y,GCA_910577605_Protein683,0.0,0,50,1085,False
1087,plain,y,GCA_910577885_Protein1014,0.0,0,50,7644,False
1088,plain,y,GCA_905213765_Protein2834,0.0,0,50,399,False
1089,plain,y,GCA_910575275_Protein397,0.0,0,50,2164,False
1090,plain,y,GCA_910576865_Protein1017,0.0,0,50,1896,False
1091,plain,y,GCA_910576865_Protein241,0.0,0,50,1350,False
1092,plain,y,GCA_902809935_Protein466,0.0,0,50,1191,False
1093,plain,y,GCA_902810075_Protein3149,0.0,0,50,1138,False
1094,plain,y,GCA_902810075_Protein592,0.0,0,50,1924,False
1095,plain,y,GCA_903645315_Protein1722,0.0,0,50,399,False
1096,plain,y,GCA_903789455_Protein1452,0.0,0,50,8974,False
1097,plain,y,GCA_902373965_Protein839,0.0,0,50,454,False
1098,plain,y,GCA_902373965_Protein994,0.0,0,50,454,False
1099,plain,y,GCA_902791625_Protein1288,0.0,0,50,729,False
1100,plain,y,G21F_7946_V4__NODE_6_length_41430_cov_7.773681-cat_1_5,0.0,0,50,1844,False
1101,plain,y,G21F_7947_V5__NODE_1054_length_6481_cov_7.719054-cat_2_4,0.0,0,50,1924,False
1102,plain,y,G21F_7947_V5__NODE_1226_length_5197_cov_17.358376-cat_2_13,0.0,0,50,1138,False
1103,plain,y,G21F_7881_V3__NODE_62_length_22972_cov_2.591090-cat_1_23,0.0,0,50,9003,False
1104,plain,y,G21F_7881_V3__NODE_62_length_22972_cov_2.591090-cat_1_9,0.0,0,50,1297,False
1105,plain,y,G21F_7946_V4__NODE_13_length_37529_cov_4.445418-cat_1_29,0.0,0,50,168,False
1106,plain,y,G21F_7946_V4__NODE_13_length_37529_cov_4.445418-cat_1_6,0.0,0,50,850,False
1107,plain,y,G21F_7946_V4__NODE_18_length_34971_cov_17.412136-cat_1_24,0.0,0,50,2156,False
1108,plain,y,G21F_7947_V5__NODE_194_length_42418_cov_5.075829-cat_1_19,0.0,0,50,1350,False
1109,plain,y,G21F_7947_V5__NODE_125_length_59096_cov_21.460074-cat_1_28,0.0,0,50,399,False
1110,plain,y,G21F_7947_V5__NODE_133_length_55934_cov_7.806358_1-cat_1_5,0.0,0,50,4369,False
1111,plain,y,G21F_7947_V5__NODE_138_length_53566_cov_3.160753-cat_1_68,0.0,0,50,509,False
1112,plain,y,G21F_7947_V5__NODE_157_length_49656_cov_6.127833-cat_1_18,0.0,0,50,1873,False
1113,plain,y,G21F_7947_V5__NODE_157_length_49656_cov_6.127833-cat_1_70,0.0,0,50,1636,False
1114,plain,y,G21F_7947_V5__NODE_170_length_47850_cov_21.086616-cat_1_21,0.0,0,50,2214,False
1115,plain,y,G21F_7946_V4__NODE_26_length_28265_cov_4.205354-cat_1_25,0.0,0,50,850,False
1116,plain,y,G21F_7878_V2__NODE_81_length_41365_cov_20.925895-cat_1_14,0.0,0,50,2800,False
1117,plain,y,G21F_7878_V2__NODE_4_length_266336_cov_18.970177_1-cat_1_48,0.0,0,50,7602,False
1118,plain,y,G21F_7878_V2__NODE_55_length_46340_cov_19.890465-cat_1_26,0.0,0,50,796,False
1119,plain,y,G21F_7878_V2__NODE_61_length_44941_cov_17.705232-cat_1_32,0.0,0,50,112,False
1120,plain,y,G21F_7878_V2__NODE_723_length_7422_cov_11.173563-cat_2_11,0.0,0,50,1191,False
1121,plain,y,G21F_7947_V5__NODE_170_length_47850_cov_21.086616-cat_1_35,0.0,0,50,399,False
1122,plain,y,G21F_7947_V5__NODE_173_length_47013_cov_106.310568-cat_1_24,0.0,0,50,3613,False
1123,plain,y,G21F_7947_V5__NODE_179_length_45628_cov_65.728415-cat_1_8,0.0,0,50,2751,False
1124,plain,y,AZB2_V__NODE_17_length_41536_cov_13.456548-cat_1_53,0.0,0,50,904,False
1125,plain,y,AZB2_V__NODE_17_length_41536_cov_13.456548-cat_1_9,0.0,0,50,904,False
1126,plain,y,AZB2_V__NODE_18_length_40354_cov_6.124158-cat_1_14,0.0,0,50,2314,False
1127,plain,y,AWG10_V__NODE_32_length_44060_cov_5.352176_2-cat_1_14,0.0,0,50,454,False
1128,plain,y,AWG10_V__NODE_32_length_44060_cov_5.352176_2-cat_1_8,0.0,0,50,399,False
1129,plain,y,AWG10_V__NODE_34_length_42794_cov_20.474365-cat_1_3,0.0,0,50,5203,False
1130,plain,y,AWG10_V__NODE_34_length_42794_cov_20.474365-cat_1_71,0.0,0,50,1480,False
1131,plain,y,G21F_7878_V2__NODE_817_length_6557_cov_4.054661-cat_1_4,0.0,0,50,850,False
1132,plain,y,G21F_7881_V3__NODE_49_length_30535_cov_21.022868-cat_1_29,0.0,0,50,1350,False
1133,plain,y,G21F_7878_V2__NODE_81_length_41365_cov_20.925895-cat_1_48,0.0,0,50,3184,False
1134,plain,y,G21F_7878_V2__NODE_896_length_6070_cov_1.635907-cat_2_1,0.0,0,50,850,False
1135,plain,y,G21F_7878_V2__NODE_95_length_40044_cov_7.952885-cat_1_11,0.0,0,50,674,False
1136,plain,y,G21F_7878_V2__NODE_97_length_39284_cov_16.117673-cat_1_15,0.0,0,50,850,False
1137,plain,y,G21F_7878_V2__NODE_97_length_39284_cov_16.117673-cat_1_23,0.0,0,50,850,False
1138,plain,y,G21F_7878_V2__NODE_989_length_5604_cov_0.863942-cat_2_2,0.0,0,50,850,False
1139,plain,y,G21F_7878_V2__NODE_73_length_43067_cov_18.356451-cat_1_51,0.0,0,50,1085,False
1140,plain,y,G21F_7878_V2__NODE_185_length_25444_cov_2.220714-cat_1_20,0.0,0,50,2664,False
1141,plain,y,G21F_7878_V2__NODE_195_length_24026_cov_11.470473-cat_1_27,0.0,0,50,448,False
1142,plain,y,G21F_7878_V2__NODE_196_length_24006_cov_2.854143-cat_1_33,0.0,0,50,2464,False
1143,plain,y,G21F_7878_V2__NODE_23_length_86534_cov_7.084445-cat_1_109,0.0,0,50,1066,False
1144,plain,y,G21F_7881_V3__NODE_15_length_52513_cov_5.099458-cat_1_2,0.0,0,50,1012,False
1145,plain,y,G21F_7881_V3__NODE_240_length_5834_cov_2.239756-cat_1_6,0.0,0,50,1085,False
1146,plain,y,G21F_7881_V3__NODE_41_length_35506_cov_3.887536-cat_1_12,0.0,0,50,1822,False
1147,plain,y,G21F_7881_V3__NODE_46_length_31128_cov_2.156853-cat_1_41,0.0,0,50,454,False
1148,plain,y,G21F_7947_V5__NODE_246_length_36233_cov_89.856091-cat_1_20,0.0,0,50,1403,False
1149,plain,y,G21F_7947_V5__NODE_219_length_39636_cov_41.186534-cat_1_39,0.0,0,50,3762,False
1150,plain,y,G21F_7947_V5__NODE_220_length_39528_cov_15.434249-cat_1_26,0.0,0,50,5866,False
1151,plain,y,G21F_7947_V5__NODE_220_length_39528_cov_15.434249-cat_1_43,0.0,0,50,1532,False
1152,plain,y,G21F_7878_V2__NODE_298_length_16823_cov_2.786953_1-cat_1_8,0.0,0,50,3328,False
1153,plain,y,G21F_7878_V2__NODE_324_length_15810_cov_2.535930-cat_2_10,0.0,0,50,1191,False
1154,plain,y,G21F_7878_V2__NODE_328_length_15685_cov_1.882972-cat_1_14,0.0,0,50,1428,False
1155,plain,y,G21F_7878_V2__NODE_180_length_26805_cov_2.757620-cat_1_28,0.0,0,50,7889,False
1156,plain,y,G21F_7946_V4__NODE_22_length_31467_cov_5.564078-cat_1_28,0.0,0,50,4687,False
1157,plain,y,G21F_7947_V5__NODE_267_length_33643_cov_3.205104-cat_1_22,0.0,0,50,1191,False
1158,plain,y,G21F_7947_V5__NODE_26_length_132882_cov_37.536017-cat_1_94,0.0,0,50,1480,False
1159,plain,y,G21F_7947_V5__NODE_309_length_30027_cov_17.351911-cat_1_13,0.0,0,50,1085,False
1160,plain,y,G21F_7947_V5__NODE_30_length_129354_cov_5.307470-cat_1_148,0.0,0,50,2114,False
1161,plain,y,G21F_7947_V5__NODE_223_length_38909_cov_5.874053-cat_1_23,0.0,0,50,399,False
1162,plain,y,G21F_7947_V5__NODE_227_length_38082_cov_14.442093-cat_1_18,0.0,0,50,904,False
1163,plain,y,G21F_7947_V5__NODE_227_length_38082_cov_14.442093-cat_1_49,0.0,0,50,1403,False
1164,plain,y,G21F_7878_V2__NODE_434_length_12244_cov_2.258707-cat_1_17,0.0,0,50,3486,False
1165,plain,y,G21F_7878_V2__NODE_454_length_11663_cov_2.088897-cat_1_10,0.0,0,50,1688,False
1166,plain,y,G21F_7878_V2__NODE_488_length_10803_cov_4.512986-cat_1_5,0.0,0,50,1532,False
1167,plain,y,G21F_7878_V2__NODE_333_length_15482_cov_2.276799-cat_2_8,0.0,0,50,1297,False
1168,plain,y,G21F_7878_V2__NODE_342_length_15158_cov_5.500033-cat_1_16,0.0,0,50,3136,False
1169,plain,y,G21F_7878_V2__NODE_359_length_14637_cov_1.895171-cat_1_17,0.0,0,50,5756,False
1170,plain,y,G21F_7878_V2__NODE_40_length_58659_cov_4.541223_1-cat_1_15,0.0,0,50,2800,False
1171,plain,y,G21F_7878_V2__NODE_25_length_80686_cov_10.489856-cat_1_7,0.0,0,50,7132,False
1172,plain,y,G23J7928V2__NODE_12_length_99348_cov_4.334673-cat_1_45,0.0,0,50,3900,False
1173,plain,y,G21F_7947_V5__NODE_722_length_10932_cov_1.825348-cat_2_7,0.0,0,50,454,False
1174,plain,y,G21F_7947_V5__NODE_886_length_8230_cov_1.545935-cat_1_8,0.0,0,50,904,False
1175,plain,y,G21F_7876_V1__NODE_8_length_110994_cov_10.109843_1-cat_1_25,0.0,0,50,1228,False
1176,plain,y,G21F_7876_V1__NODE_92_length_37809_cov_3.452241-cat_1_8,0.0,0,50,742,False
1177,plain,y,G21F_7876_V1__NODE_95_length_37445_cov_3.884164-cat_1_39,0.0,0,50,56,False
1178,plain,y,G21F_7876_V1__NODE_98_length_37173_cov_3.687598-cat_1_45,0.0,0,50,344,False
1179,plain,y,G21F_7878_V2__NODE_434_length_12244_cov_2.258707-cat_1_10,0.0,0,50,3143,False
1180,plain,y,G23J7928V2__NODE_17_length_75275_cov_21.548433-cat_1_51,0.0,0,50,850,False
1181,plain,y,G23J7928V2__NODE_19_length_66413_cov_55.858612_1-cat_1_22,0.0,0,50,56,False
1182,plain,y,G23J7928V2__NODE_66_length_13417_cov_1.566001-cat_1_14,0.0,0,50,509,False
1183,plain,y,G23J_7924V__NODE_16_length_57571_cov_48.133891-cat_1_45,0.0,0,50,1138,False
1184,plain,y,G23J7927V1__NODE_15_length_27417_cov_3.746504-cat_1_16,0.0,0,50,1924,False
1185,plain,y,G23J7927V1__NODE_18_length_25765_cov_2.751266-cat_1_44,0.0,0,50,3284,False
1186,plain,y,G23J7927V1__NODE_65_length_5554_cov_1.790467-cat_2_3,0.0,0,50,850,False
1187,plain,y,G23J7927V1__NODE_6_length_67328_cov_9.537179-cat_1_61,0.0,0,50,1012,False
1188,plain,y,G21F_7878_V2__NODE_74_length_42939_cov_4.743721-cat_1_25,0.0,0,50,2992,False
1189,plain,y,G21F_7947_V5__NODE_222_length_39009_cov_16.626420-cat_1_10,0.0,0,50,1688,False
1190,plain,y,G21F_7947_V5__NODE_222_length_39009_cov_16.626420-cat_1_14,0.0,0,50,1896,False
1191,plain,y,G21F_7947_V5__NODE_222_length_39009_cov_16.626420-cat_1_40,0.0,0,50,1584,False
1192,plain,y,G21F_7947_V5__NODE_210_length_40570_cov_32.625040-cat_1_4,0.0,0,50,1297,False
1193,plain,y,G21F_7947_V5__NODE_210_length_40570_cov_32.625040-cat_1_47,0.0,0,50,796,False
1194,plain,y,G21F_7947_V5__NODE_212_length_40390_cov_18.728053-cat_1_4,0.0,0,50,1138,False
1195,plain,y,G21F_7947_V5__NODE_218_length_39920_cov_15.202280-cat_1_31,0.0,0,50,3472,False
1196,plain,y,G23J_7936V__NODE_154_length_12357_cov_3.808452-cat_1_10,0.0,0,50,2145,False
1197,plain,y,G23J_7936V__NODE_196_length_9304_cov_1.804345-cat_1_11,0.0,0,50,399,False
1198,plain,y,G23J_7936V__NODE_21_length_50971_cov_3.083366-cat_1_54,0.0,0,50,56,False
1199,plain,y,G23J_7940V__NODE_59_length_34993_cov_9.902304-cat_1_18,0.0,0,50,958,False
1200,plain,y,G23J_7940V__NODE_71_length_30585_cov_4.253395-cat_1_24,0.0,0,50,1191,False
1201,plain,y,G23J_7940V__NODE_40_length_43337_cov_3.277487-cat_1_40,0.0,0,50,3143,False
1202,plain,y,G23J_7940V__NODE_40_length_43337_cov_3.277487-cat_1_48,0.0,0,50,2230,False
1203,plain,y,G23J_7940V__NODE_45_length_39141_cov_31.762410-cat_1_26,0.0,0,50,6667,False
1204,plain,y,G23J_7936V__NODE_26_length_46020_cov_5.392718-cat_1_6,0.0,0,50,796,False
1205,plain,y,G23J_7936V__NODE_33_length_42120_cov_15.459104-cat_1_36,0.0,0,50,796,False
1206,plain,y,G23J_7936V__NODE_35_length_41326_cov_5.886385-cat_1_50,0.0,0,50,399,False
1207,plain,y,G23J_7936V__NODE_35_length_41326_cov_5.886385-cat_1_8,0.0,0,50,454,False
1208,plain,y,G23J_7936V__NODE_383_length_5248_cov_1.935716-cat_1_3,0.0,0,50,399,False
1209,plain,y,G23J_7924V__NODE_9_length_84634_cov_11.363258-cat_1_50,0.0,0,50,4515,False
1210,plain,y,G23J_7936V__NODE_130_length_14765_cov_2.373994-cat_1_4,0.0,0,50,112,False
1211,plain,y,G23J_7936V__NODE_153_length_12558_cov_1.603981-cat_1_11,0.0,0,50,399,False
1212,plain,y,G23J_7937V__NODE_810_length_7300_cov_1.849188-cat_1_8,0.0,0,50,3331,False
1213,plain,y,G23J_7937V__NODE_88_length_38552_cov_3.268666-cat_1_52,0.0,0,50,850,False
1214,plain,y,G23J_7940V__NODE_115_length_21745_cov_2.541024-cat_1_2,0.0,0,50,5360,False
1215,plain,y,G23J_7937V__NODE_109_length_32324_cov_18.882979_1-cat_1_37,0.0,0,50,2281,False
1216,plain,y,G23J_7937V__NODE_119_length_30689_cov_2.179144-cat_2_48,0.0,0,50,2281,False
1217,plain,y,G23J_7937V__NODE_127_length_29121_cov_2.304700-cat_1_9,0.0,0,50,742,False
1218,plain,y,G23J_7937V__NODE_685_length_8393_cov_1.814685-cat_2_18,0.0,0,50,454,False
1219,plain,y,G23J_7936V__NODE_26_length_46020_cov_5.392718-cat_1_49,0.0,0,50,2179,False
1220,plain,y,G21F_7878_V2__NODE_298_length_16823_cov_2.786953_1-cat_1_1,0.0,0,50,564,False
1221,plain,y,G21F_7947_V5__NODE_989_length_7013_cov_10.459069-cat_1_3,0.0,0,50,1012,False
1222,plain,y,G23J7927V1__NODE_12_length_37542_cov_86.234463-cat_1_10,0.0,0,50,454,False
1223,plain,y,G21F_7947_V5__NODE_341_length_26037_cov_6.346442-cat_1_19,0.0,0,50,3624,False
1224,plain,y,G21F_7947_V5__NODE_400_length_21917_cov_2.424787-cat_1_24,0.0,0,50,1975,False
1225,plain,y,G21F_7947_V5__NODE_430_length_20065_cov_23.682610-cat_2_31,0.0,0,50,1085,False
1226,plain,y,G21F_7947_V5__NODE_60_length_83935_cov_300.874254-cat_1_61,0.0,0,50,1244,False
1227,plain,y,G21F_7947_V5__NODE_60_length_83935_cov_300.874254-cat_1_90,0.0,0,50,2214,False
1228,plain,y,G21F_7878_V2__NODE_110_length_36972_cov_34.715076-cat_1_2,0.0,0,50,904,False
1229,plain,y,G21F_7878_V2__NODE_111_length_36843_cov_3.086409-cat_1_38,0.0,0,50,2506,False
1230,plain,y,G21F_7878_V2__NODE_113_length_36448_cov_88.414262-cat_1_48,0.0,0,50,2364,False
1231,plain,y,G23J_7940V__NODE_37_length_44202_cov_2.345079-cat_1_2,0.0,0,50,7434,False
1232,plain,y,G23J_7940V__NODE_395_length_6602_cov_1.948178-cat_1_7,0.0,0,50,1350,False
1233,plain,y,G23J_7940V__NODE_122_length_21206_cov_2.164164-cat_1_12,0.0,0,50,509,False
1234,plain,y,G23J_7940V__NODE_122_length_21206_cov_2.164164-cat_1_17,0.0,0,50,509,False
1235,plain,y,G23J_7940V__NODE_12_length_89167_cov_4.053992-cat_1_64,0.0,0,50,454,False
1236,plain,y,G21F_7878_V2__NODE_126_length_34677_cov_3.083030-cat_1_12,0.0,0,50,2604,False
1237,plain,y,G21F_7878_V2__NODE_127_length_34662_cov_22.677227-cat_1_23,0.0,0,50,1456,False
1238,plain,y,G21F_7878_V2__NODE_168_length_29059_cov_6.864157-cat_1_2,0.0,0,50,850,False
1239,plain,y,G21F_7878_V2__NODE_174_length_28497_cov_2.514719-cat_1_25,0.0,0,50,3919,False
1240,plain,y,G21F_7878_V2__NODE_178_length_27324_cov_2.035445-cat_1_8,0.0,0,50,3613,False
1241,plain,y,G21F_7878_V2__NODE_115_length_36074_cov_16.846866-cat_1_15,0.0,0,50,796,False
1242,plain,y,G21F_7878_V2__NODE_121_length_35393_cov_9.334958-cat_1_38,0.0,0,50,1085,False
1243,plain,y,G21F_7878_V2__NODE_123_length_35097_cov_14.337248-cat_1_41,0.0,0,50,1191,False
1244,plain,y,G21F_7876_V1__NODE_39_length_58329_cov_18.882294-cat_1_41,0.0,0,50,224,False
1245,plain,y,G21F_7876_V1__NODE_3_length_177386_cov_47.337921-cat_1_131,0.0,0,50,2555,False
1246,plain,y,G21F_7876_V1__NODE_3_length_177386_cov_47.337921-cat_1_143,0.0,0,50,509,False
1247,plain,y,G21F_7876_V1__NODE_3_length_177386_cov_47.337921-cat_1_201,0.0,0,50,1924,False
1248,plain,y,G21F_7876_V1__NODE_3_length_177386_cov_47.337921-cat_1_202,0.0,0,50,16898,False
1249,plain,y,G21F_7876_V1__NODE_430_length_10724_cov_2.561035-cat_2_6,0.0,0,50,1191,False
1250,plain,y,G21F_7876_V1__NODE_457_length_10147_cov_1.438296-cat_1_7,0.0,0,50,2128,False
1251,plain,y,G21F_7878_V2__NODE_123_length_35097_cov_14.337248-cat_1_53,0.0,0,50,1688,False
1252,plain,y,G23J_7940V__NODE_49_length_36936_cov_20.640769-cat_1_16,0.0,0,50,2314,False
1253,plain,y,G23J_7940V__NODE_49_length_36936_cov_20.640769-cat_1_36,0.0,0,50,509,False
1254,plain,y,G23J_7940V__NODE_18_length_61518_cov_118.222260-cat_1_76,0.0,0,50,112,False
1255,plain,y,G23J_7940V__NODE_307_length_9396_cov_1.816392-cat_1_8,0.0,0,50,796,False
1256,plain,y,G23J_7940V__NODE_334_length_8556_cov_2.117299-cat_1_11,0.0,0,50,850,False
1257,plain,y,G23J_7940V__NODE_334_length_8556_cov_2.117299-cat_1_13,0.0,0,50,112,False
1258,plain,y,G21F_7876_V1__NODE_5_length_153153_cov_126.239647-cat_1_67,0.0,0,50,399,False
1259,plain,y,G21F_7876_V1__NODE_63_length_43686_cov_58.375204-cat_1_22,0.0,0,50,2026,False
1260,plain,y,G21F_7876_V1__NODE_66_length_42877_cov_1.787858-cat_1_42,0.0,0,50,1191,False
1261,plain,y,G21F_7876_V1__NODE_71_length_40996_cov_4.891483-cat_1_25,0.0,0,50,3568,False
1262,plain,y,G21F_7876_V1__NODE_72_length_40866_cov_70.797115_1-cat_1_38,0.0,0,50,399,False
1263,plain,y,G21F_7876_V1__NODE_75_length_40592_cov_59.976638-cat_1_17,0.0,0,50,904,False
1264,plain,y,G21F_7876_V1__NODE_75_length_40592_cov_59.976638-cat_1_46,0.0,0,50,1174,False
1265,plain,y,G21F_7876_V1__NODE_76_length_40548_cov_3.199461-cat_1_46,0.0,0,50,1948,False
1266,plain,y,G21F_7876_V1__NODE_49_length_49261_cov_27.654021-cat_1_7,0.0,0,50,1390,False
1267,plain,y,G21F_7876_V1__NODE_50_length_49248_cov_9.049360-cat_1_59,0.0,0,50,4900,False
1268,plain,y,G21F_7876_V1__NODE_120_length_34113_cov_4.586435-cat_1_26,0.0,0,50,796,False
1269,plain,y,G21F_7876_V1__NODE_814_length_5950_cov_1.547086-cat_1_6,0.0,0,50,7772,False
1270,plain,y,G21F_7876_V1__NODE_82_length_39971_cov_30.425236-cat_1_7,0.0,0,50,894,False
1271,plain,y,G21F_7876_V1__NODE_83_length_39865_cov_3.674974-cat_1_11,0.0,0,50,3424,False
1272,plain,y,G21F_7876_V1__NODE_86_length_38762_cov_428.114244-cat_1_17,0.0,0,50,3874,False
1273,plain,y,G21F_7876_V1__NODE_86_length_38762_cov_428.114244-cat_1_7,0.0,0,50,1085,False
1274,plain,y,G21F_7876_V1__NODE_87_length_38697_cov_28.438572-cat_1_53,0.0,0,50,1138,False
1275,plain,y,G21F_7876_V1__NODE_66_length_42877_cov_1.787858-cat_1_10,0.0,0,50,1636,False
1276,plain,y,G23J_8060V__NODE_160_length_13284_cov_3.989230-cat_1_16,0.0,0,50,1138,False
1277,plain,y,G23J_8060V__NODE_167_length_12913_cov_5.313641-cat_1_5,0.0,0,50,1822,False
1278,plain,y,G23J_8060V__NODE_185_length_11716_cov_4.901610-cat_1_15,0.0,0,50,399,False
1279,plain,y,G21F_7876_V1__NODE_172_length_24647_cov_4.589294-cat_1_1,0.0,0,50,3378,False
1280,plain,y,G21F_7876_V1__NODE_177_length_23883_cov_2.931593_1-cat_1_8,0.0,0,50,958,False
1281,plain,y,G21F_7876_V1__NODE_189_length_22447_cov_9.502103-cat_2_8,0.0,0,50,3829,False
1282,plain,y,G21F_7876_V1__NODE_107_length_36263_cov_3.315148-cat_1_38,0.0,0,50,1350,False
1283,plain,y,G21F_7876_V1__NODE_11_length_104263_cov_64.067442-cat_1_57,0.0,0,50,796,False
1284,plain,y,G23J_7940V__NODE_175_length_15928_cov_3.442858-cat_1_20,0.0,0,50,454,False
1285,plain,y,G23J_8062V__NODE_13_length_44455_cov_5.987826-cat_1_53,0.0,0,50,958,False
1286,plain,y,G23J_8062V__NODE_24_length_37192_cov_129.567519-cat_1_37,0.0,0,50,3136,False
1287,plain,y,G23J_8062V__NODE_2_length_65410_cov_5.618089-cat_1_47,0.0,0,50,56,False
1288,plain,y,G23J_8060V__NODE_25_length_43008_cov_5.411219-cat_1_7,0.0,0,50,399,False
1289,plain,y,G23J_8060V__NODE_27_length_42589_cov_5.705931-cat_1_26,0.0,0,50,454,False
1290,plain,y,G23J_8060V__NODE_31_length_40020_cov_41.955587-cat_1_58,0.0,0,50,1350,False
1291,plain,y,G23J_8030V__NODE_7_length_28901_cov_280.115793-cat_1_44,0.0,0,50,784,False
1292,plain,y,GCA_000008865_Protein1478,0.0,0,50,454,False
1293,plain,y,GCA_000008865_Protein1738,0.0,0,50,796,False
1294,plain,y,GCA_000008925_Protein106,0.0,0,50,3519,False
1295,plain,y,GCA_000008925_Protein34,0.0,0,50,850,False
1296,plain,y,GCA_000008925_Protein9,0.0,0,50,904,False
1297,plain,y,GCA_000009205_Protein2667,0.0,0,50,2026,False
1298,plain,y,GCA_000005845_Protein2023,0.0,0,50,5201,False
1299,plain,y,GCA_000006865_Protein1289,0.0,0,50,958,False
1300,plain,y,G23J_8064V__NODE_404_length_12456_cov_2.277252-cat_1_17,0.0,0,50,1350,False
1301,plain,y,G23J_8064V__NODE_63_length_64376_cov_3.728036-cat_1_56,0.0,0,50,1844,False
1302,plain,y,G23J_8064V__NODE_90_length_47319_cov_9.621241-cat_1_76,0.0,0,50,1120,False
1303,plain,y,G23J_8062V__NODE_5_length_55814_cov_16.425882_1-cat_1_57,0.0,0,50,904,False
1304,plain,y,G23J_8064V__NODE_113_length_40121_cov_2.659812-cat_1_41,0.0,0,50,850,False
1305,plain,y,G23J_8064V__NODE_113_length_40121_cov_2.659812-cat_1_53,0.0,0,50,1822,False
1306,plain,y,G23J_8064V__NODE_117_length_39087_cov_2.576177-cat_1_35,0.0,0,50,112,False
1307,plain,y,G23J_8064V__NODE_133_length_34794_cov_11.655138-cat_1_1,0.0,0,50,904,False
1308,plain,y,G23J_8067V__NODE_33_length_35094_cov_64.936248-cat_1_18,0.0,0,50,454,False
1309,plain,y,G23J_8067V__NODE_33_length_35094_cov_64.936248-cat_1_5,0.0,0,50,1138,False
1310,plain,y,G23J_8067V__NODE_3_length_131231_cov_71.353949-cat_1_106,0.0,0,50,8576,False
1311,plain,y,G23J_8195V__NODE_3_length_101635_cov_9.288971-cat_1_111,0.0,0,50,1297,False
1312,plain,y,G23J_8067V__NODE_109_length_16858_cov_5.552599-cat_2_22,0.0,0,50,454,False
1313,plain,y,G23J_8067V__NODE_10_length_63230_cov_4.947886-cat_1_12,0.0,0,50,56,False
1314,plain,y,G23J_8067V__NODE_114_length_16650_cov_1.959700-cat_2_21,0.0,0,50,4216,False
1315,plain,y,G23J_8067V__NODE_167_length_13307_cov_4.161114-cat_1_7,0.0,0,50,1444,False
1316,plain,y,G23J_8060V__NODE_23_length_46099_cov_7.452609-cat_1_46,0.0,0,50,1532,False
1317,plain,y,G23J_8060V__NODE_25_length_43008_cov_5.411219-cat_1_55,0.0,0,50,399,False
1318,plain,y,G23J_7943V__NODE_116_length_7125_cov_2.606462-cat_1_4,0.0,0,50,112,False
1319,plain,y,G23J_7943V__NODE_13_length_44013_cov_7.615453-cat_1_18,0.0,0,50,1244,False
1320,plain,y,G23J_7943V__NODE_13_length_44013_cov_7.615453-cat_1_54,0.0,0,50,454,False
1321,plain,y,G23J_7943V__NODE_13_length_44013_cov_7.615453-cat_1_62,0.0,0,50,224,False
1322,plain,y,G23J_7943V__NODE_1_length_195732_cov_68.795167-cat_1_133,0.0,0,50,1085,False
1323,plain,y,G23J_7943V__NODE_59_length_13983_cov_18.024128-cat_1_4,0.0,0,50,1138,False
1324,plain,y,G21F_7876_V1__NODE_15_length_92611_cov_114.406434-cat_1_107,0.0,0,50,9317,False
1325,plain,y,G23J_8196V__NODE_39_length_38856_cov_14.190701-cat_1_21,0.0,0,50,4730,False
1326,plain,y,G23J_8195V__NODE_6_length_51235_cov_1609.891877-cat_1_10,0.0,0,50,1012,False
1327,plain,y,G23J_8195V__NODE_6_length_51235_cov_1609.891877-cat_1_74,0.0,0,50,796,False
1328,plain,y,G23J_8196V__NODE_10_length_119942_cov_55.955809-cat_5_25,0.0,0,50,56,False
1329,plain,y,G23J_8196V__NODE_26_length_57436_cov_6.741057_1-cat_1_48,0.0,0,50,742,False
1330,plain,y,G23J_8196V__NODE_26_length_57436_cov_6.741057_1-cat_1_49,0.0,0,50,2848,False
1331,plain,y,G23J_8196V__NODE_26_length_57436_cov_6.741057_1-cat_1_74,0.0,0,50,1771,False
1332,plain,y,G21F_7876_V1__NODE_201_length_21189_cov_1.996633-cat_1_10,0.0,0,50,3284,False
1333,plain,y,G21F_7876_V1__NODE_201_length_21189_cov_1.996633-cat_1_22,0.0,0,50,2944,False
1334,plain,y,G21F_7876_V1__NODE_20_length_77055_cov_16.261669-cat_1_9,0.0,0,50,509,False
1335,plain,y,G21F_7876_V1__NODE_228_length_18323_cov_3.261688-cat_1_6,0.0,0,50,742,False
1336,plain,y,G21F_7876_V1__NODE_239_length_17712_cov_2.924090-cat_1_2,0.0,0,50,2000,False
1337,plain,y,G21F_7876_V1__NODE_252_length_16913_cov_1.727311-cat_1_17,0.0,0,50,1191,False
1338,plain,y,G21F_7876_V1__NODE_122_length_33169_cov_3.959843-cat_1_29,0.0,0,50,1584,False
1339,plain,y,G21F_7876_V1__NODE_133_length_30665_cov_11.162010-cat_1_20,0.0,0,50,1138,False
1340,plain,y,G18F_V14__NODE_10_length_40124_cov_5160.410493-cat_1_35,0.0,0,50,3284,False
1341,plain,y,G18F_V14__NODE_11_length_38616_cov_7.072046-cat_1_44,0.0,0,50,1244,False
1342,plain,y,G18F_V14__NODE_42_length_10081_cov_4.186135-cat_1_10,0.0,0,50,796,False
1343,plain,y,G18F_V14__NODE_4_length_45865_cov_35.837368-cat_1_10,0.0,0,50,3284,False
1344,plain,y,G21F_7876_V1__NODE_287_length_15191_cov_10.952359-cat_1_12,0.0,0,50,619,False
1345,plain,y,G21F_7876_V1__NODE_36_length_60299_cov_10.722674_1-cat_1_32,0.0,0,50,2026,False
1346,plain,y,G21F_7876_V1__NODE_36_length_60299_cov_10.722674_1-cat_1_80,0.0,0,50,796,False
1347,plain,y,G21F_7876_V1__NODE_376_length_11953_cov_2.849502-cat_1_12,0.0,0,50,3143,False
1348,plain,y,GCA_000006865_Protein1614,0.0,0,50,13108,False
1349,plain,y,GCA_000006865_Protein2002,0.0,0,50,454,False
1350,plain,y,GCA_000006865_Protein750,0.0,0,50,509,False
1351,plain,y,GCA_000006865_Protein867,0.0,0,50,2026,False
1352,plain,y,G23J_8196V__NODE_28_length_56403_cov_990.113065-cat_1_74,0.0,0,50,1403,False
1353,plain,y,G23J_8196V__NODE_29_length_52181_cov_175.489977-cat_1_46,0.0,0,50,1456,False
1354,plain,y,G18F_V18__NODE_11_length_42487_cov_914.111494-cat_1_38,0.0,0,50,1822,False
1355,plain,y,G18F_V18__NODE_14_length_37890_cov_42.263581-cat_1_61,0.0,0,50,3486,False
1356,plain,y,GCA_000145275_Protein1827,0.0,0,50,1085,False
1357,plain,y,GCA_000145275_Protein2094,0.0,0,50,5201,False
1358,plain,y,GCA_000146185_Protein424,0.0,0,50,1244,False
1359,plain,y,GCA_000027085_Protein3695,0.0,0,50,3874,False
1360,plain,y,GCA_000063585_Protein3544,0.0,0,50,454,False
1361,plain,y,GCA_000069965_Protein1691,0.0,0,50,454,False
1362,plain,y,GCA_000072485_Protein1032,0.0,0,50,796,False
1363,plain,y,GCA_000092245_Protein2359,0.0,0,50,399,False
1364,plain,y,GCA_000016505_Protein3168,0.0,0,50,2264,False
1365,plain,y,GCA_000009685_Protein1100,0.0,0,50,5110,False
1366,plain,y,GCA_000009685_Protein2129,0.0,0,50,3284,False
1367,plain,y,GCA_000011045_Protein2762,0.0,0,50,796,False
1368,plain,y,GCA_000014125_Protein1948,0.0,0,50,564,False
1369,plain,y,GCA_000014125_Protein484,0.0,0,50,688,False
1370,plain,y,GCA_000015885_Protein630,0.0,0,50,1509,False
1371,plain,y,GCA_000016165_Protein1259,0.0,0,50,4099,False
1372,plain,y,GCA_000016965_Protein826,0.0,0,50,1085,False
1373,plain,y,GCA_000018045_Protein2289,0.0,0,50,742,False
1374,plain,y,GCA_000018685_Protein1229,0.0,0,50,4348,False
1375,plain,y,GCA_000019045_Protein1357,0.0,0,50,454,False
1376,plain,y,GCA_000016165_Protein2134,0.0,0,50,3237,False
1377,plain,y,GCA_000016505_Protein1639,0.0,0,50,7399,False
1378,plain,y,GCA_000016505_Protein2133,0.0,0,50,1138,False
1379,plain,y,GCA_000016505_Protein3110,0.0,0,50,1924,False
1380,plain,y,GCA_000019045_Protein1695,0.0,0,50,56,False
1381,plain,y,GCA_000020165_Protein1509,0.0,0,50,1584,False
1382,plain,y,GCA_000020165_Protein3315,0.0,0,50,742,False
1383,plain,y,GCA_000020605_Protein1819,0.0,0,50,399,False
1384,plain,y,GCA_000020605_Protein525,0.0,0,50,2604,False
1385,plain,y,GCA_000020605_Protein648,0.0,0,50,1771,False
1386,plain,y,GCA_000016965_Protein2983,0.0,0,50,3424,False
1387,plain,y,GCA_000016965_Protein4099,0.0,0,50,3040,False
1388,plain,y,G18F_V18__NODE_4_length_59736_cov_14.937338-cat_1_52,0.0,0,50,3284,False
1389,plain,y,G18F_V14__NODE_57_length_6563_cov_4.551361-cat_1_7,0.0,0,50,2026,False
1390,plain,y,G18F_V14__NODE_5_length_43972_cov_51.885100-cat_1_6,0.0,0,50,3284,False
1391,plain,y,G18F_V14__NODE_8_length_41623_cov_11.588623-cat_1_27,0.0,0,50,2947,False
1392,plain,y,G18F_V14__NODE_8_length_41623_cov_11.588623-cat_1_33,0.0,0,50,1244,False
1393,plain,y,G18F_V14__NODE_9_length_40505_cov_12.895684-cat_1_67,0.0,0,50,729,False
1394,plain,y,GCA_000027085_Protein1512,0.0,0,50,688,False
1395,plain,y,GCA_000027085_Protein2933,0.0,0,50,904,False
1396,plain,y,G03J_7869_V4__NODE_58_length_41316_cov_25.470704-cat_1_44,0.0,0,50,1191,False
1397,plain,y,G18F_V20__NODE_2_length_49234_cov_3.719670-cat_1_32,0.0,0,50,509,False
1398,plain,y,G18F_V6__NODE_1_length_161119_cov_2.877034-cat_1_64,0.0,0,50,56,False
1399,plain,y,G18F_V9__NODE_19_length_40510_cov_503.622553-cat_1_3,0.0,0,50,1350,False
1400,plain,y,G18F_V9__NODE_46_length_27043_cov_54.254825-cat_1_3,0.0,0,50,796,False
1401,plain,y,G18F_V18__NODE_33_length_24676_cov_7.856858-cat_1_16,0.0,0,50,1532,False
1402,plain,y,G18F_V18__NODE_3_length_61904_cov_78.895753-cat_1_31,0.0,0,50,1532,False
1403,plain,y,G18F_V18__NODE_4_length_59736_cov_14.937338-cat_1_15,0.0,0,50,3284,False
1404,plain,y,G03J_7872_V1__NODE_15_length_39975_cov_6.487361-cat_1_67,0.0,0,50,1584,False
1405,plain,y,G03J_7869_V4__NODE_103_length_25902_cov_2.755532-cat_1_30,0.0,0,50,1244,False
1406,plain,y,G03J_7869_V4__NODE_114_length_21703_cov_246.822625-cat_2_32,0.0,0,50,742,False
1407,plain,y,G03J_7869_V4__NODE_127_length_17898_cov_5.188887-cat_1_9,0.0,0,50,2364,False
1408,plain,y,G03J_7869_V4__NODE_17_length_95908_cov_6.629158_1-cat_1_7,0.0,0,50,1480,False
1409,plain,y,G03J_7869_V4__NODE_22_length_87878_cov_23.509336-cat_1_25,0.0,0,50,2164,False
1410,plain,y,G03J_7869_V4__NODE_38_length_61977_cov_126.284285-cat_1_77,0.0,0,50,2052,False
1411,plain,y,G03J_7869_V4__NODE_58_length_41316_cov_25.470704-cat_1_16,0.0,0,50,1771,False
1412,plain,y,GCA_000144625_Protein2666,0.0,0,50,1012,False
1413,plain,y,GCA_000145035_Protein1847,0.0,0,50,6573,False
1414,plain,y,GCA_000025925_Protein2247,0.0,0,50,796,False
1415,plain,y,GCA_000025925_Protein2282,0.0,0,50,1138,False
1416,plain,y,GCA_000026065_Protein1806,0.0,0,50,454,False
1417,plain,y,GCA_000026205_Protein126,0.0,0,50,2848,False
1418,plain,y,GCA_000026405_Protein1220,0.0,0,50,14119,False
1419,plain,y,G03J_7872_V1__NODE_15_length_39975_cov_6.487361-cat_1_33,0.0,0,50,1138,False
1420,plain,y,GCA_000157975_Protein1439,0.0,0,50,2281,False
1421,plain,y,GCA_000157975_Protein410,0.0,0,50,1428,False
1422,plain,y,GCA_000157975_Protein76,0.0,0,50,1138,False
1423,plain,y,GCA_000157995_Protein1393,0.0,0,50,13126,False
1424,plain,y,GCA_000158075_Protein1769,0.0,0,50,2164,False
1425,plain,y,GCA_000156375_Protein1438,0.0,0,50,850,False
1426,plain,y,GCA_000156375_Protein2384,0.0,0,50,112,False
1427,plain,y,GCA_000156375_Protein743,0.0,0,50,56,False
1428,plain,y,GCA_000153925_Protein365,0.0,0,50,1138,False
1429,plain,y,GCA_000153925_Protein854,0.0,0,50,1822,False
1430,plain,y,GCA_000154345_Protein106,0.0,0,50,904,False
1431,plain,y,GCA_000154345_Protein154,0.0,0,50,850,False
1432,plain,y,GCA_000147235_Protein1028,0.0,0,50,1428,False
1433,plain,y,GCA_000147675_Protein270,0.0,0,50,2214,False
1434,plain,y,GCA_000153905_Protein1254,0.0,0,50,1403,False
1435,plain,y,GCA_000153905_Protein1750,0.0,0,50,850,False
1436,plain,y,GCA_000154465_Protein911,0.0,0,50,112,False
1437,plain,y,GCA_000154505_Protein1574,0.0,0,50,11398,False
1438,plain,y,GCA_000154505_Protein1644,0.0,0,50,1138,False
1439,plain,y,GCA_000154505_Protein1676,0.0,0,50,6144,False
1440,plain,y,GCA_000154345_Protein1844,0.0,0,50,11375,False
1441,plain,y,GCA_000154345_Protein1849,0.0,0,50,8352,False
1442,plain,y,GCA_000154345_Protein383,0.0,0,50,1822,False
1443,plain,y,GCA_000154365_Protein2120,0.0,0,50,742,False
1444,plain,y,GCA_000021705_Protein1746,0.0,0,50,399,False
1445,plain,y,GCA_000022065_Protein3044,0.0,0,50,2506,False
1446,plain,y,GCA_000022065_Protein515,0.0,0,50,5784,False
1447,plain,y,GCA_000022065_Protein698,0.0,0,50,7294,False
1448,plain,y,GCA_000024205_Protein4010,0.0,0,50,1012,False
1449,plain,y,GCA_000154385_Protein1245,0.0,0,50,850,False
1450,plain,y,GCA_000154465_Protein1543,0.0,0,50,168,False
1451,plain,y,GCA_000154465_Protein2216,0.0,0,50,56,False
1452,plain,y,GCA_000160135_Protein497,0.0,0,50,3754,False
1453,plain,y,GCA_000160535_Protein1529,0.0,0,50,454,False
1454,plain,y,GCA_000160635_Protein1630,0.0,0,50,2555,False
1455,plain,y,GCA_000162915_Protein1394,0.0,0,50,4515,False
1456,plain,y,GCA_000162915_Protein2339,0.0,0,50,280,False
1457,plain,y,GCA_000158655_Protein177,0.0,0,50,1138,False
1458,plain,y,GCA_000158655_Protein2746,0.0,0,50,3874,False
1459,plain,y,GCA_000158655_Protein739,0.0,0,50,1924,False
1460,plain,y,GCA_000155205_Protein1226,0.0,0,50,12061,False
1461,plain,y,GCA_000155875_Protein273,0.0,0,50,15148,False
1462,plain,y,GCA_000165735_Protein1206,0.0,0,50,3532,False
1463,plain,y,GCA_000165735_Protein481,0.0,0,50,742,False
1464,plain,y,GCA_000169235_Protein1291,0.0,0,50,1403,False
1465,plain,y,GCA_000169235_Protein194,0.0,0,50,1792,False
1466,plain,y,GCA_000169255_Protein3030,0.0,0,50,14532,False
1467,plain,y,GCA_000160075_Protein1461,0.0,0,50,6869,False
1468,plain,y,GCA_000156055_Protein1665,0.0,0,50,1532,False
1469,plain,y,GCA_000156055_Protein2174,0.0,0,50,7384,False
1470,plain,y,GCA_000156055_Protein383,0.0,0,50,850,False
1471,plain,y,GCA_000154505_Protein2222,0.0,0,50,1532,False
1472,plain,y,GCA_000154505_Protein2444,0.0,0,50,2604,False
1473,plain,y,GCA_000154565_Protein261,0.0,0,50,1456,False
1474,plain,y,GCA_000154565_Protein293,0.0,0,50,3670,False
1475,plain,y,GCA_000154565_Protein3524,0.0,0,50,1244,False
1476,plain,y,GCA_000157955_Protein1916,0.0,0,50,2896,False
1477,plain,y,GCA_000157955_Protein2392,0.0,0,50,7704,False
1478,plain,y,GCA_000157955_Protein2515,0.0,0,50,796,False
1479,plain,y,GCA_000157955_Protein2643,0.0,0,50,4900,False
1480,plain,y,GCA_000157955_Protein909,0.0,0,50,1584,False
1481,plain,y,GCA_000155875_Protein915,0.0,0,50,904,False
1482,plain,y,GCA_000155955_Protein607,0.0,0,50,1085,False
1483,plain,y,GCA_000156015_Protein164,0.0,0,50,12444,False
1484,plain,y,GCA_000160035_Protein1163,0.0,0,50,2114,False
1485,plain,y,GCA_000158075_Protein2179,0.0,0,50,5864,False
1486,plain,y,GCA_000158375_Protein827,0.0,0,50,1244,False
1487,plain,y,GCA_000158495_Protein1881,0.0,0,50,8044,False
1488,plain,y,GCA_000175795_Protein3610,0.0,0,50,2653,False
1489,plain,y,GCA_000175915_Protein464,0.0,0,50,2653,False
1490,plain,y,GCA_000177015_Protein1921,0.0,0,50,1532,False
1491,plain,y,GCA_000177355_Protein167,0.0,0,50,168,False
1492,plain,y,G03J_7875_V2__NODE_43_length_39373_cov_66.268855-cat_1_12,0.0,0,50,399,False
1493,plain,y,G03J_7875_V2__NODE_5_length_158380_cov_124.760047-cat_1_55,0.0,0,50,56,False
1494,plain,y,G03J_7879_V5__NODE_27_length_40968_cov_10.886736-cat_1_16,0.0,0,50,1924,False
1495,plain,y,G03J_7869_V4__NODE_58_length_41316_cov_25.470704-cat_1_56,0.0,0,50,2414,False
1496,plain,y,G03J_7869_V4__NODE_68_length_38217_cov_5.097985-cat_1_31,0.0,0,50,1771,False
1497,plain,y,G03J_7872_V1__NODE_14_length_41614_cov_7671.594797-cat_1_47,0.0,0,50,454,False
1498,plain,y,G03J_7872_V1__NODE_15_length_39975_cov_6.487361-cat_1_18,0.0,0,50,399,False
1499,plain,y,GCA_000160015_Protein835,0.0,0,50,13090,False
1500,plain,y,G03J_7944_V3__NODE_18_length_37141_cov_14080.686815-cat_1_7,0.0,0,50,1532,False
1501,plain,y,G03J_7944_V3__NODE_22_length_33943_cov_36.388636-cat_1_46,0.0,0,50,1584,False
1502,plain,y,G18F_V12__NODE_2_length_71688_cov_55.521058-cat_1_23,0.0,0,50,1403,False
1503,plain,y,G18F_V12__NODE_2_length_71688_cov_55.521058-cat_1_87,0.0,0,50,796,False
1504,plain,y,G18F_V12__NODE_3_length_61882_cov_13.703753_1-cat_1_59,0.0,0,50,11248,False
1505,plain,y,G18F_V12__NODE_40_length_9849_cov_19.022462-cat_1_10,0.0,0,50,1822,False
1506,plain,y,G18F_V12__NODE_40_length_9849_cov_19.022462-cat_1_4,0.0,0,50,3716,False
1507,plain,y,G03J_7875_V2__NODE_13_length_79479_cov_22.456790-cat_1_9,0.0,0,50,2052,False
1508,plain,y,GCA_000159695_Protein1631,0.0,0,50,3232,False
1509,plain,y,G01M_8661_V__NODE_89_length_48464_cov_11.616768_1-cat_1_19,0.0,0,50,399,False
1510,plain,y,G01M_8661_V__NODE_89_length_48464_cov_11.616768_1-cat_1_33,0.0,0,50,564,False
1511,plain,y,G01M_8653_V__NODE_54_length_59205_cov_11.222194-cat_5_20,0.0,0,50,4942,False
1512,plain,y,G01M_8653_V__NODE_595_length_6039_cov_13.369360-cat_1_8,0.0,0,50,1297,False
1513,plain,y,G01M_8653_V__NODE_59_length_53283_cov_8.421913-cat_1_43,0.0,0,50,1480,False
1514,plain,y,G01M_8653_V__NODE_5_length_209849_cov_7.125125_1-cat_1_40,0.0,0,50,1085,False
1515,plain,y,G01M_8653_V__NODE_5_length_209849_cov_7.125125_1-cat_1_43,0.0,0,50,1191,False
1516,plain,y,G01M_8768_V__NODE_243_length_12875_cov_3.483093-cat_1_13,0.0,0,50,1244,False
1517,plain,y,G01M_8768_V__NODE_49_length_66056_cov_17.868126_1-cat_1_16,0.0,0,50,1822,False
1518,plain,y,G01M_8768_V__NODE_605_length_6270_cov_1.310647-cat_1_2,0.0,0,50,3040,False
1519,plain,y,G01M_8661_V__NODE_13_length_144920_cov_4.586338_1-cat_1_14,0.0,0,50,56,False
1520,plain,y,G01M_8661_V__NODE_35_length_76799_cov_14.846010_1-cat_1_43,0.0,0,50,796,False
1521,plain,y,GCA_000173815_Protein3802,0.0,0,50,18922,False
1522,plain,y,GCA_000173815_Protein4171,0.0,0,50,509,False
1523,plain,y,GCA_000169475_Protein262,0.0,0,50,1138,False
1524,plain,y,G01M_8768_V__NODE_85_length_37977_cov_965.591795-cat_1_35,0.0,0,50,1297,False
1525,plain,y,G01M_8870_V__NODE_1_length_156793_cov_538.281293-cat_1_177,0.0,0,50,1085,False
1526,plain,y,G01M_8870_V__NODE_4_length_36728_cov_5.489912-cat_1_10,0.0,0,50,2555,False
1527,plain,y,G01M_8873_V__NODE_81_length_53477_cov_2.785361-cat_1_40,0.0,0,50,850,False
1528,plain,y,G01M_8873_V__NODE_81_length_53477_cov_2.785361-cat_1_58,0.0,0,50,454,False
1529,plain,y,G01M_8757_V__NODE_1_length_3078794_cov_40.607072_1-cat_1_25,0.0,0,50,742,False
1530,plain,y,G01M_8757_V__NODE_50_length_61947_cov_2.768335_1-cat_1_20,0.0,0,50,509,False
1531,plain,y,G01M_8768_V__NODE_217_length_13878_cov_1.566805-cat_1_18,0.0,0,50,564,False
1532,plain,y,G01M_8590_V__NODE_2_length_130483_cov_4.126841-cat_2_38,0.0,0,50,2848,False
1533,plain,y,G01M_8520_V__NODE_91_length_33987_cov_5.732472-cat_1_17,0.0,0,50,2264,False
1534,plain,y,G01M_8520_V__NODE_93_length_33336_cov_18.453561-cat_1_45,0.0,0,50,1688,False
1535,plain,y,G01M_8520_V__NODE_99_length_32349_cov_118.845302-cat_1_18,0.0,0,50,2314,False
1536,plain,y,G01M_8528_V__NODE_92_length_31526_cov_3.535272-cat_1_3,0.0,0,50,742,False
1537,plain,y,G01M_8528_V__NODE_92_length_31526_cov_3.535272-cat_1_4,0.0,0,50,742,False
1538,plain,y,G01M_8768_V__NODE_62_length_46922_cov_10.778036-cat_1_18,0.0,0,50,3328,False
1539,plain,y,G01M_8768_V__NODE_81_length_39901_cov_4.806040-cat_1_23,0.0,0,50,850,False
1540,plain,y,GCA_000174195_Protein515,0.0,0,50,1428,False
1541,plain,y,GCA_000174755_Protein230,0.0,0,50,56,False
1542,plain,y,GCA_000174755_Protein244,0.0,0,50,1771,False
1543,plain,y,GCA_000174895_Protein1753,0.0,0,50,16195,False
1544,plain,y,GCA_000173815_Protein1507,0.0,0,50,904,False
1545,plain,y,GCA_000173815_Protein1788,0.0,0,50,3284,False
1546,plain,y,GCA_000173815_Protein2322,0.0,0,50,1873,False
1547,plain,y,G01M_8590_V__NODE_21_length_50882_cov_278.535730-cat_1_5,0.0,0,50,1873,False
1548,plain,y,GCA_000178835_Protein675,0.0,0,50,2944,False
1549,plain,y,GCA_000210655_Protein3561,0.0,0,50,3472,False
1550,plain,y,GCA_000215085_Protein3340,0.0,0,50,2026,False
1551,plain,y,GCA_000224675_Protein1916,0.0,0,50,796,False
1552,plain,y,GCA_000230275_Protein329,0.0,0,50,3378,False
1553,plain,y,GCA_000210035_Protein1191,0.0,0,50,1085,False
1554,plain,y,GCA_000210095_Protein1139,0.0,0,50,6082,False
1555,plain,y,GCA_000210095_Protein1153,0.0,0,50,4009,False
1556,plain,y,GCA_000185385_Protein19,0.0,0,50,1428,False
1557,plain,y,GCA_000186505_Protein820,0.0,0,50,4216,False
1558,plain,y,GCA_000177375_Protein317,0.0,0,50,9094,False
1559,plain,y,GCA_000178155_Protein2198,0.0,0,50,1191,False
1560,plain,y,GCA_000178835_Protein1639,0.0,0,50,454,False
1561,plain,y,GCA_000178835_Protein2681,0.0,0,50,509,False
1562,plain,y,GCA_000178835_Protein3548,0.0,0,50,1584,False
1563,plain,y,GCA_000178835_Protein4115,0.0,0,50,2164,False
1564,plain,y,GCA_000190355_Protein876,0.0,0,50,1480,False
1565,plain,y,GCA_000190535_Protein2611,0.0,0,50,796,False
1566,plain,y,GCA_000189595_Protein1609,0.0,0,50,14462,False
1567,plain,y,GCA_000189595_Protein4429,0.0,0,50,1771,False
1568,plain,y,GCA_000179395_Protein2983,0.0,0,50,1873,False
1569,plain,y,GCA_000179675_Protein590,0.0,0,50,509,False
1570,plain,y,GCA_000184475_Protein1950,0.0,0,50,509,False
1571,plain,y,GCA_000184475_Protein3796,0.0,0,50,796,False
1572,plain,y,GCA_000169475_Protein3222,0.0,0,50,12747,False
1573,plain,y,GCA_000173795_Protein1996,0.0,0,50,850,False
1574,plain,y,GCA_000173795_Protein576,0.0,0,50,4729,False
1575,plain,y,GCA_000173815_Protein121,0.0,0,50,7636,False
1576,plain,y,GCA_000189595_Protein4523,0.0,0,50,1138,False
1577,plain,y,GCA_000190355_Protein2509,0.0,0,50,11718,False
1578,plain,y,GCA_000190355_Protein2745,0.0,0,50,1085,False
1579,plain,y,GCA_000190355_Protein409,0.0,0,50,1532,False
1580,plain,y,G01M_8653_V__NODE_162_length_20494_cov_123.989949-cat_1_15,0.0,0,50,399,False
1581,plain,y,G01M_8653_V__NODE_221_length_15810_cov_6.060849-cat_1_2,0.0,0,50,1822,False
1582,plain,y,G01M_8533_V__NODE_26_length_7215_cov_1.585582-cat_1_9,0.0,0,50,1297,False
1583,plain,y,G01M_8588_V__NODE_36_length_41599_cov_8.755253-cat_1_4,0.0,0,50,1740,False
1584,plain,y,G01M_8588_V__NODE_36_length_41599_cov_8.755253-cat_1_46,0.0,0,50,796,False
1585,plain,y,G01M_8590_V__NODE_21_length_50882_cov_278.535730-cat_1_22,0.0,0,50,2555,False
1586,plain,y,GCA_000209385_Protein1749,0.0,0,50,1138,False
1587,plain,y,GCA_000191405_Protein285,0.0,0,50,742,False
1588,plain,y,G01M_8653_V__NODE_324_length_10201_cov_19.235795-cat_2_11,0.0,0,50,742,False
1589,plain,y,G01M_8653_V__NODE_43_length_70894_cov_3.735080-cat_2_3,0.0,0,50,1771,False
1590,plain,y,G01M_8653_V__NODE_446_length_7719_cov_8.306430-cat_2_2,0.0,0,50,796,False
1591,plain,y,G01M_8653_V__NODE_52_length_61497_cov_259.536272-cat_1_47,0.0,0,50,1532,False
1592,plain,y,G01M_8653_V__NODE_52_length_61497_cov_259.536272-cat_1_49,0.0,0,50,1532,False
1593,plain,y,G01M_8590_V__NODE_42_length_33246_cov_3.200018-cat_1_44,0.0,0,50,1975,False
1594,plain,y,G01M_8597_V__NODE_3_length_444097_cov_13.084487_1-cat_1_21,0.0,0,50,796,False
1595,plain,y,G01M_8653_V__NODE_141_length_23020_cov_7.165743-cat_1_20,0.0,0,50,2464,False
1596,plain,y,G01M_8520_V__NODE_590_length_7647_cov_26.747218-cat_2_4,0.0,0,50,1403,False
1597,plain,y,G01M_8520_V__NODE_35_length_43516_cov_2.507843-cat_1_19,0.0,0,50,2555,False
1598,plain,y,G01M_8520_V__NODE_36_length_43400_cov_20.886931-cat_1_49,0.0,0,50,850,False
1599,plain,y,G01M_8520_V__NODE_438_length_9906_cov_16.472112-cat_2_14,0.0,0,50,3237,False
1600,plain,y,G01M_8520_V__NODE_44_length_42122_cov_121.959165-cat_1_40,0.0,0,50,2464,False
1601,plain,y,G01M_8520_V__NODE_48_length_41025_cov_10.652250-cat_1_36,0.0,0,50,742,False
1602,plain,y,G01M_8520_V__NODE_499_length_8757_cov_1.722222-cat_1_5,0.0,0,50,1873,False
1603,plain,y,G01M_8653_V__NODE_273_length_12689_cov_29.692375-cat_2_6,0.0,0,50,850,False
1604,plain,y,GCA_000210095_Protein1232,0.0,0,50,2848,False
1605,plain,y,GCA_000210095_Protein1493,0.0,0,50,4558,False
1606,plain,y,GCA_000210095_Protein876,0.0,0,50,850,False
1607,plain,y,GCA_000205025_Protein1190,0.0,0,50,399,False
1608,plain,y,GCA_000205025_Protein681,0.0,0,50,742,False
1609,plain,y,GCA_000205025_Protein921,0.0,0,50,399,False
1610,plain,y,GCA_000205165_Protein2681,0.0,0,50,796,False
1611,plain,y,G01M_8520_V__NODE_583_length_7720_cov_2.163889-cat_2_3,0.0,0,50,1085,False
1612,plain,y,G01M_8520_V__NODE_74_length_36544_cov_4.109315_1-cat_1_15,0.0,0,50,742,False
1613,plain,y,G01M_8520_V__NODE_765_length_5812_cov_1.956065-cat_1_7,0.0,0,50,796,False
1614,plain,y,G01M_8520_V__NODE_76_length_36129_cov_9.130863-cat_1_38,0.0,0,50,2179,False
1615,plain,y,G01M_8520_V__NODE_76_length_36129_cov_9.130863-cat_1_39,0.0,0,50,742,False
1616,plain,y,G01M_8520_V__NODE_7_length_91674_cov_42.595599-cat_1_154,0.0,0,50,1350,False
1617,plain,y,G01M_8520_V__NODE_7_length_91674_cov_42.595599-cat_1_157,0.0,0,50,904,False
1618,plain,y,G01M_8520_V__NODE_60_length_39369_cov_6.120015-cat_1_12,0.0,0,50,6454,False
1619,plain,y,G01M_8520_V__NODE_74_length_36544_cov_4.109315_1-cat_1_10,0.0,0,50,1085,False
1620,plain,y,GCA_000234055_Protein2140,0.0,0,50,1085,False
1621,plain,y,G01M_8520_V__NODE_167_length_21557_cov_6.916814-cat_1_10,0.0,0,50,454,False
1622,plain,y,G01M_8520_V__NODE_168_length_21516_cov_17.813419-cat_1_16,0.0,0,50,1138,False
1623,plain,y,G01M_8520_V__NODE_175_length_20441_cov_4.361567-cat_1_14,0.0,0,50,1244,False
1624,plain,y,G01M_8519_V__NODE_71_length_40744_cov_7.412597-cat_1_36,0.0,0,50,2214,False
1625,plain,y,G01M_8519_V__NODE_82_length_38008_cov_10.109103-cat_1_27,0.0,0,50,2000,False
1626,plain,y,G01M_8519_V__NODE_96_length_35840_cov_3.573627_1-cat_1_10,0.0,0,50,2944,False
1627,plain,y,G01M_8520_V__NODE_100_length_32082_cov_2.973048-cat_1_14,0.0,0,50,1532,False
1628,plain,y,GCA_000242435_Protein403,0.0,0,50,11375,False
1629,plain,y,GCA_000242435_Protein440,0.0,0,50,7364,False
1630,plain,y,GCA_000240185_Protein1581,0.0,0,50,399,False
1631,plain,y,GCA_000240185_Protein2758,0.0,0,50,796,False
1632,plain,y,GCA_000240185_Protein800,0.0,0,50,454,False
1633,plain,y,GCA_000242315_Protein2128,0.0,0,50,509,False
1634,plain,y,GCA_000233955_Protein2878,0.0,0,50,13108,False
1635,plain,y,GCA_000233955_Protein441,0.0,0,50,112,False
1636,plain,y,GCA_000194925_Protein198,0.0,0,50,509,False
1637,plain,y,GCA_000204355_Protein1598,0.0,0,50,1085,False
1638,plain,y,GCA_000204355_Protein305,0.0,0,50,509,False
1639,plain,y,GCA_000204355_Protein64,0.0,0,50,2944,False
1640,plain,y,GCA_000205025_Protein1131,0.0,0,50,399,False
1641,plain,y,GCA_000205025_Protein1160,0.0,0,50,336,False
1642,plain,y,GCA_000242335_Protein1790,0.0,0,50,796,False
1643,plain,y,GCA_000242435_Protein1357,0.0,0,50,10689,False
1644,plain,y,GCA_000277625_Protein1461,0.0,0,50,509,False
1645,plain,y,GCA_000277625_Protein2135,0.0,0,50,1584,False
1646,plain,y,GCA_000364245_Protein4007,0.0,0,50,1085,False
1647,plain,y,GCA_000364245_Protein4173,0.0,0,50,796,False
1648,plain,y,GCA_000371625_Protein3237,0.0,0,50,1085,False
1649,plain,y,GCA_000373865_Protein2429,0.0,0,50,904,False
1650,plain,y,GCA_000378425_Protein1589,0.0,0,50,9828,False
1651,plain,y,GCA_000378425_Protein3331,0.0,0,50,8044,False
1652,plain,y,GCA_000283575_Protein3841,0.0,0,50,3331,False
1653,plain,y,GCA_000285575_Protein1254,0.0,0,50,9810,False
1654,plain,y,GCA_000285855_Protein1391,0.0,0,50,5283,False
1655,plain,y,GCA_000244875_Protein3856,0.0,0,50,4942,False
1656,plain,y,GCA_000248015_Protein2629,0.0,0,50,509,False
1657,plain,y,GCA_000248015_Protein985,0.0,0,50,454,False
1658,plain,y,GCA_000262085_Protein821,0.0,0,50,4172,False
1659,plain,y,GCA_000270305_Protein1824,0.0,0,50,1480,False
1660,plain,y,GCA_000309845_Protein876,0.0,0,50,1085,False
1661,plain,y,GCA_000297115_Protein1454,0.0,0,50,3237,False
1662,plain,y,GCA_000300195_Protein2006,0.0,0,50,17896,False
1663,plain,y,GCA_000307265_Protein1549,0.0,0,50,1012,False
1664,plain,y,GCA_000307265_Protein1770,0.0,0,50,1562,False
1665,plain,y,GCA_000281255_Protein202,0.0,0,50,399,False
1666,plain,y,GCA_000283575_Protein3767,0.0,0,50,2457,False
1667,plain,y,GCA_000283575_Protein3840,0.0,0,50,5152,False
1668,plain,y,G01M_8520_V__NODE_56_length_39974_cov_24.639574-cat_1_38,0.0,0,50,1174,False
1669,plain,y,GCA_000236865_Protein1308,0.0,0,50,3040,False
1670,plain,y,GCA_000233455_Protein1195,0.0,0,50,1191,False
1671,plain,y,GCA_000307285_Protein1066,0.0,0,50,17559,False
1672,plain,y,GCA_000307285_Protein1579,0.0,0,50,3190,False
1673,plain,y,GCA_000309845_Protein1593,0.0,0,50,6349,False
1674,plain,y,GCA_000309845_Protein2590,0.0,0,50,1844,False
1675,plain,y,GCA_000309845_Protein4073,0.0,0,50,16863,False
1676,plain,y,GCA_000411335_Protein2685,0.0,0,50,2898,False
1677,plain,y,GCA_000411335_Protein593,0.0,0,50,2264,False
1678,plain,y,GCA_000398925_Protein3062,0.0,0,50,1873,False
1679,plain,y,GCA_000403355_Protein1245,0.0,0,50,2214,False
1680,plain,y,GCA_000403395_Protein1646,0.0,0,50,1615,False
1681,plain,y,GCA_000403395_Protein2955,0.0,0,50,796,False
1682,plain,y,GCA_000389635_Protein2902,0.0,0,50,1924,False
1683,plain,y,GCA_000389635_Protein4390,0.0,0,50,1509,False
1684,plain,y,GCA_000313565_Protein1025,0.0,0,50,12061,False
1685,plain,y,GCA_000313565_Protein2850,0.0,0,50,18238,False
1686,plain,y,GCA_000313565_Protein470,0.0,0,50,11444,False
1687,plain,y,GCA_000313565_Protein812,0.0,0,50,1191,False
1688,plain,y,GCA_000314795_Protein1164,0.0,0,50,56,False
1689,plain,y,GCA_000403435_Protein2595,0.0,0,50,1822,False
1690,plain,y,GCA_000403435_Protein3175,0.0,0,50,2947,False
1691,plain,y,GCA_000411335_Protein145,0.0,0,50,399,False
1692,plain,y,GCA_000320405_Protein2968,0.0,0,50,1873,False
1693,plain,y,GCA_000328905_Protein3707,0.0,0,50,4304,False
1694,plain,y,GCA_000330945_Protein3200,0.0,0,50,1428,False
1695,plain,y,GCA_000331995_Protein326,0.0,0,50,11080,False
1696,plain,y,GCA_000332875_Protein1167,0.0,0,50,4348,False
1697,plain,y,GCA_000332875_Protein1840,0.0,0,50,3532,False
1698,plain,y,GCA_000311845_Protein311,0.0,0,50,742,False
1699,plain,y,GCA_000313565_Protein1003,0.0,0,50,3143,False
1700,plain,y,GCA_000341505_Protein2219,0.0,0,50,509,False
1701,plain,y,GCA_000350485_Protein3973,0.0,0,50,15160,False
1702,plain,y,GCA_000364165_Protein1338,0.0,0,50,18238,False
1703,plain,y,GCA_000364165_Protein1969,0.0,0,50,796,False
1704,plain,y,GCA_000364165_Protein2530,0.0,0,50,1584,False
1705,plain,y,GCA_000364165_Protein756,0.0,0,50,1688,False
1706,plain,y,GCA_000364245_Protein1968,0.0,0,50,454,False
1707,plain,y,GCA_000320405_Protein2411,0.0,0,50,3664,False
1708,plain,y,GCA_000398925_Protein2324,0.0,0,50,1350,False
1709,plain,y,GCA_000383295_Protein2341,0.0,0,50,3040,False
1710,plain,y,GCA_000383295_Protein346,0.0,0,50,2026,False
1711,plain,y,GCA_000383295_Protein733,0.0,0,50,3136,False
1712,plain,y,GCA_000389635_Protein1289,0.0,0,50,1191,False
1713,plain,y,GCA_000466645_Protein453,0.0,0,50,399,False
1714,plain,y,GCA_000467935_Protein1765,0.0,0,50,7364,False
1715,plain,y,GCA_000467935_Protein844,0.0,0,50,742,False
1716,plain,y,G01M_8520_V__NODE_180_length_19791_cov_15.384776-cat_1_18,0.0,0,50,6264,False
1717,plain,y,G01M_8520_V__NODE_291_length_13819_cov_3.127187-cat_1_13,0.0,0,50,2849,False
1718,plain,y,G01M_8520_V__NODE_29_length_44430_cov_6.707609-cat_1_45,0.0,0,50,2814,False
1719,plain,y,G01M_8520_V__NODE_300_length_13408_cov_1.386205-cat_2_13,0.0,0,50,8176,False
1720,plain,y,G01M_8520_V__NODE_100_length_32082_cov_2.973048-cat_1_15,0.0,0,50,796,False
1721,plain,y,G01M_8520_V__NODE_105_length_31564_cov_5.851073-cat_1_27,0.0,0,50,2564,False
1722,plain,y,G01M_8520_V__NODE_144_length_24954_cov_3.465098-cat_1_13,0.0,0,50,6160,False
1723,plain,y,GCA_000393935_Protein687,0.0,0,50,5246,False
1724,plain,y,G01M_8519_V__NODE_20_length_139779_cov_8.218471-cat_1_7,0.0,0,50,224,False
1725,plain,y,G01M_8520_V__NODE_309_length_13229_cov_1.821630-cat_1_20,0.0,0,50,796,False
1726,plain,y,G01M_8520_V__NODE_31_length_44153_cov_9.096495-cat_1_43,0.0,0,50,3919,False
1727,plain,y,G01M_8520_V__NODE_34_length_43819_cov_20.551006-cat_1_61,0.0,0,50,3192,False
1728,plain,y,G01M_8520_V__NODE_353_length_11880_cov_2.747984-cat_1_12,0.0,0,50,850,False
1729,plain,y,G01M_8520_V__NODE_353_length_11880_cov_2.747984-cat_1_2,0.0,0,50,1191,False
1730,plain,y,G01M_8520_V__NODE_175_length_20441_cov_4.361567-cat_1_25,0.0,0,50,1032,False
1731,plain,y,G01M_8520_V__NODE_17_length_53223_cov_14.378849-cat_1_13,0.0,0,50,1191,False
1732,plain,y,GCA_000393935_Protein445,0.0,0,50,564,False
1733,plain,y,G01M_8519_V__NODE_273_length_10004_cov_2.131853-cat_2_3,0.0,0,50,1792,False
1734,plain,y,G01M_8519_V__NODE_40_length_69192_cov_20.149914-cat_1_112,0.0,0,50,958,False
1735,plain,y,G01M_8519_V__NODE_138_length_22984_cov_3.300983-cat_1_28,0.0,0,50,4234,False
1736,plain,y,G01M_8519_V__NODE_161_length_17878_cov_3.573373-cat_2_4,0.0,0,50,3284,False
1737,plain,y,G01M_8519_V__NODE_201_length_13351_cov_1.749321-cat_1_4,0.0,0,50,2104,False
1738,plain,y,G01M_8519_V__NODE_20_length_139779_cov_8.218471-cat_1_181,0.0,0,50,2506,False
1739,plain,y,G01M_8519_V__NODE_20_length_139779_cov_8.218471-cat_1_182,0.0,0,50,454,False
1740,plain,y,GCA_000585355_Protein897,0.0,0,50,796,False
1741,plain,y,GCA_000612845_Protein1557,0.0,0,50,1480,False
1742,plain,y,GCA_000612845_Protein2037,0.0,0,50,796,False
1743,plain,y,GCA_000612845_Protein3887,0.0,0,50,1844,False
1744,plain,y,GCA_000612845_Protein466,0.0,0,50,2414,False
1745,plain,y,GCA_000614025_Protein1580,0.0,0,50,112,False
1746,plain,y,GCA_000526495_Protein3026,0.0,0,50,13108,False
1747,plain,y,GCA_000526775_Protein2147,0.0,0,50,9688,False
1748,plain,y,GCA_000439915_Protein1577,0.0,0,50,5529,False
1749,plain,y,GCA_000420925_Protein2195,0.0,0,50,9375,False
1750,plain,y,GCA_000421405_Protein616,0.0,0,50,12424,False
1751,plain,y,GCA_000421405_Protein773,0.0,0,50,3284,False
1752,plain,y,GCA_000421965_Protein1600,0.0,0,50,4144,False
1753,plain,y,GCA_000421965_Protein2148,0.0,0,50,4480,False
1754,plain,y,GCA_000421965_Protein605,0.0,0,50,1428,False
1755,plain,y,GCA_000422085_Protein253,0.0,0,50,399,False
1756,plain,y,GCA_000452225_Protein234,0.0,0,50,2364,False
1757,plain,y,GCA_000452225_Protein2452,0.0,0,50,2364,False
1758,plain,y,GCA_000452225_Protein503,0.0,0,50,15148,False
1759,plain,y,GCA_000422085_Protein3050,0.0,0,50,796,False
1760,plain,y,GCA_000422085_Protein3805,0.0,0,50,796,False
1761,plain,y,GCA_000422085_Protein4622,0.0,0,50,454,False
1762,plain,y,GCA_000423925_Protein1547,0.0,0,50,1532,False
1763,plain,y,GCA_000424165_Protein2027,0.0,0,50,15172,False
1764,plain,y,GCA_000468015_Protein1715,0.0,0,50,1688,False
1765,plain,y,GCA_000468015_Protein292,0.0,0,50,3486,False
1766,plain,y,GCA_000468015_Protein673,0.0,0,50,5624,False
1767,plain,y,GCA_000469385_Protein1201,0.0,0,50,1822,False
1768,plain,y,GCA_000469385_Protein1887,0.0,0,50,1428,False
1769,plain,y,GCA_000444055_Protein1546,0.0,0,50,5228,False
1770,plain,y,GCA_000444055_Protein3438,0.0,0,50,15844,False
1771,plain,y,GCA_000452225_Protein2010,0.0,0,50,15864,False
1772,plain,y,G01M_8519_V__NODE_49_length_54304_cov_467.121889-cat_1_64,0.0,0,50,3284,False
1773,plain,y,G01M_8519_V__NODE_236_length_10976_cov_6.609911-cat_1_2,0.0,0,50,2332,False
1774,plain,y,G01M_8519_V__NODE_264_length_10098_cov_1.861986-cat_2_1,0.0,0,50,2264,False
1775,plain,y,G01M_8519_V__NODE_26_length_97402_cov_3.961091-cat_1_82,0.0,0,50,1224,False
1776,plain,y,GCA_000526495_Protein1154,0.0,0,50,9462,False
1777,plain,y,GCA_000526495_Protein2604,0.0,0,50,6572,False
1778,plain,y,GCA_000469385_Protein1969,0.0,0,50,2314,False
1779,plain,y,GCA_000469625_Protein2550,0.0,0,50,16877,False
1780,plain,y,G01M_8519_V__NODE_49_length_54304_cov_467.121889-cat_1_73,0.0,0,50,1191,False
1781,plain,y,G01M_8519_V__NODE_591_length_5785_cov_5.855610-cat_2_2,0.0,0,50,2092,False
1782,plain,y,G01M_8519_V__NODE_61_length_43714_cov_199.322504-cat_1_71,0.0,0,50,2077,False
1783,plain,y,G01M_8519_V__NODE_63_length_42909_cov_17.204088-cat_1_7,0.0,0,50,1297,False
1784,plain,y,G01M_8519_V__NODE_44_length_57744_cov_1095.938208-cat_1_25,0.0,0,50,1282,False
1785,plain,y,G01M_8519_V__NODE_45_length_56861_cov_2.301064-cat_1_35,0.0,0,50,796,False
1786,plain,y,G01M_8519_V__NODE_486_length_6704_cov_2.208781-cat_1_2,0.0,0,50,3900,False
1787,plain,y,G01M_8519_V__NODE_49_length_54304_cov_467.121889-cat_1_14,0.0,0,50,3284,False
1788,plain,y,G01M_8418_V__NODE_71_length_39831_cov_72.560984-cat_1_12,0.0,0,50,2800,False
1789,plain,y,G01M_8418_V__NODE_733_length_5305_cov_2.399731-cat_1_5,0.0,0,50,3136,False
1790,plain,y,G01M_8418_V__NODE_46_length_51191_cov_41.953887-cat_1_39,0.0,0,50,1532,False
1791,plain,y,G01M_8418_V__NODE_46_length_51191_cov_41.953887-cat_1_44,0.0,0,50,1873,False
1792,plain,y,G01M_8418_V__NODE_553_length_6974_cov_2.049745-cat_1_6,0.0,0,50,2849,False
1793,plain,y,G01M_8418_V__NODE_55_length_44676_cov_3.655674-cat_1_17,0.0,0,50,224,False
1794,plain,y,G01M_8418_V__NODE_60_length_42055_cov_50.106111-cat_1_33,0.0,0,50,904,False
1795,plain,y,G01M_8519_V__NODE_49_length_54304_cov_467.121889-cat_1_67,0.0,0,50,3284,False
1796,plain,y,GCA_000526995_Protein1165,0.0,0,50,8011,False
1797,plain,y,GCA_000526995_Protein1225,0.0,0,50,3854,False
1798,plain,y,GCA_000550805_Protein21,0.0,0,50,3874,False
1799,plain,y,GCA_000577895_Protein1090,0.0,0,50,1822,False
1800,plain,y,GCA_000577895_Protein607,0.0,0,50,16186,False
1801,plain,y,GCA_000504545_Protein1278,0.0,0,50,399,False
1802,plain,y,GCA_000508905_Protein6470,0.0,0,50,850,False
1803,plain,y,G01M_8418_V__NODE_66_length_40805_cov_6.253452-cat_1_32,0.0,0,50,904,False
1804,plain,y,GCA_000753355_Protein1609,0.0,0,50,1771,False
1805,plain,y,GCA_000712055_Protein478,0.0,0,50,2555,False
1806,plain,y,GCA_000734965_Protein2556,0.0,0,50,454,False
1807,plain,y,GCA_000746025_Protein190,0.0,0,50,18922,False
1808,plain,y,GCA_000746025_Protein3302,0.0,0,50,4216,False
1809,plain,y,GCA_000710785_Protein5068,0.0,0,50,509,False
1810,plain,y,GCA_000711235_Protein3023,0.0,0,50,1456,False
1811,plain,y,GCA_000711975_Protein1994,0.0,0,50,8631,False
1812,plain,y,GCA_000620945_Protein1243,0.0,0,50,1403,False
1813,plain,y,GCA_000621785_Protein476,0.0,0,50,7602,False
1814,plain,y,GCA_000622085_Protein495,0.0,0,50,904,False
1815,plain,y,GCA_000633595_Protein2291,0.0,0,50,3964,False
1816,plain,y,GCA_000746025_Protein888,0.0,0,50,1428,False
1817,plain,y,GCA_000751675_Protein2188,0.0,0,50,1873,False
1818,plain,y,GCA_000751675_Protein2233,0.0,0,50,399,False
1819,plain,y,GCA_000751675_Protein3759,0.0,0,50,10346,False
1820,plain,y,GCA_000687695_Protein1441,0.0,0,50,13450,False
1821,plain,y,GCA_000687955_Protein865,0.0,0,50,1138,False
1822,plain,y,GCA_000686125_Protein1199,0.0,0,50,2848,False
1823,plain,y,GCA_000686125_Protein1652,0.0,0,50,1532,False
1824,plain,y,GCA_000686125_Protein2603,0.0,0,50,1138,False
1825,plain,y,GCA_000686645_Protein1116,0.0,0,50,4858,False
1826,plain,y,GCA_000686645_Protein883,0.0,0,50,14818,False
1827,plain,y,GCA_000614065_Protein1988,0.0,0,50,10398,False
1828,plain,y,GCA_000469625_Protein3761,0.0,0,50,1138,False
1829,plain,y,GCA_000483125_Protein957,0.0,0,50,5530,False
1830,plain,y,GCA_000498355_Protein2865,0.0,0,50,1138,False
1831,plain,y,GCA_000688375_Protein1303,0.0,0,50,509,False
1832,plain,y,GCA_000688375_Protein2682,0.0,0,50,509,False
1833,plain,y,GCA_000686725_Protein1862,0.0,0,50,4054,False
1834,plain,y,GCA_000686725_Protein2351,0.0,0,50,1191,False
1835,plain,y,GCA_000686725_Protein2429,0.0,0,50,2414,False
1836,plain,y,G01M_8418_V__NODE_669_length_5808_cov_2.278332-cat_1_4,0.0,0,50,6355,False
1837,plain,y,GCA_000702245_Protein1459,0.0,0,50,5324,False
1838,plain,y,GCA_000702985_Protein2367,0.0,0,50,399,False
1839,plain,y,GCA_000702985_Protein421,0.0,0,50,3136,False
1840,plain,y,GCA_000703065_Protein38,0.0,0,50,3532,False
1841,plain,y,GCA_000703165_Protein2649,0.0,0,50,2896,False
1842,plain,y,GCA_000710785_Protein2335,0.0,0,50,454,False
1843,plain,y,GCA_000829905_Protein94,0.0,0,50,2264,False
1844,plain,y,G01M_8418_V__NODE_764_length_5034_cov_2.821074-cat_2_4,0.0,0,50,796,False
1845,plain,y,G01M_8418_V__NODE_770_length_5007_cov_1.926039-cat_1_4,0.0,0,50,1297,False
1846,plain,y,G01M_8418_V__NODE_771_length_5006_cov_1.863460-cat_1_4,0.0,0,50,2638,False
1847,plain,y,G01M_8418_V__NODE_77_length_38690_cov_206.608587-cat_1_56,0.0,0,50,1138,False
1848,plain,y,G01M_8418_V__NODE_79_length_38461_cov_120.673505-cat_1_36,0.0,0,50,2128,False
1849,plain,y,G01M_8418_V__NODE_79_length_38461_cov_120.673505-cat_1_40,0.0,0,50,850,False
1850,plain,y,G01M_8418_V__NODE_7_length_183968_cov_15.396119-cat_1_158,0.0,0,50,564,False
1851,plain,y,G01M_8418_V__NODE_618_length_6339_cov_11.472917-cat_2_4,0.0,0,50,1138,False
1852,plain,y,G01M_8418_V__NODE_14_length_108550_cov_8.886225-cat_1_47,0.0,0,50,1428,False
1853,plain,y,G01M_8418_V__NODE_14_length_108550_cov_8.886225-cat_1_65,0.0,0,50,2896,False
1854,plain,y,G01M_8418_V__NODE_152_length_22107_cov_2.077972-cat_2_31,0.0,0,50,4172,False
1855,plain,y,G01M_8418_V__NODE_7_length_183968_cov_15.396119-cat_1_229,0.0,0,50,796,False
1856,plain,y,G01M_8418_V__NODE_7_length_183968_cov_15.396119-cat_1_41,0.0,0,50,56,False
1857,plain,y,G01M_8418_V__NODE_97_length_34792_cov_13.484593-cat_1_12,0.0,0,50,1924,False
1858,plain,y,G01M_8418_V__NODE_9_length_166248_cov_68.576627-cat_1_215,0.0,0,50,742,False
1859,plain,y,G01M_8519_V__NODE_104_length_33872_cov_5.808131-cat_1_33,0.0,0,50,904,False
1860,plain,y,GCA_000711975_Protein2552,0.0,0,50,5544,False
1861,plain,y,G01M_8418_V__NODE_185_length_18991_cov_8.048486-cat_1_16,0.0,0,50,1924,False
1862,plain,y,G01M_8418_V__NODE_196_length_17615_cov_7.055435-cat_1_14,0.0,0,50,1584,False
1863,plain,y,G01M_8418_V__NODE_12_length_115766_cov_34.835545-cat_1_20,0.0,0,50,958,False
1864,plain,y,G01M_8418_V__NODE_12_length_115766_cov_34.835545-cat_1_42,0.0,0,50,399,False
1865,plain,y,G01M_8418_V__NODE_137_length_24629_cov_5.528863-cat_1_24,0.0,0,50,850,False
1866,plain,y,G01M_8418_V__NODE_137_length_24629_cov_5.528863-cat_1_8,0.0,0,50,1532,False
1867,plain,y,G01M_8418_V__NODE_139_length_23976_cov_3.700046-cat_1_40,0.0,0,50,6550,False
1868,plain,y,G01M_8418_V__NODE_46_length_51191_cov_41.953887-cat_1_12,0.0,0,50,3284,False
1869,plain,y,G01M_8418_V__NODE_46_length_51191_cov_41.953887-cat_1_35,0.0,0,50,3284,False
1870,plain,y,G01M_8418_V__NODE_22_length_79175_cov_53.912578-cat_1_32,0.0,0,50,2039,False
1871,plain,y,G01M_8418_V__NODE_22_length_79175_cov_53.912578-cat_1_64,0.0,0,50,1403,False
1872,plain,y,G01M_8418_V__NODE_276_length_12638_cov_3.492783-cat_1_2,0.0,0,50,1740,False
1873,plain,y,G01M_8418_V__NODE_293_length_12052_cov_7.527650-cat_2_19,0.0,0,50,11056,False
1874,plain,y,G01M_8418_V__NODE_334_length_10940_cov_3.114104-cat_1_4,0.0,0,50,3237,False
1875,plain,y,G01M_8418_V__NODE_161_length_21194_cov_5.963735-cat_1_12,0.0,0,50,1924,False
1876,plain,y,G01M_8396_V__NODE_259_length_8106_cov_4.009866-cat_2_2,0.0,0,50,1282,False
1877,plain,y,G01M_8396_V__NODE_29_length_42278_cov_50.969203-cat_1_31,0.0,0,50,2026,False
1878,plain,y,G01M_8396_V__NODE_47_length_35473_cov_34.790807-cat_1_39,0.0,0,50,2896,False
1879,plain,y,G01M_8396_V__NODE_48_length_35135_cov_19.420339-cat_1_38,0.0,0,50,1138,False
1880,plain,y,G01M_8418_V__NODE_398_length_9289_cov_1.800000-cat_1_3,0.0,0,50,6082,False
1881,plain,y,G01M_8418_V__NODE_418_length_8974_cov_3.075042-cat_2_1,0.0,0,50,3241,False
1882,plain,y,G01M_8418_V__NODE_42_length_53897_cov_22.083869_1-cat_1_6,0.0,0,50,3190,False
1883,plain,y,G01M_8418_V__NODE_43_length_53561_cov_2.810127-cat_1_30,0.0,0,50,2164,False
1884,plain,y,GCA_000829905_Protein2601,0.0,0,50,1740,False
1885,plain,y,GCA_000759795_Protein1303,0.0,0,50,454,False
1886,plain,y,GCA_000759795_Protein3392,0.0,0,50,399,False
1887,plain,y,GCA_000759795_Protein3992,0.0,0,50,454,False
1888,plain,y,GCA_000802095_Protein2162,0.0,0,50,2164,False
1889,plain,y,G01M_8399_V__NODE_26_length_46773_cov_18.362150-cat_1_50,0.0,0,50,56,False
1890,plain,y,G01M_8399_V__NODE_33_length_42561_cov_35.076680-cat_1_15,0.0,0,50,1584,False
1891,plain,y,G01M_8399_V__NODE_38_length_38481_cov_8.535147-cat_1_31,0.0,0,50,850,False
1892,plain,y,GCA_000875945_Protein2402,0.0,0,50,1636,False
1893,plain,y,GCA_000953195_Protein184,0.0,0,50,2214,False
1894,plain,y,GCA_000961575_Protein828,0.0,0,50,10030,False
1895,plain,y,GCA_000961585_Protein1657,0.0,0,50,2898,False
1896,plain,y,GCA_000961595_Protein1292,0.0,0,50,17206,False
1897,plain,y,GCA_000820705_Protein281,0.0,0,50,2506,False
1898,plain,y,GCA_000828515_Protein420,0.0,0,50,18925,False
1899,plain,y,GCA_000829905_Protein165,0.0,0,50,904,False
1900,plain,y,GCA_001022195_Protein3597,0.0,0,50,1138,False
1901,plain,y,GCA_001022195_Protein6124,0.0,0,50,399,False
1902,plain,y,GCA_001023515_Protein1444,0.0,0,50,4172,False
1903,plain,y,GCA_001023515_Protein2358,0.0,0,50,958,False
1904,plain,y,GCA_001403635_Protein426,0.0,0,50,4172,False
1905,plain,y,GCA_001403635_Protein947,0.0,0,50,2555,False
1906,plain,y,GCA_001435315_Protein7,0.0,0,50,1428,False
1907,plain,y,GCA_001435315_Protein968,0.0,0,50,3425,False
1908,plain,y,GCA_001023515_Protein46,0.0,0,50,3237,False
1909,plain,y,GCA_001040725_Protein1571,0.0,0,50,454,False
1910,plain,y,GCA_001040725_Protein510,0.0,0,50,399,False
1911,plain,y,GCA_001047375_Protein1197,0.0,0,50,2114,False
1912,plain,y,GCA_000961595_Protein3440,0.0,0,50,17554,False
1913,plain,y,GCA_000961765_Protein1491,0.0,0,50,2314,False
1914,plain,y,GCA_000968375_Protein265,0.0,0,50,5365,False
1915,plain,y,GCA_001010825_Protein2064,0.0,0,50,2506,False
1916,plain,y,GCA_001244545_Protein1139,0.0,0,50,1428,False
1917,plain,y,GCA_001263795_Protein3377,0.0,0,50,4820,False
1918,plain,y,GCA_001277215_Protein3299,0.0,0,50,399,False
1919,plain,y,GCA_001277235_Protein1408,0.0,0,50,454,False
1920,plain,y,GCA_001047375_Protein2553,0.0,0,50,4144,False
1921,plain,y,GCA_001047375_Protein55,0.0,0,50,2992,False
1922,plain,y,GCA_001185345_Protein3607,0.0,0,50,16870,False
1923,plain,y,GCA_001185345_Protein860,0.0,0,50,5584,False
1924,plain,y,GCA_000814685_Protein660,0.0,0,50,6344,False
1925,plain,y,GCA_000816675_Protein1391,0.0,0,50,2114,False
1926,plain,y,GCA_000816675_Protein2063,0.0,0,50,1191,False
1927,plain,y,GCA_000758885_Protein1211,0.0,0,50,1480,False
1928,plain,y,GCA_000758885_Protein318,0.0,0,50,4859,False
1929,plain,y,GCA_000758885_Protein634,0.0,0,50,2555,False
1930,plain,y,GCA_000759185_Protein49,0.0,0,50,1771,False
1931,plain,y,GCA_000759185_Protein943,0.0,0,50,958,False
1932,plain,y,GCA_001564455_Protein2154,0.0,0,50,4558,False
1933,plain,y,GCA_001571265_Protein3237,0.0,0,50,742,False
1934,plain,y,GCA_001592105_Protein1677,0.0,0,50,6104,False
1935,plain,y,GCA_001592105_Protein1980,0.0,0,50,6573,False
1936,plain,y,GCA_001592105_Protein2321,0.0,0,50,18600,False
1937,plain,y,GCA_001592105_Protein2382,0.0,0,50,2604,False
1938,plain,y,GCA_001553125_Protein585,0.0,0,50,16870,False
1939,plain,y,GCA_001553355_Protein1148,0.0,0,50,7708,False
1940,plain,y,GCA_001281525_Protein3034,0.0,0,50,1138,False
1941,plain,y,GCA_001282685_Protein1451,0.0,0,50,9034,False
1942,plain,y,GCA_001282685_Protein178,0.0,0,50,10921,False
1943,plain,y,GCA_001282685_Protein1794,0.0,0,50,7276,False
1944,plain,y,GCA_001282685_Protein2802,0.0,0,50,2214,False
1945,plain,y,GCA_001282685_Protein881,0.0,0,50,742,False
1946,plain,y,GCA_001559865_Protein618,0.0,0,50,15874,False
1947,plain,y,GCA_001564455_Protein1828,0.0,0,50,1138,False
1948,plain,y,GCA_001317355_Protein997,0.0,0,50,11152,False
1949,plain,y,GCA_001403635_Protein1333,0.0,0,50,399,False
1950,plain,y,GCA_001311035_Protein1823,0.0,0,50,904,False
1951,plain,y,GCA_001312405_Protein1112,0.0,0,50,168,False
1952,plain,y,GCA_001312405_Protein1543,0.0,0,50,850,False
1953,plain,y,GCA_001312405_Protein3485,0.0,0,50,796,False
1954,plain,y,GCA_001312405_Protein6067,0.0,0,50,1085,False
1955,plain,y,GCA_001312445_Protein638,0.0,0,50,3237,False
1956,plain,y,GCA_001436325_Protein2041,0.0,0,50,509,False
1957,plain,y,GCA_001436325_Protein241,0.0,0,50,619,False
1958,plain,y,GCA_001436325_Protein909,0.0,0,50,509,False
1959,plain,y,GCA_001317355_Protein1080,0.0,0,50,1480,False
1960,plain,y,GCA_001317355_Protein1648,0.0,0,50,4189,False
1961,plain,y,GCA_001317355_Protein2006,0.0,0,50,9688,False
1962,plain,y,GCA_001317355_Protein3151,0.0,0,50,1975,False
1963,plain,y,GCA_001317355_Protein3688,0.0,0,50,1822,False
1964,plain,y,G01M_8399_V__NODE_42_length_36883_cov_20.202697-cat_1_26,0.0,0,50,1924,False
1965,plain,y,G01M_8399_V__NODE_42_length_36883_cov_20.202697-cat_1_4,0.0,0,50,1480,False
1966,plain,y,G01M_8399_V__NODE_43_length_36536_cov_556.371051-cat_1_4,0.0,0,50,1191,False
1967,plain,y,G01M_8399_V__NODE_1_length_186454_cov_8.785415-cat_1_136,0.0,0,50,3919,False
1968,plain,y,GCA_001552295_Protein164,0.0,0,50,742,False
1969,plain,y,GCA_001552295_Protein892,0.0,0,50,112,False
1970,plain,y,GCA_001440545_Protein864,0.0,0,50,1740,False
1971,plain,y,GCA_001486665_Protein2760,0.0,0,50,1480,False
1972,plain,y,G01M_8349_V__NODE_81_length_39269_cov_54.924509-cat_1_25,0.0,0,50,1584,False
1973,plain,y,G01M_8349_V__NODE_85_length_37915_cov_5.786440-cat_1_33,0.0,0,50,454,False
1974,plain,y,G01M_8405_V__NODE_1_length_52026_cov_6.501724-cat_1_58,0.0,0,50,2848,False
1975,plain,y,G01M_8418_V__NODE_117_length_29650_cov_15.556631-cat_1_1,0.0,0,50,1924,False
1976,plain,y,G01M_8418_V__NODE_118_length_29169_cov_7.934228-cat_1_34,0.0,0,50,742,False
1977,plain,y,G01M_8418_V__NODE_120_length_28790_cov_5.455578-cat_1_8,0.0,0,50,1244,False
1978,plain,y,G01M_8399_V__NODE_415_length_6880_cov_1.722017-cat_1_7,0.0,0,50,742,False
1979,plain,y,G01M_8399_V__NODE_42_length_36883_cov_20.202697-cat_1_15,0.0,0,50,2604,False
1980,plain,y,GCA_001521715_Protein580,0.0,0,50,399,False
1981,plain,y,G01M_8363_V__NODE_8_length_6226_cov_1.628693-cat_1_5,0.0,0,50,2026,False
1982,plain,y,G01M_8349_V__NODE_72_length_40156_cov_6.657089-cat_1_12,0.0,0,50,454,False
1983,plain,y,G01M_8349_V__NODE_73_length_40115_cov_67.240104-cat_1_17,0.0,0,50,399,False
1984,plain,y,G01M_8349_V__NODE_77_length_39635_cov_53.159601-cat_1_35,0.0,0,50,2800,False
1985,plain,y,G01M_8349_V__NODE_77_length_39635_cov_53.159601-cat_1_54,0.0,0,50,1896,False
1986,plain,y,G01M_8349_V__NODE_81_length_39269_cov_54.924509-cat_1_11,0.0,0,50,5031,False
1987,plain,y,G01M_8349_V__NODE_81_length_39269_cov_54.924509-cat_1_15,0.0,0,50,2604,False
1988,plain,y,GCA_001559865_Protein1845,0.0,0,50,2077,False
1989,plain,y,GCA_001559865_Protein282,0.0,0,50,2314,False
1990,plain,y,GCA_001559865_Protein3182,0.0,0,50,4558,False
1991,plain,y,GCA_001559865_Protein3190,0.0,0,50,15834,False
1992,plain,y,GCA_001515505_Protein3790,0.0,0,50,454,False
1993,plain,y,GCA_001517425_Protein200,0.0,0,50,5283,False
1994,plain,y,GCA_001517425_Protein485,0.0,0,50,2506,False
1995,plain,y,GCA_001521715_Protein2166,0.0,0,50,796,False
1996,plain,y,GCA_001633105_Protein4615,0.0,0,50,688,False
1997,plain,y,GCA_002050515_Protein1821,0.0,0,50,1085,False
1998,plain,y,GCA_002050515_Protein2062,0.0,0,50,1924,False
1999,plain,y,GCA_002051585_Protein1325,0.0,0,50,12747,False
2000,plain,y,GCA_002051585_Protein1454,0.0,0,50,3808,False
2001,plain,y,GCA_002051585_Protein1748,0.0,0,50,1771,False
2002,plain,y,GCA_002119605_Protein1414,0.0,0,50,796,False
2003,plain,y,GCA_002159175_Protein1954,0.0,0,50,8288,False
2004,plain,y,GCA_001675165_Protein402,0.0,0,50,1085,False
2005,plain,y,GCA_001675165_Protein730,0.0,0,50,5624,False
2006,plain,y,GCA_001594005_Protein1511,0.0,0,50,2364,False
2007,plain,y,GCA_001594005_Protein1807,0.0,0,50,11812,False
2008,plain,y,GCA_001594005_Protein2652,0.0,0,50,3716,False
2009,plain,y,GCA_001594005_Protein763,0.0,0,50,1428,False
2010,plain,y,GCA_001611555_Protein1066,0.0,0,50,15491,False
2011,plain,y,GCA_001611555_Protein202,0.0,0,50,904,False
2012,plain,y,GCA_001757415_Protein1626,0.0,0,50,14058,False
2013,plain,y,GCA_001678845_Protein677,0.0,0,50,2214,False
2014,plain,y,GCA_001688705_Protein1578,0.0,0,50,796,False
2015,plain,y,GCA_001688705_Protein2524,0.0,0,50,742,False
2016,plain,y,GCA_001688845_Protein2612,0.0,0,50,1584,False
2017,plain,y,GCA_001641515_Protein354,0.0,0,50,17554,False
2018,plain,y,GCA_001652025_Protein864,0.0,0,50,4144,False
2019,plain,y,GCA_001654845_Protein2861,0.0,0,50,850,False
2020,plain,y,GCA_001486665_Protein98,0.0,0,50,8044,False
2021,plain,y,GCA_001487105_Protein541,0.0,0,50,6610,False
2022,plain,y,GCA_001494645_Protein754,0.0,0,50,3660,False
2023,plain,y,GCA_001693775_Protein1294,0.0,0,50,1714,False
2024,plain,y,GCA_001693775_Protein727,0.0,0,50,2064,False
2025,plain,y,GCA_001695645_Protein1272,0.0,0,50,4859,False
2026,plain,y,GCA_001717505_Protein45,0.0,0,50,1480,False
2027,plain,y,GCA_001735765_Protein3038,0.0,0,50,1350,False
2028,plain,y,G01M_8349_V__NODE_86_length_37796_cov_3.677746-cat_1_33,0.0,0,50,1532,False
2029,plain,y,G01M_8349_V__NODE_86_length_37796_cov_3.677746-cat_1_44,0.0,0,50,796,False
2030,plain,y,G01M_8349_V__NODE_90_length_36129_cov_113.410824-cat_1_13,0.0,0,50,2996,False
2031,plain,y,G01M_8349_V__NODE_93_length_35605_cov_17.601645-cat_1_5,0.0,0,50,2614,False
2032,plain,y,GCA_002006345_Protein128,0.0,0,50,742,False
2033,plain,y,GCA_002006345_Protein348,0.0,0,50,8960,False
2034,plain,y,GCA_001758365_Protein2002,0.0,0,50,12524,False
2035,plain,y,GCA_001938995_Protein2440,0.0,0,50,2848,False
2036,plain,y,G01M_8396_V__NODE_19_length_49853_cov_29.751397-cat_1_30,0.0,0,50,674,False
2037,plain,y,G01M_8393_V__NODE_1_length_57252_cov_20.297902-cat_1_1,0.0,0,50,7704,False
2038,plain,y,G01M_8393_V__NODE_1_length_57252_cov_20.297902-cat_1_65,0.0,0,50,5242,False
2039,plain,y,G01M_8393_V__NODE_24_length_11399_cov_279.108938-cat_2_10,0.0,0,50,742,False
2040,plain,y,G01M_8393_V__NODE_37_length_6937_cov_2.270254-cat_1_2,0.0,0,50,454,False
2041,plain,y,G01M_8393_V__NODE_5_length_45766_cov_98.858081-cat_1_11,0.0,0,50,796,False
2042,plain,y,G01M_8393_V__NODE_5_length_45766_cov_98.858081-cat_1_36,0.0,0,50,1532,False
2043,plain,y,G01M_8393_V__NODE_9_length_34655_cov_13.488106-cat_1_16,0.0,0,50,4324,False
2044,plain,y,G01M_8340_V__NODE_27_length_38437_cov_62.239788-cat_1_48,0.0,0,50,1532,False
2045,plain,y,G01M_8340_V__NODE_31_length_36541_cov_2.433895-cat_1_10,0.0,0,50,904,False
2046,plain,y,G01M_8340_V__NODE_37_length_31146_cov_3.393339-cat_1_33,0.0,0,50,2214,False
2047,plain,y,G01M_8396_V__NODE_103_length_17379_cov_61.452604-cat_1_16,0.0,0,50,7840,False
2048,plain,y,G01M_8396_V__NODE_109_length_16579_cov_4.841201-cat_1_17,0.0,0,50,2664,False
2049,plain,y,G01M_8396_V__NODE_11_length_62768_cov_9.710096-cat_1_13,0.0,0,50,2653,False
2050,plain,y,G01M_8396_V__NODE_11_length_62768_cov_9.710096-cat_1_66,0.0,0,50,958,False
2051,plain,y,G01M_8396_V__NODE_18_length_52253_cov_12.411512-cat_1_80,0.0,0,50,1228,False
2052,plain,y,GCA_002017865_Protein1254,0.0,0,50,16195,False
2053,plain,y,GCA_002017865_Protein472,0.0,0,50,796,False
2054,plain,y,GCA_002029255_Protein4119,0.0,0,50,6952,False
2055,plain,y,GCA_002029255_Protein4166,0.0,0,50,3237,False
2056,plain,y,GCA_002003305_Protein698,0.0,0,50,1350,False
2057,plain,y,G01M_8349_V__NODE_147_length_11260_cov_5.714094-cat_1_14,0.0,0,50,3425,False
2058,plain,y,G01M_8349_V__NODE_14_length_182233_cov_240.115338-cat_1_182,0.0,0,50,796,False
2059,plain,y,G01M_8340_V__NODE_27_length_38437_cov_62.239788-cat_1_35,0.0,0,50,3284,False
2060,plain,y,GCA_002159265_Protein44,0.0,0,50,742,False
2061,plain,y,GCA_002250835_Protein2021,0.0,0,50,1924,False
2062,plain,y,GCA_002250835_Protein2579,0.0,0,50,796,False
2063,plain,y,GCA_002251085_Protein1242,0.0,0,50,1138,False
2064,plain,y,GCA_002251225_Protein4264,0.0,0,50,7704,False
2065,plain,y,GCA_002251225_Protein596,0.0,0,50,1636,False
2066,plain,y,GCA_002222595_Protein1008,0.0,0,50,2464,False
2067,plain,y,GCA_002222595_Protein1014,0.0,0,50,796,False
2068,plain,y,GCA_002159835_Protein2094,0.0,0,50,1297,False
2069,plain,y,GCA_002159835_Protein2592,0.0,0,50,2164,False
2070,plain,y,GCA_002159175_Protein2205,0.0,0,50,904,False
2071,plain,y,GCA_002159175_Protein778,0.0,0,50,674,False
2072,plain,y,GCA_002159175_Protein800,0.0,0,50,1191,False
2073,plain,y,GCA_002159225_Protein305,0.0,0,50,7978,False
2074,plain,y,GCA_002159225_Protein389,0.0,0,50,904,False
2075,plain,y,GCA_002159265_Protein1073,0.0,0,50,904,False
2076,plain,y,GCA_002160755_Protein1473,0.0,0,50,1668,False
2077,plain,y,GCA_002160755_Protein2028,0.0,0,50,1532,False
2078,plain,y,GCA_002159835_Protein2901,0.0,0,50,1350,False
2079,plain,y,GCA_002159835_Protein3016,0.0,0,50,1244,False
2080,plain,y,GCA_002159835_Protein3168,0.0,0,50,2164,False
2081,plain,y,GCA_002159835_Protein92,0.0,0,50,4436,False
2082,plain,y,GCA_002160015_Protein1632,0.0,0,50,1822,False
2083,plain,y,GCA_002159455_Protein1133,0.0,0,50,1244,False
2084,plain,y,GCA_001938995_Protein2561,0.0,0,50,399,False
2085,plain,y,GCA_001938995_Protein3151,0.0,0,50,7024,False
2086,plain,y,GCA_001938995_Protein3477,0.0,0,50,6082,False
2087,plain,y,GCA_002160275_Protein276,0.0,0,50,1191,False
2088,plain,y,GCA_002160525_Protein1837,0.0,0,50,850,False
2089,plain,y,GCA_002160525_Protein2591,0.0,0,50,9064,False
2090,plain,y,GCA_002160525_Protein975,0.0,0,50,7945,False
2091,plain,y,GCA_002160755_Protein1107,0.0,0,50,1509,False
2092,plain,y,G01M_8349_V__NODE_103_length_30488_cov_4.661325-cat_1_22,0.0,0,50,850,False
2093,plain,y,G01M_8349_V__NODE_109_length_25613_cov_84.054088-cat_1_21,0.0,0,50,784,False
2094,plain,y,GCA_002161525_Protein2911,0.0,0,50,10814,False
2095,plain,y,GCA_002160755_Protein2951,0.0,0,50,2214,False
2096,plain,y,GCA_002160755_Protein429,0.0,0,50,1740,False
2097,plain,y,GCA_002160815_Protein452,0.0,0,50,3284,False
2098,plain,y,GCA_002160815_Protein862,0.0,0,50,2896,False
2099,plain,y,GCA_002160895_Protein365,0.0,0,50,8011,False
2100,plain,y,G01M_8349_V__NODE_161_length_8176_cov_1.462548-cat_2_4,0.0,0,50,796,False
2101,plain,y,G01M_8349_V__NODE_170_length_6839_cov_1.663353-cat_2_11,0.0,0,50,1636,False
2102,plain,y,G01M_8349_V__NODE_176_length_5855_cov_2.002085-cat_2_8,0.0,0,50,850,False
2103,plain,y,G01M_8349_V__NODE_181_length_5465_cov_2.139769-cat_2_11,0.0,0,50,850,False
2104,plain,y,G01M_8349_V__NODE_3_length_448546_cov_20.820081_1-cat_1_63,0.0,0,50,2164,False
2105,plain,y,G01M_8349_V__NODE_46_length_65374_cov_5.898399-cat_1_62,0.0,0,50,904,False
2106,plain,y,G01M_8349_V__NODE_46_length_65374_cov_5.898399-cat_1_65,0.0,0,50,1138,False
2107,plain,y,G01M_8340_V__NODE_44_length_24456_cov_27.796239-cat_1_9,0.0,0,50,1480,False
2108,plain,y,G01M_8197_V__NODE_1_length_157203_cov_30.103034-cat_1_214,0.0,0,50,1191,False
2109,plain,y,G01M_8197_V__NODE_32_length_22002_cov_8.810528-cat_2_6,0.0,0,50,3829,False
2110,plain,y,G01M_8197_V__NODE_9_length_38163_cov_9.363073-cat_1_56,0.0,0,50,796,False
2111,plain,y,G01M_8337_V__NODE_103_length_19497_cov_2.315084-cat_1_3,0.0,0,50,2214,False
2112,plain,y,G01M_8349_V__NODE_49_length_61615_cov_10.618880-cat_1_17,0.0,0,50,1584,False
2113,plain,y,G01M_8349_V__NODE_57_length_47575_cov_21.232159-cat_1_3,0.0,0,50,796,False
2114,plain,y,G01M_8349_V__NODE_67_length_41821_cov_4.593356-cat_1_14,0.0,0,50,2077,False
2115,plain,y,G01M_8349_V__NODE_69_length_41479_cov_451.150652-cat_1_35,0.0,0,50,454,False
2116,plain,y,GCA_002222595_Protein2673,0.0,0,50,2992,False
2117,plain,y,GCA_002222595_Protein47,0.0,0,50,2264,False
2118,plain,y,GCA_002222595_Protein611,0.0,0,50,850,False
2119,plain,y,GCA_002161175_Protein2638,0.0,0,50,1688,False
2120,plain,y,GCA_002161285_Protein1257,0.0,0,50,2564,False
2121,plain,y,G01M_8337_V__NODE_15_length_45923_cov_4.065381_1-cat_1_12,0.0,0,50,5693,False
2122,plain,y,G01M_8337_V__NODE_187_length_11772_cov_17.943716-cat_1_17,0.0,0,50,1975,False
2123,plain,y,G01M_8197_V__NODE_16_length_33781_cov_73.023128-cat_1_44,0.0,0,50,1975,False
2124,plain,y,GCA_002406115_Protein625,0.0,0,50,1480,False
2125,plain,y,GCA_003254255_Protein873,0.0,0,50,1873,False
2126,plain,y,GCA_003269275_Protein1868,0.0,0,50,6004,False
2127,plain,y,GCA_003269275_Protein892,0.0,0,50,3241,False
2128,plain,y,GCA_003287895_Protein1457,0.0,0,50,1244,False
2129,plain,y,GCA_003336745_Protein121,0.0,0,50,3919,False
2130,plain,y,GCA_003148945_Protein461,0.0,0,50,796,False
2131,plain,y,GCA_003208175_Protein1862,0.0,0,50,9064,False
2132,plain,y,GCA_002724055_Protein2852,0.0,0,50,1822,False
2133,plain,y,GCA_002777255_Protein1132,0.0,0,50,9034,False
2134,plain,y,GCA_002777255_Protein1570,0.0,0,50,1085,False
2135,plain,y,GCA_002270465_Protein1535,0.0,0,50,1085,False
2136,plain,y,GCA_002270465_Protein2185,0.0,0,50,2604,False
2137,plain,y,GCA_002355475_Protein3114,0.0,0,50,15874,False
2138,plain,y,GCA_002372835_Protein267,0.0,0,50,7294,False
2139,plain,y,GCA_002389905_Protein3204,0.0,0,50,850,False
2140,plain,y,GCA_002797975_Protein2666,0.0,0,50,564,False
2141,plain,y,GCA_002891535_Protein3293,0.0,0,50,19264,False
2142,plain,y,GCA_002896995_Protein2687,0.0,0,50,11389,False
2143,plain,y,GCA_002918555_Protein1600,0.0,0,50,14149,False
2144,plain,y,GCA_002995785_Protein1164,0.0,0,50,1138,False
2145,plain,y,GCA_002449395_Protein1897,0.0,0,50,1822,False
2146,plain,y,GCA_002559665_Protein1550,0.0,0,50,454,False
2147,plain,y,GCA_002559665_Protein2848,0.0,0,50,796,False
2148,plain,y,GCA_002161055_Protein1619,0.0,0,50,17920,False
2149,plain,y,GCA_002161055_Protein1920,0.0,0,50,850,False
2150,plain,y,GCA_002995785_Protein24,0.0,0,50,796,False
2151,plain,y,GCA_002995785_Protein2731,0.0,0,50,1975,False
2152,plain,y,GCA_002995845_Protein1439,0.0,0,50,399,False
2153,plain,y,GCA_002995845_Protein1793,0.0,0,50,850,False
2154,plain,y,GCA_002995845_Protein2620,0.0,0,50,7364,False
2155,plain,y,GCA_002777255_Protein365,0.0,0,50,3578,False
2156,plain,y,G01M_8337_V__NODE_103_length_19497_cov_2.315084-cat_1_30,0.0,0,50,1191,False
2157,plain,y,G01M_8337_V__NODE_117_length_17200_cov_16.844161-cat_1_4,0.0,0,50,1668,False
2158,plain,y,G01M_8337_V__NODE_11_length_50152_cov_12.327253-cat_1_8,0.0,0,50,56,False
2159,plain,y,GCA_003148945_Protein347,0.0,0,50,11605,False
2160,plain,y,GCA_003148945_Protein3509,0.0,0,50,3519,False
2161,plain,y,GCA_002998925_Protein1269,0.0,0,50,850,False
2162,plain,y,GCA_002998925_Protein1673,0.0,0,50,5864,False
2163,plain,y,GCA_003012055_Protein1149,0.0,0,50,12404,False
2164,plain,y,G01M_8337_V__NODE_5_length_81432_cov_3.778798-cat_1_132,0.0,0,50,1509,False
2165,plain,y,G01M_8337_V__NODE_66_length_26399_cov_16.037034-cat_1_6,0.0,0,50,904,False
2166,plain,y,G01M_8337_V__NODE_70_length_25462_cov_7.965974-cat_1_34,0.0,0,50,2164,False
2167,plain,y,G01M_8337_V__NODE_73_length_25371_cov_3.066041-cat_1_10,0.0,0,50,509,False
2168,plain,y,G01M_8337_V__NODE_77_length_24104_cov_97.210165-cat_1_24,0.0,0,50,1191,False
2169,plain,y,G01M_8337_V__NODE_1_length_105183_cov_5.073075_1-cat_1_16,0.0,0,50,796,False
2170,plain,y,G01M_8337_V__NODE_255_length_9429_cov_3.395713_1-cat_2_4,0.0,0,50,3094,False
2171,plain,y,G01M_8337_V__NODE_31_length_40546_cov_5.558533-cat_1_10,0.0,0,50,454,False
2172,plain,y,BBN1_V__NODE_26_length_39027_cov_3.462829-cat_1_48,0.0,0,50,112,False
2173,plain,y,BBN3_V__NODE_184_length_8706_cov_2.806901-cat_1_8,0.0,0,50,2214,False
2174,plain,y,BBN3_V__NODE_25_length_36763_cov_93.834961-cat_1_2,0.0,0,50,1191,False
2175,plain,y,BBN3_V__NODE_28_length_36576_cov_33.669792-cat_1_54,0.0,0,50,2702,False
2176,plain,y,BBN3_V__NODE_33_length_33909_cov_96.024933-cat_1_33,0.0,0,50,1244,False
2177,plain,y,BBN3_V__NODE_34_length_33726_cov_4.115205-cat_1_47,0.0,0,50,1584,False
2178,plain,y,G01M_8337_V__NODE_42_length_36200_cov_34.630647-cat_1_11,0.0,0,50,7202,False
2179,plain,y,G01M_8337_V__NODE_46_length_34862_cov_47.677272-cat_1_42,0.0,0,50,1244,False
2180,plain,y,GCA_003208175_Protein2460,0.0,0,50,2702,False
2181,plain,y,GCA_003226535_Protein715,0.0,0,50,454,False
2182,plain,y,GCA_003254255_Protein1236,0.0,0,50,1191,False
2183,plain,y,GCA_003254255_Protein762,0.0,0,50,1924,False
2184,plain,y,GCA_003043945_Protein1214,0.0,0,50,112,False
2185,plain,y,GCA_003129525_Protein2692,0.0,0,50,15864,False
2186,plain,y,BBN3_V__NODE_9_length_59451_cov_3.336770-cat_1_35,0.0,0,50,112,False
2187,plain,y,BBN1_V__NODE_234_length_5387_cov_1.952723-cat_1_5,0.0,0,50,1532,False
2188,plain,y,GCA_003478405_Protein1088,0.0,0,50,1191,False
2189,plain,y,GCA_003478405_Protein1825,0.0,0,50,742,False
2190,plain,y,GCA_003478995_Protein252,0.0,0,50,9184,False
2191,plain,y,GCA_003479145_Protein3894,0.0,0,50,1085,False
2192,plain,y,GCA_003481145_Protein1478,0.0,0,50,2457,False
2193,plain,y,GCA_003481215_Protein1526,0.0,0,50,1924,False
2194,plain,y,GCA_003481215_Protein2538,0.0,0,50,742,False
2195,plain,y,GCA_003472745_Protein2507,0.0,0,50,3331,False
2196,plain,y,GCA_003433795_Protein1674,0.0,0,50,6906,False
2197,plain,y,GCA_003433955_Protein1184,0.0,0,50,1480,False
2198,plain,y,GCA_003433985_Protein1071,0.0,0,50,850,False
2199,plain,y,GCA_003337415_Protein1027,0.0,0,50,3486,False
2200,plain,y,GCA_003337415_Protein1941,0.0,0,50,6610,False
2201,plain,y,GCA_003340345_Protein1098,0.0,0,50,168,False
2202,plain,y,GCA_003340345_Protein932,0.0,0,50,3232,False
2203,plain,y,GCA_003363435_Protein1299,0.0,0,50,742,False
2204,plain,y,GCA_003435485_Protein872,0.0,0,50,1771,False
2205,plain,y,GCA_003433985_Protein2343,0.0,0,50,1532,False
2206,plain,y,GCA_003433985_Protein2553,0.0,0,50,1138,False
2207,plain,y,GCA_003433985_Protein3232,0.0,0,50,3190,False
2208,plain,y,GCA_003434055_Protein1159,0.0,0,50,3486,False
2209,plain,y,GCA_003363435_Protein2326,0.0,0,50,1740,False
2210,plain,y,GCA_003391335_Protein111,0.0,0,50,18922,False
2211,plain,y,GCA_003433295_Protein1220,0.0,0,50,2164,False
2212,plain,y,GCA_003012055_Protein1464,0.0,0,50,2555,False
2213,plain,y,GCA_003013695_Protein1717,0.0,0,50,7670,False
2214,plain,y,GCA_003434585_Protein2892,0.0,0,50,1584,False
2215,plain,y,GCA_003434585_Protein3786,0.0,0,50,8312,False
2216,plain,y,GCA_003435055_Protein144,0.0,0,50,4038,False
2217,plain,y,GCA_003435485_Protein3014,0.0,0,50,9346,False
2218,plain,y,GCA_003435485_Protein314,0.0,0,50,4216,False
2219,plain,y,GCA_003435485_Protein4770,0.0,0,50,1428,False
2220,plain,y,GCA_003465835_Protein2896,0.0,0,50,3136,False
2221,plain,y,GCA_003465835_Protein993,0.0,0,50,1085,False
2222,plain,y,GCA_003436215_Protein1847,0.0,0,50,4859,False
2223,plain,y,GCA_003436215_Protein2884,0.0,0,50,1975,False
2224,plain,y,GCA_003436215_Protein3250,0.0,0,50,4304,False
2225,plain,y,GCA_003460605_Protein3521,0.0,0,50,904,False
2226,plain,y,GCA_003460605_Protein4165,0.0,0,50,3280,False
2227,plain,y,GCA_003460605_Protein752,0.0,0,50,958,False
2228,plain,y,G01M_8068_V__NODE_10_length_33359_cov_15.248406-cat_1_46,0.0,0,50,1480,False
2229,plain,y,G01M_8068_V__NODE_7_length_35404_cov_9.556748-cat_1_31,0.0,0,50,5504,False
2230,plain,y,G01M_8190_V__NODE_15_length_34733_cov_17.465005-cat_1_19,0.0,0,50,509,False
2231,plain,y,G01M_8190_V__NODE_15_length_34733_cov_17.465005-cat_1_20,0.0,0,50,509,False
2232,plain,y,G01M_8193_V__NODE_10_length_35219_cov_16.621811-cat_1_20,0.0,0,50,5026,False
2233,plain,y,G01M_8193_V__NODE_29_length_13650_cov_7.010774-cat_1_13,0.0,0,50,4084,False
2234,plain,y,BBN3_V__NODE_40_length_30606_cov_8.358082-cat_1_35,0.0,0,50,454,False
2235,plain,y,BBN3_V__NODE_47_length_23622_cov_3.408324-cat_1_13,0.0,0,50,1480,False
2236,plain,y,BBD0_V__NODE_95_length_48545_cov_5.165669-cat_1_64,0.0,0,50,399,False
2237,plain,y,BBD1_V__NODE_13_length_203335_cov_22.845790-cat_4_24,0.0,0,50,112,False
2238,plain,y,BBD1_V__NODE_157_length_37060_cov_2.561700-cat_1_41,0.0,0,50,112,False
2239,plain,y,BBD1_V__NODE_30_length_131413_cov_11.814064-cat_4_19,0.0,0,50,56,False
2240,plain,y,G01M_8193_V__NODE_4_length_43188_cov_148.711133-cat_1_13,0.0,0,50,2814,False
2241,plain,y,G01M_8193_V__NODE_8_length_36758_cov_9.770998-cat_1_22,0.0,0,50,1896,False
2242,plain,y,G01M_8197_V__NODE_16_length_33781_cov_73.023128-cat_1_1,0.0,0,50,796,False
2243,plain,y,G01M_8197_V__NODE_16_length_33781_cov_73.023128-cat_1_2,0.0,0,50,1085,False
2244,plain,y,GCA_003477525_Protein2327,0.0,0,50,1584,False
2245,plain,y,GCA_003477705_Protein1026,0.0,0,50,1244,False
2246,plain,y,GCA_003477705_Protein1598,0.0,0,50,11973,False
2247,plain,y,GCA_003461245_Protein1253,0.0,0,50,10346,False
2248,plain,y,GCA_003461245_Protein2354,0.0,0,50,1480,False
2249,plain,y,GCA_003461245_Protein2971,0.0,0,50,11039,False
2250,plain,y,GCA_003465835_Protein1590,0.0,0,50,1924,False
2251,plain,y,BBD6_V__NODE_171_length_15923_cov_14.421385-cat_1_17,0.0,0,50,454,False
2252,plain,y,GCA_004346165_Protein59,0.0,0,50,2896,False
2253,plain,y,GCA_004364155_Protein170,0.0,0,50,1191,False
2254,plain,y,GCA_004365815_Protein2100,0.0,0,50,11398,False
2255,plain,y,GCA_004365815_Protein97,0.0,0,50,2800,False
2256,plain,y,GCA_004216775_Protein3072,0.0,0,50,5074,False
2257,plain,y,GCA_004216775_Protein322,0.0,0,50,2164,False
2258,plain,y,GCA_004331675_Protein1717,0.0,0,50,16528,False
2259,plain,y,GCA_004331675_Protein3366,0.0,0,50,4942,False
2260,plain,y,GCA_003640395_Protein2069,0.0,0,50,564,False
2261,plain,y,GCA_003481705_Protein1036,0.0,0,50,3237,False
2262,plain,y,GCA_003481705_Protein1196,0.0,0,50,3184,False
2263,plain,y,GCA_003481705_Protein2178,0.0,0,50,1120,False
2264,plain,y,GCA_003574215_Protein783,0.0,0,50,2848,False
2265,plain,y,GCA_003574295_Protein1615,0.0,0,50,2128,False
2266,plain,y,GCA_003574295_Protein2593,0.0,0,50,1873,False
2267,plain,y,GCA_004346165_Protein420,0.0,0,50,2077,False
2268,plain,y,GCA_003668715_Protein4147,0.0,0,50,454,False
2269,plain,y,GCA_003668715_Protein4315,0.0,0,50,850,False
2270,plain,y,GCA_003668715_Protein710,0.0,0,50,454,False
2271,plain,y,GCA_003574295_Protein748,0.0,0,50,17549,False
2272,plain,y,GCA_003609635_Protein1447,0.0,0,50,1428,False
2273,plain,y,GCA_003609635_Protein2923,0.0,0,50,16528,False
2274,plain,y,GCA_003612395_Protein1557,0.0,0,50,729,False
2275,plain,y,GCA_003612395_Protein2274,0.0,0,50,1873,False
2276,plain,y,GCA_003752155_Protein714,0.0,0,50,742,False
2277,plain,y,GCA_003762665_Protein1954,0.0,0,50,850,False
2278,plain,y,GCA_003814745_Protein2067,0.0,0,50,4130,False
2279,plain,y,GCA_003858585_Protein1034,0.0,0,50,1428,False
2280,plain,y,GCA_003858585_Protein1297,0.0,0,50,2604,False
2281,plain,y,GCA_003858585_Protein835,0.0,0,50,3143,False
2282,plain,y,GCA_003666485_Protein2686,0.0,0,50,2364,False
2283,plain,y,GCA_003666485_Protein56,0.0,0,50,344,False
2284,plain,y,BBD2_V__NODE_191_length_17311_cov_523.307692-cat_2_5,0.0,0,50,564,False
2285,plain,y,GCA_004216775_Protein29,0.0,0,50,1532,False
2286,plain,y,GCA_003860135_Protein314,0.0,0,50,56,False
2287,plain,y,GCA_003860135_Protein609,0.0,0,50,509,False
2288,plain,y,GCA_003862435_Protein116,0.0,0,50,509,False
2289,plain,y,GCA_003865095_Protein1401,0.0,0,50,796,False
2290,plain,y,GCA_003865095_Protein2968,0.0,0,50,742,False
2291,plain,y,GCA_005473905_Protein1281,0.0,0,50,4515,False
2292,plain,y,BBN1_V__NODE_20_length_48275_cov_7.850008_1-cat_1_36,0.0,0,50,2944,False
2293,plain,y,BBD6_V__NODE_33_length_40905_cov_251.965005-cat_1_14,0.0,0,50,1350,False
2294,plain,y,BBD6_V__NODE_33_length_40905_cov_251.965005-cat_1_47,0.0,0,50,1844,False
2295,plain,y,BBF1_V__NODE_17_length_36951_cov_8.350971-cat_1_27,0.0,0,50,56,False
2296,plain,y,BBF1_V__NODE_1_length_177558_cov_7.887213-cat_1_143,0.0,0,50,1480,False
2297,plain,y,BBF1_V__NODE_1_length_177558_cov_7.887213-cat_1_197,0.0,0,50,3535,False
2298,plain,y,BBD2_V__NODE_107_length_47961_cov_950.101082-cat_1_27,0.0,0,50,796,False
2299,plain,y,BBD2_V__NODE_107_length_47961_cov_950.101082-cat_1_47,0.0,0,50,1480,False
2300,plain,y,BAY9_V__NODE_73_length_20301_cov_11.857143-cat_2_23,0.0,0,50,1444,False
2301,plain,y,BAY9_V__NODE_99_length_11482_cov_4.046209-cat_2_27,0.0,0,50,619,False
2302,plain,y,BBD0_V__NODE_108_length_45756_cov_28.838360-cat_1_42,0.0,0,50,894,False
2303,plain,y,BBF1_V__NODE_4_length_90077_cov_32.142702-cat_1_29,0.0,0,50,1191,False
2304,plain,y,BBF1_V__NODE_5_length_87960_cov_20.000945-cat_1_36,0.0,0,50,1456,False
2305,plain,y,BBF6_V__NODE_87_length_19372_cov_2.170394-cat_1_2,0.0,0,50,742,False
2306,plain,y,BBF6_V__NODE_87_length_19372_cov_2.170394-cat_1_6,0.0,0,50,454,False
2307,plain,y,BBF8_V__NODE_324_length_5739_cov_10.687057-cat_1_10,0.0,0,50,796,False
2308,plain,y,GCA_004341645_Protein1778,0.0,0,50,1924,False
2309,plain,y,GCA_004345255_Protein1056,0.0,0,50,6230,False
2310,plain,y,GCA_004345255_Protein837,0.0,0,50,2214,False
2311,plain,y,GCA_003865095_Protein99,0.0,0,50,399,False
2312,plain,y,GCA_004216775_Protein1043,0.0,0,50,1822,False
2313,plain,y,GCA_004216775_Protein248,0.0,0,50,796,False
2314,plain,y,BBD0_V__NODE_265_length_24306_cov_7.750899-cat_1_27,0.0,0,50,796,False
2315,plain,y,BAY9_V__NODE_60_length_27815_cov_194.093700-cat_1_24,0.0,0,50,1297,False
2316,plain,y,GCA_009696005_Protein539,0.0,0,50,850,False
2317,plain,y,GCA_009696045_Protein1055,0.0,0,50,2077,False
2318,plain,y,GCA_009696445_Protein1413,0.0,0,50,1138,False
2319,plain,y,GCA_009696445_Protein1511,0.0,0,50,1120,False
2320,plain,y,GCA_009696445_Protein2212,0.0,0,50,454,False
2321,plain,y,GCA_009696445_Protein2217,0.0,0,50,1428,False
2322,plain,y,GCA_009649495_Protein1,0.0,0,50,2800,False
2323,plain,y,GCA_009649495_Protein1290,0.0,0,50,509,False
2324,plain,y,GCA_004570975_Protein951,0.0,0,50,509,False
2325,plain,y,GCA_004554775_Protein1394,0.0,0,50,18922,False
2326,plain,y,GCA_004554775_Protein2024,0.0,0,50,742,False
2327,plain,y,GCA_004554775_Protein46,0.0,0,50,1924,False
2328,plain,y,GCA_004554775_Protein514,0.0,0,50,10939,False
2329,plain,y,GCA_004554775_Protein981,0.0,0,50,2264,False
2330,plain,y,GCA_009695905_Protein605,0.0,0,50,742,False
2331,plain,y,GCA_009696005_Protein2085,0.0,0,50,3808,False
2332,plain,y,GCA_005280655_Protein1941,0.0,0,50,1244,False
2333,plain,y,GCA_005280655_Protein2025,0.0,0,50,1532,False
2334,plain,y,GCA_005280655_Protein604,0.0,0,50,2514,False
2335,plain,y,GCA_005280655_Protein916,0.0,0,50,3532,False
2336,plain,y,GCA_004557645_Protein1663,0.0,0,50,1191,False
2337,plain,y,GCA_004557645_Protein1793,0.0,0,50,1138,False
2338,plain,y,GCA_004570975_Protein1173,0.0,0,50,168,False
2339,plain,y,GCA_004570975_Protein3145,0.0,0,50,1085,False
2340,plain,y,GCA_005473905_Protein2936,0.0,0,50,1873,False
2341,plain,y,GCA_005843915_Protein1531,0.0,0,50,399,False
2342,plain,y,GCA_005843915_Protein3758,0.0,0,50,796,False
2343,plain,y,GCA_005844425_Protein1889,0.0,0,50,4945,False
2344,plain,y,GCA_005844425_Protein632,0.0,0,50,8352,False
2345,plain,y,GCA_004793465_Protein1369,0.0,0,50,1636,False
2346,plain,y,GCA_004793465_Protein1777,0.0,0,50,1822,False
2347,plain,y,GCA_005280655_Protein140,0.0,0,50,3532,False
2348,plain,y,BBD0_V__NODE_14_length_89151_cov_18.450490-cat_1_64,0.0,0,50,904,False
2349,plain,y,BBD0_V__NODE_14_length_89151_cov_18.450490-cat_1_80,0.0,0,50,6496,False
2350,plain,y,GCA_008807835_Protein853,0.0,0,50,1822,False
2351,plain,y,GCA_009295725_Protein3118,0.0,0,50,3284,False
2352,plain,y,GCA_009601395_Protein1604,0.0,0,50,4515,False
2353,plain,y,GCA_006351925_Protein566,0.0,0,50,1191,False
2354,plain,y,GCA_008692955_Protein3451,0.0,0,50,399,False
2355,plain,y,GCA_008692955_Protein806,0.0,0,50,742,False
2356,plain,y,BBD0_V__NODE_95_length_48545_cov_5.165669-cat_1_39,0.0,0,50,4816,False
2357,plain,y,BBD0_V__NODE_95_length_48545_cov_5.165669-cat_1_43,0.0,0,50,1191,False
2358,plain,y,BBD0_V__NODE_389_length_17159_cov_3.400762-cat_1_4,0.0,0,50,5492,False
2359,plain,y,BBD0_V__NODE_391_length_17125_cov_7.735228-cat_1_19,0.0,0,50,112,False
2360,plain,y,BBD0_V__NODE_412_length_16080_cov_3.242601-cat_1_16,0.0,0,50,850,False
2361,plain,y,BBD0_V__NODE_41_length_68272_cov_2.548619-cat_1_39,0.0,0,50,1282,False
2362,plain,y,BBD0_V__NODE_4_length_171071_cov_160.968767-cat_2_222,0.0,0,50,2992,False
2363,plain,y,BBD0_V__NODE_520_length_12699_cov_2.413889-cat_1_6,0.0,0,50,1191,False
2364,plain,y,BAY6_V__NODE_35_length_98617_cov_7.384437_1-cat_1_7,0.0,0,50,796,False
2365,plain,y,BAY4_V__NODE_113_length_23433_cov_3.194223-cat_1_30,0.0,0,50,2164,False
2366,plain,y,BAY4_V__NODE_16_length_131187_cov_9.643377_1-cat_1_6,0.0,0,50,1138,False
2367,plain,y,BAY4_V__NODE_44_length_64524_cov_4.861839-cat_5_22,0.0,0,50,3143,False
2368,plain,y,BAY4_V__NODE_79_length_39889_cov_21.342247-cat_1_50,0.0,0,50,688,False
2369,plain,y,BBD0_V__NODE_54_length_62229_cov_21.705167-cat_1_38,0.0,0,50,1191,False
2370,plain,y,BBD0_V__NODE_60_length_60135_cov_14.166200-cat_1_69,0.0,0,50,224,False
2371,plain,y,BBD0_V__NODE_65_length_57233_cov_3.396261-cat_1_31,0.0,0,50,796,False
2372,plain,y,GCA_009695765_Protein451,0.0,0,50,1532,False
2373,plain,y,GCA_009695815_Protein833,0.0,0,50,12208,False
2374,plain,y,GCA_009695905_Protein417,0.0,0,50,18924,False
2375,plain,y,GCA_008807835_Protein1622,0.0,0,50,1191,False
2376,plain,y,GCA_008807835_Protein2470,0.0,0,50,3919,False
2377,plain,y,GCA_008807835_Protein309,0.0,0,50,1191,False
2378,plain,y,GCA_008807835_Protein3242,0.0,0,50,2077,False
2379,plain,y,BAY6_V__NODE_148_length_9833_cov_1.429731-cat_1_14,0.0,0,50,1873,False
2380,plain,y,GCA_010509075_Protein93,0.0,0,50,1480,False
2381,plain,y,GCA_010669305_Protein2700,0.0,0,50,1480,False
2382,plain,y,GCA_009935845_Protein3212,0.0,0,50,1740,False
2383,plain,y,GCA_009935845_Protein717,0.0,0,50,112,False
2384,plain,y,GCA_009935845_Protein983,0.0,0,50,839,False
2385,plain,y,GCA_009936055_Protein1028,0.0,0,50,7976,False
2386,plain,y,GCA_009936055_Protein2351,0.0,0,50,12899,False
2387,plain,y,GCA_010120715_Protein1885,0.0,0,50,1085,False
2388,plain,y,GCA_009731425_Protein1215,0.0,0,50,4234,False
2389,plain,y,GCA_009731425_Protein485,0.0,0,50,7704,False
2390,plain,y,GCA_009735645_Protein601,0.0,0,50,3143,False
2391,plain,y,GCA_010120715_Protein241,0.0,0,50,8029,False
2392,plain,y,GCA_010120715_Protein2945,0.0,0,50,1085,False
2393,plain,y,GCA_010120715_Protein436,0.0,0,50,4876,False
2394,plain,y,GCA_010509075_Protein751,0.0,0,50,11398,False
2395,plain,y,GCA_010509075_Protein766,0.0,0,50,7945,False
2396,plain,y,GCA_009876955_Protein2425,0.0,0,50,2214,False
2397,plain,y,GCA_009911235_Protein223,0.0,0,50,1138,False
2398,plain,y,GCA_009911235_Protein503,0.0,0,50,2848,False
2399,plain,y,GCA_009765695_Protein1864,0.0,0,50,1138,False
2400,plain,y,GCA_009782825_Protein2531,0.0,0,50,8374,False
2401,plain,y,GCA_009828745_Protein1800,0.0,0,50,4172,False
2402,plain,y,GCA_009828745_Protein2085,0.0,0,50,1191,False
2403,plain,y,GCA_009828745_Protein986,0.0,0,50,796,False
2404,plain,y,GCA_009911595_Protein126,0.0,0,50,1191,False
2405,plain,y,GCA_009911595_Protein1262,0.0,0,50,1138,False
2406,plain,y,GCA_009911595_Protein1764,0.0,0,50,2800,False
2407,plain,y,GCA_009911595_Protein2508,0.0,0,50,1191,False
2408,plain,y,GCA_009911595_Protein3263,0.0,0,50,7259,False
2409,plain,y,GCA_009911645_Protein1682,0.0,0,50,7670,False
2410,plain,y,GCA_009828835_Protein884,0.0,0,50,3707,False
2411,plain,y,GCA_009831105_Protein2021,0.0,0,50,1792,False
2412,plain,y,GCA_009911645_Protein3061,0.0,0,50,399,False
2413,plain,y,GCA_009911645_Protein4060,0.0,0,50,2164,False
2414,plain,y,GCA_009917485_Protein377,0.0,0,50,1138,False
2415,plain,y,GCA_009931695_Protein1800,0.0,0,50,1456,False
2416,plain,y,GCA_009931695_Protein3774,0.0,0,50,1584,False
2417,plain,y,GCA_013282195_Protein3107,0.0,0,50,1924,False
2418,plain,y,GCA_013282195_Protein3460,0.0,0,50,454,False
2419,plain,y,GCA_013282195_Protein4926,0.0,0,50,399,False
2420,plain,y,BAY6_V__NODE_57_length_47730_cov_11.906028-cat_1_58,0.0,0,50,2214,False
2421,plain,y,BAY6_V__NODE_57_length_47730_cov_11.906028-cat_1_72,0.0,0,50,1138,False
2422,plain,y,BAY6_V__NODE_65_length_42051_cov_19.301988-cat_1_13,0.0,0,50,1456,False
2423,plain,y,BAY6_V__NODE_65_length_42051_cov_19.301988-cat_1_41,0.0,0,50,1174,False
2424,plain,y,BAY4_V__NODE_79_length_39889_cov_21.342247-cat_1_56,0.0,0,50,1085,False
2425,plain,y,BAY4_V__NODE_84_length_37344_cov_4.571406-cat_1_20,0.0,0,50,1924,False
2426,plain,y,BAY4_V__NODE_90_length_32415_cov_7.176290-cat_1_23,0.0,0,50,796,False
2427,plain,y,GCA_009935845_Protein2676,0.0,0,50,1636,False
2428,plain,y,BAX2_V__NODE_18_length_44060_cov_5.366893_1-cat_1_16,0.0,0,50,796,False
2429,plain,y,BAX2_V__NODE_28_length_40621_cov_2.775677-cat_1_4,0.0,0,50,7714,False
2430,plain,y,BAX2_V__NODE_76_length_24241_cov_2.887706-cat_1_23,0.0,0,50,6349,False
2431,plain,y,BAY6_V__NODE_75_length_36969_cov_6.303065-cat_1_24,0.0,0,50,2898,False
2432,plain,y,BAY6_V__NODE_75_length_36969_cov_6.303065-cat_1_6,0.0,0,50,3088,False
2433,plain,y,BAY6_V__NODE_77_length_34750_cov_2.179735-cat_1_35,0.0,0,50,3578,False
2434,plain,y,BAY9_V__NODE_119_length_8275_cov_2.263821-cat_1_12,0.0,0,50,454,False
2435,plain,y,BAY6_V__NODE_56_length_49382_cov_3.457570-cat_1_11,0.0,0,50,1740,False
2436,plain,y,GCA_009931695_Protein683,0.0,0,50,2077,False
2437,plain,y,GCA_009935805_Protein1627,0.0,0,50,1191,False
2438,plain,y,GCA_009935845_Protein1612,0.0,0,50,6144,False
2439,plain,y,BAX4_V__NODE_171_length_23136_cov_15.471980-cat_2_20,0.0,0,50,3486,False
2440,plain,y,BAX4_V__NODE_30_length_101718_cov_8.330293-cat_5_12,0.0,0,50,56,False
2441,plain,y,BAX4_V__NODE_30_length_101718_cov_8.330293-cat_5_4,0.0,0,50,10739,False
2442,plain,y,BAW4_V__NODE_34_length_37548_cov_11.330877-cat_1_17,0.0,0,50,1297,False
2443,plain,y,BAX1_V__NODE_17_length_42575_cov_7.899681-cat_1_60,0.0,0,50,1282,False
2444,plain,y,BAY1_V__NODE_194_length_7024_cov_0.922599-cat_2_7,0.0,0,50,2714,False
2445,plain,y,BAY1_V__NODE_25_length_40970_cov_5.172934_1-cat_1_41,0.0,0,50,1138,False
2446,plain,y,BAY1_V__NODE_30_length_37695_cov_2.431854-cat_1_12,0.0,0,50,1244,False
2447,plain,y,BAX2_V__NODE_7_length_60815_cov_35.296462-cat_1_39,0.0,0,50,1480,False
2448,plain,y,BAX2_V__NODE_7_length_60815_cov_35.296462-cat_1_56,0.0,0,50,3284,False
2449,plain,y,BAX3_V__NODE_33_length_21478_cov_901.333598-cat_1_30,0.0,0,50,796,False
2450,plain,y,BAX3_V__NODE_33_length_21478_cov_901.333598-cat_1_6,0.0,0,50,4832,False
2451,plain,y,GCA_012027035_Protein376,0.0,0,50,1138,False
2452,plain,y,BAS3_V__NODE_104_length_39715_cov_26.338702-cat_1_11,0.0,0,50,1297,False
2453,plain,y,BAS3_V__NODE_132_length_30565_cov_3.417810-cat_1_19,0.0,0,50,4271,False
2454,plain,y,BAS3_V__NODE_139_length_28396_cov_2.050995-cat_1_31,0.0,0,50,454,False
2455,plain,y,BAY1_V__NODE_30_length_37695_cov_2.431854-cat_1_55,0.0,0,50,3414,False
2456,plain,y,BAY1_V__NODE_31_length_36987_cov_4.022121-cat_1_42,0.0,0,50,1584,False
2457,plain,y,BAY1_V__NODE_33_length_35979_cov_1.997297-cat_1_33,0.0,0,50,1297,False
2458,plain,y,BAY1_V__NODE_33_length_35979_cov_1.997297-cat_1_34,0.0,0,50,2468,False
2459,plain,y,BAY1_V__NODE_33_length_35979_cov_1.997297-cat_1_36,0.0,0,50,729,False
2460,plain,y,GCA_013201395_Protein580,0.0,0,50,3670,False
2461,plain,y,GCA_013282095_Protein1294,0.0,0,50,796,False
2462,plain,y,GCA_011392075_Protein1250,0.0,0,50,1873,False
2463,plain,y,GCA_011754305_Protein590,0.0,0,50,11740,False
2464,plain,y,BAS3_V__NODE_73_length_71218_cov_14.081314-cat_1_26,0.0,0,50,850,False
2465,plain,y,BAM6_V__NODE_13_length_44975_cov_66.390521-cat_1_28,0.0,0,50,1085,False
2466,plain,y,BAO5_V__NODE_77_length_33956_cov_194.740113-cat_1_25,0.0,0,50,399,False
2467,plain,y,BAS3_V__NODE_100_length_41590_cov_10.615218-cat_1_19,0.0,0,50,1584,False
2468,plain,y,GCA_013302155_Protein1352,0.0,0,50,1297,False
2469,plain,y,GCA_013302155_Protein2170,0.0,0,50,1191,False
2470,plain,y,GCA_013302155_Protein795,0.0,0,50,5201,False
2471,plain,y,GCA_012524165_Protein3305,0.0,0,50,1740,False
2472,plain,y,GCA_012524165_Protein3944,0.0,0,50,1924,False
2473,plain,y,GCA_012524165_Protein58,0.0,0,50,1138,False
2474,plain,y,GCA_013112435_Protein1392,0.0,0,50,4054,False
2475,plain,y,GCA_013201395_Protein1767,0.0,0,50,12061,False
2476,plain,y,GCA_013304385_Protein927,0.0,0,50,4558,False
2477,plain,y,GCA_013322225_Protein2991,0.0,0,50,5544,False
2478,plain,y,GCA_013394775_Protein1762,0.0,0,50,1924,False
2479,plain,y,GCA_014076555_Protein163,0.0,0,50,796,False
2480,plain,y,GCA_014297285_Protein237,0.0,0,50,2800,False
2481,plain,y,GCA_014297285_Protein250,0.0,0,50,2164,False
2482,plain,y,GCA_014297285_Protein3106,0.0,0,50,1428,False
2483,plain,y,GCA_014297285_Protein814,0.0,0,50,3143,False
2484,plain,y,GCA_014169315_Protein3894,0.0,0,50,454,False
2485,plain,y,GCA_014174405_Protein120,0.0,0,50,1873,False
2486,plain,y,GCA_014174405_Protein3023,0.0,0,50,5864,False
2487,plain,y,GCA_014189555_Protein2981,0.0,0,50,3919,False
2488,plain,y,GCA_014197035_Protein1288,0.0,0,50,10689,False
2489,plain,y,GCA_014197035_Protein2448,0.0,0,50,7959,False
2490,plain,y,GCA_014198335_Protein517,0.0,0,50,399,False
2491,plain,y,GCA_013304385_Protein2792,0.0,0,50,4984,False
2492,plain,y,GCA_014269395_Protein1354,0.0,0,50,1376,False
2493,plain,y,GCA_014201735_Protein1784,0.0,0,50,6952,False
2494,plain,y,GCA_014202875_Protein1075,0.0,0,50,1297,False
2495,plain,y,GCA_014202875_Protein2012,0.0,0,50,796,False
2496,plain,y,GCA_014202875_Protein2025,0.0,0,50,14857,False
2497,plain,y,GCA_014202875_Protein2606,0.0,0,50,2264,False
2498,plain,y,GCA_014202875_Protein2671,0.0,0,50,2944,False
2499,plain,y,GCA_014202875_Protein3883,0.0,0,50,7636,False
2500,plain,y,GCA_012275205_Protein1093,0.0,0,50,2800,False
2501,plain,y,GCA_011038845_Protein1901,0.0,0,50,6268,False
2502,plain,y,GCA_011045195_Protein690,0.0,0,50,19264,False
2503,plain,y,GCA_011065935_Protein3489,0.0,0,50,1138,False
2504,plain,y,GCA_014204625_Protein3373,0.0,0,50,4858,False
2505,plain,y,GCA_014230485_Protein2759,0.0,0,50,2555,False
2506,plain,y,GCA_014269355_Protein2016,0.0,0,50,1480,False
2507,plain,y,GCA_014269355_Protein330,0.0,0,50,742,False
2508,plain,y,BAW1_V__NODE_73_length_28142_cov_4.788432-cat_1_34,0.0,0,50,454,False
2509,plain,y,BAS3_V__NODE_73_length_71218_cov_14.081314-cat_1_81,0.0,0,50,1350,False
2510,plain,y,BAS3_V__NODE_93_length_44263_cov_2.813808-cat_1_30,0.0,0,50,796,False
2511,plain,y,BAS3_V__NODE_96_length_42687_cov_1359.926716-cat_1_42,0.0,0,50,1688,False
2512,plain,y,BAS3_V__NODE_96_length_42687_cov_1359.926716-cat_1_46,0.0,0,50,1191,False
2513,plain,y,BAS3_V__NODE_97_length_42558_cov_1271.881580-cat_1_43,0.0,0,50,839,False
2514,plain,y,BAW0_V__NODE_4_length_75753_cov_12.554247-cat_1_41,0.0,0,50,850,False
2515,plain,y,BAS3_V__NODE_139_length_28396_cov_2.050995-cat_1_39,0.0,0,50,5418,False
2516,plain,y,BAH1_V__NODE_145_length_34790_cov_2.256464-cat_1_28,0.0,0,50,4945,False
2517,plain,y,BAH1_V__NODE_249_length_16479_cov_2.655372-cat_2_6,0.0,0,50,6199,False
2518,plain,y,BAH1_V__NODE_309_length_13469_cov_1.315482-cat_1_13,0.0,0,50,1873,False
2519,plain,y,BAH1_V__NODE_3_length_434277_cov_6.655994-cat_4_14,0.0,0,50,1297,False
2520,plain,y,BAW1_V__NODE_195_length_7731_cov_1.736373-cat_2_11,0.0,0,50,2000,False
2521,plain,y,BAW1_V__NODE_27_length_57014_cov_14.059685-cat_1_15,0.0,0,50,56,False
2522,plain,y,BAW1_V__NODE_32_length_52711_cov_20.646526-cat_1_36,0.0,0,50,56,False
2523,plain,y,BAW1_V__NODE_51_length_39699_cov_6.472702-cat_1_54,0.0,0,50,509,False
2524,plain,y,GCA_014297285_Protein1206,0.0,0,50,850,False
2525,plain,y,GCA_014297285_Protein1709,0.0,0,50,2800,False
2526,plain,y,GCA_014287365_Protein2460,0.0,0,50,796,False
2527,plain,y,GCA_014287635_Protein707,0.0,0,50,8011,False
2528,plain,y,GCA_014287895_Protein890,0.0,0,50,674,False
2529,plain,y,GCA_014287995_Protein105,0.0,0,50,1480,False
2530,plain,y,BAJ6_V__NODE_1_length_50241_cov_244.953951-cat_1_44,0.0,0,50,399,False
2531,plain,y,BAJ6_V__NODE_1_length_50241_cov_244.953951-cat_1_72,0.0,0,50,399,False
2532,plain,y,GCA_014297285_Protein837,0.0,0,50,10372,False
2533,plain,y,GCA_014297285_Protein902,0.0,0,50,2164,False
2534,plain,y,GCA_014297375_Protein1030,0.0,0,50,6795,False
2535,plain,y,GCA_014287995_Protein981,0.0,0,50,6952,False
2536,plain,y,GCA_014288125_Protein1977,0.0,0,50,2536,False
2537,plain,y,GCA_014288125_Protein2784,0.0,0,50,7024,False
2538,plain,y,GCA_014288125_Protein956,0.0,0,50,1174,False
2539,plain,y,GCA_014297285_Protein1143,0.0,0,50,850,False
2540,plain,y,GCA_014297375_Protein1031,0.0,0,50,1012,False
2541,plain,y,GCA_014323405_Protein2422,0.0,0,50,1138,False
2542,plain,y,GCA_014323405_Protein3130,0.0,0,50,6943,False
2543,plain,y,GCA_014323405_Protein3283,0.0,0,50,1085,False
2544,plain,y,GCA_014334055_Protein1438,0.0,0,50,1975,False
2545,plain,y,GCA_014385095_Protein361,0.0,0,50,796,False
2546,plain,y,GCA_014385095_Protein38,0.0,0,50,2604,False
2547,plain,y,GCA_014385095_Protein781,0.0,0,50,15148,False
2548,plain,y,GCA_014384785_Protein2573,0.0,0,50,3143,False
2549,plain,y,GCA_014384785_Protein558,0.0,0,50,17549,False
2550,plain,y,GCA_014337195_Protein14,0.0,0,50,509,False
2551,plain,y,GCA_014337195_Protein1789,0.0,0,50,1822,False
2552,plain,y,GCA_014337195_Protein272,0.0,0,50,399,False
2553,plain,y,GCA_014337215_Protein1537,0.0,0,50,10013,False
2554,plain,y,GCA_014337215_Protein161,0.0,0,50,1228,False
2555,plain,y,GCA_014337215_Protein457,0.0,0,50,2996,False
2556,plain,y,GCA_014384785_Protein717,0.0,0,50,1085,False
2557,plain,y,GCA_014384795_Protein138,0.0,0,50,796,False
2558,plain,y,GCA_014384795_Protein1950,0.0,0,50,2264,False
2559,plain,y,GCA_014384795_Protein287,0.0,0,50,688,False
2560,plain,y,GCA_014384785_Protein1123,0.0,0,50,564,False
2561,plain,y,GCA_014384785_Protein1128,0.0,0,50,2357,False
2562,plain,y,GCA_014384785_Protein1655,0.0,0,50,564,False
2563,plain,y,GCA_014384785_Protein2212,0.0,0,50,2564,False
2564,plain,y,BAS3_V__NODE_2_length_767523_cov_25.892443_1-cat_1_12,0.0,0,50,1771,False
2565,plain,y,GCA_014287995_Protein1243,0.0,0,50,904,False
2566,plain,y,GCA_014287995_Protein133,0.0,0,50,1244,False
2567,plain,y,GCA_014269395_Protein2309,0.0,0,50,16177,False
2568,plain,y,GCA_014287275_Protein1142,0.0,0,50,4858,False
2569,plain,y,GCA_014287275_Protein2143,0.0,0,50,1584,False
2570,plain,y,GCA_014287275_Protein954,0.0,0,50,1191,False
2571,plain,y,GCA_014384785_Protein594,0.0,0,50,1138,False
2572,plain,y,GCA_015140235_Protein2114,0.0,0,50,3378,False
2573,plain,y,GCA_015140235_Protein33,0.0,0,50,3624,False
2574,plain,y,GCA_015140235_Protein781,0.0,0,50,10732,False
2575,plain,y,GCA_015140235_Protein862,0.0,0,50,4558,False
2576,plain,y,GCA_015159595_Protein138,0.0,0,50,1191,False
2577,plain,y,GCA_015159595_Protein2619,0.0,0,50,1975,False
2578,plain,y,GCA_014982785_Protein1109,0.0,0,50,2848,False
2579,plain,y,GCA_014982785_Protein1634,0.0,0,50,10689,False
2580,plain,y,GCA_014384985_Protein2165,0.0,0,50,11128,False
2581,plain,y,GCA_014384985_Protein2272,0.0,0,50,5201,False
2582,plain,y,GCA_014384985_Protein522,0.0,0,50,4858,False
2583,plain,y,GCA_015550185_Protein2539,0.0,0,50,742,False
2584,plain,y,GCA_015550185_Protein2725,0.0,0,50,1428,False
2585,plain,y,GCA_015550495_Protein1271,0.0,0,50,3284,False
2586,plain,y,GCA_015550495_Protein192,0.0,0,50,5864,False
2587,plain,y,GCA_015550495_Protein2491,0.0,0,50,796,False
2588,plain,y,GCA_014384985_Protein633,0.0,0,50,6534,False
2589,plain,y,GCA_014385025_Protein2441,0.0,0,50,3232,False
2590,plain,y,GCA_014385025_Protein2884,0.0,0,50,2364,False
2591,plain,y,GCA_014384885_Protein1195,0.0,0,50,7704,False
2592,plain,y,GCA_014384885_Protein1262,0.0,0,50,1244,False
2593,plain,y,GCA_014384905_Protein1563,0.0,0,50,8352,False
2594,plain,y,GCA_014384905_Protein1590,0.0,0,50,10030,False
2595,plain,y,GCA_014384905_Protein465,0.0,0,50,2264,False
2596,plain,y,GCA_014385105_Protein1003,0.0,0,50,7978,False
2597,plain,y,GCA_014385105_Protein227,0.0,0,50,8724,False
2598,plain,y,GCA_014467055_Protein2299,0.0,0,50,4900,False
2599,plain,y,GCA_014385025_Protein3000,0.0,0,50,2026,False
2600,plain,y,GCA_014385065_Protein1056,0.0,0,50,1428,False
2601,plain,y,GCA_014385085_Protein2319,0.0,0,50,1244,False
2602,plain,y,GCA_014385085_Protein241,0.0,0,50,4682,False
2603,plain,y,GCA_014385095_Protein2056,0.0,0,50,1428,False
2604,plain,y,GCA_015097275_Protein660,0.0,0,50,454,False
2605,plain,y,GCA_014652235_Protein3947,0.0,0,50,454,False
2606,plain,y,GCA_014731795_Protein1291,0.0,0,50,674,False
2607,plain,y,GCA_014731795_Protein2119,0.0,0,50,2947,False
2608,plain,y,GCA_014731795_Protein2300,0.0,0,50,4172,False
2609,plain,y,GCA_014799785_Protein1356,0.0,0,50,796,False
2610,plain,y,GCA_014799785_Protein1788,0.0,0,50,1191,False
2611,plain,y,GCA_014799785_Protein1914,0.0,0,50,13467,False
2612,plain,y,BAL2_V__NODE_203_length_10283_cov_2.140122-cat_1_6,0.0,0,50,3284,False
2613,plain,y,BAL2_V__NODE_210_length_9814_cov_2.332578-cat_1_12,0.0,0,50,56,False
2614,plain,y,BAL2_V__NODE_3_length_79228_cov_17.447649-cat_1_106,0.0,0,50,564,False
2615,plain,y,BAH1_V__NODE_587_length_7778_cov_36.198594-cat_1_6,0.0,0,50,6103,False
2616,plain,y,BAH1_V__NODE_85_length_64698_cov_6.132618-cat_5_6,0.0,0,50,454,False
2617,plain,y,BAJ2_V__NODE_13_length_99177_cov_4.966219-cat_1_17,0.0,0,50,1350,False
2618,plain,y,BAJ2_V__NODE_32_length_17817_cov_4.181059-cat_1_5,0.0,0,50,1456,False
2619,plain,y,GCA_014982785_Protein2069,0.0,0,50,5544,False
2620,plain,y,BAF3_V__NODE_34_length_35201_cov_5908.272007-cat_1_19,0.0,0,50,850,False
2621,plain,y,BAL6_V__NODE_9_length_49994_cov_8.049183-cat_1_68,0.0,0,50,399,False
2622,plain,y,BAM1_V__NODE_108_length_17920_cov_2.097525-cat_2_33,0.0,0,50,2514,False
2623,plain,y,BAM1_V__NODE_85_length_23426_cov_2.177220-cat_1_32,0.0,0,50,3707,False
2624,plain,y,BAM2_V__NODE_27_length_42035_cov_6.986217-cat_1_40,0.0,0,50,454,False
2625,plain,y,BAM2_V__NODE_33_length_36515_cov_23.483057-cat_1_12,0.0,0,50,509,False
2626,plain,y,BAM2_V__NODE_46_length_26715_cov_1.587353-cat_1_18,0.0,0,50,399,False
2627,plain,y,BAM2_V__NODE_64_length_17515_cov_2.056557-cat_1_12,0.0,0,50,1688,False
2628,plain,y,BAH14_V__NODE_36_length_74516_cov_6.894769_1-cat_1_23,0.0,0,50,12103,False
2629,plain,y,BAF3_V__NODE_16_length_80147_cov_5.288414_1-cat_1_11,0.0,0,50,1822,False
2630,plain,y,BAF3_V__NODE_16_length_80147_cov_5.288414_1-cat_1_12,0.0,0,50,796,False
2631,plain,y,BAF3_V__NODE_16_length_80147_cov_5.288414_1-cat_1_31,0.0,0,50,796,False
2632,plain,y,BAF3_V__NODE_16_length_80147_cov_5.288414_1-cat_1_85,0.0,0,50,1244,False
2633,plain,y,BAF3_V__NODE_1_length_358461_cov_3.937982_1-cat_1_23,0.0,0,50,2128,False
2634,plain,y,BAF3_V__NODE_1_length_358461_cov_3.937982_1-cat_1_43,0.0,0,50,619,False
2635,plain,y,BAF3_V__NODE_1_length_358461_cov_3.937982_1-cat_1_7,0.0,0,50,850,False
2636,plain,y,GCA_016415625_Protein2882,0.0,0,50,2230,False
2637,plain,y,GCA_017874415_Protein1594,0.0,0,50,742,False
2638,plain,y,GCA_017874595_Protein1730,0.0,0,50,742,False
2639,plain,y,GCA_018128545_Protein1062,0.0,0,50,7978,False
2640,plain,y,GCA_018128545_Protein1353,0.0,0,50,1822,False
2641,plain,y,GCA_018128545_Protein4306,0.0,0,50,9094,False
2642,plain,y,GCA_018128545_Protein834,0.0,0,50,4515,False
2643,plain,y,GCA_017303055_Protein343,0.0,0,50,1532,False
2644,plain,y,GCA_016718315_Protein2702,0.0,0,50,1480,False
2645,plain,y,GCA_016718315_Protein806,0.0,0,50,16520,False
2646,plain,y,GCA_016025525_Protein1259,0.0,0,50,1085,False
2647,plain,y,GCA_016025525_Protein1275,0.0,0,50,688,False
2648,plain,y,GCA_016025525_Protein19,0.0,0,50,1822,False
2649,plain,y,GCA_016084405_Protein3645,0.0,0,50,796,False
2650,plain,y,GCA_016084405_Protein458,0.0,0,50,742,False
2651,plain,y,GCA_016415625_Protein2733,0.0,0,50,454,False
2652,plain,y,GCA_016767075_Protein881,0.0,0,50,1428,False
2653,plain,y,GCA_016791685_Protein2836,0.0,0,50,796,False
2654,plain,y,GCA_016812035_Protein290,0.0,0,50,1012,False
2655,plain,y,GCA_016454265_Protein1213,0.0,0,50,904,False
2656,plain,y,GCA_016454265_Protein4226,0.0,0,50,796,False
2657,plain,y,GCA_016505505_Protein4175,0.0,0,50,399,False
2658,plain,y,GCA_016586355_Protein328,0.0,0,50,16204,False
2659,plain,y,GCA_016586355_Protein745,0.0,0,50,1428,False
2660,plain,y,GCA_016899775_Protein2382,0.0,0,50,9660,False
2661,plain,y,GCA_016899775_Protein2842,0.0,0,50,4558,False
2662,plain,y,GCA_016899775_Protein3141,0.0,0,50,1480,False
2663,plain,y,GCA_016900015_Protein734,0.0,0,50,56,False
2664,plain,y,GCA_016900315_Protein789,0.0,0,50,454,False
2665,plain,y,GCA_016901955_Protein1198,0.0,0,50,1120,False
2666,plain,y,GCA_016767075_Protein1309,0.0,0,50,1480,False
2667,plain,y,GCA_016767075_Protein1936,0.0,0,50,1244,False
2668,plain,y,BAH14_V__NODE_163_length_25761_cov_1.781272-cat_1_27,0.0,0,50,1350,False
2669,plain,y,BAH14_V__NODE_176_length_24538_cov_380.235975-cat_1_16,0.0,0,50,1740,False
2670,plain,y,BAH14_V__NODE_176_length_24538_cov_380.235975-cat_1_24,0.0,0,50,3946,False
2671,plain,y,GCA_017303055_Protein2473,0.0,0,50,399,False
2672,plain,y,GCA_017303055_Protein2577,0.0,0,50,742,False
2673,plain,y,GCA_016901955_Protein3257,0.0,0,50,1228,False
2674,plain,y,GCA_016901955_Protein327,0.0,0,50,850,False
2675,plain,y,GCA_017168145_Protein1714,0.0,0,50,4436,False
2676,plain,y,BAH1_V__NODE_101_length_49898_cov_3.288600-cat_1_50,0.0,0,50,1975,False
2677,plain,y,BAH1_V__NODE_114_length_43213_cov_6.970288-cat_1_27,0.0,0,50,2614,False
2678,plain,y,BAH1_V__NODE_114_length_43213_cov_6.970288-cat_1_58,0.0,0,50,2164,False
2679,plain,y,BAH1_V__NODE_128_length_39514_cov_1787.511354-cat_1_17,0.0,0,50,1509,False
2680,plain,y,BAH14_V__NODE_40_length_67062_cov_50.289369-cat_1_26,0.0,0,50,112,False
2681,plain,y,BAH14_V__NODE_40_length_67062_cov_50.289369-cat_1_45,0.0,0,50,112,False
2682,plain,y,BAH14_V__NODE_54_length_51473_cov_8.221085_1-cat_1_29,0.0,0,50,688,False
2683,plain,y,BAH14_V__NODE_108_length_35706_cov_94.353751-cat_1_48,0.0,0,50,3284,False
2684,plain,y,BAD2_V__NODE_1_length_182629_cov_65.036427-cat_1_191,0.0,0,50,796,False
2685,plain,y,BAC7_V__NODE_12_length_29844_cov_206.690435-cat_1_3,0.0,0,50,904,False
2686,plain,y,BAC7_V__NODE_2_length_72017_cov_9.814066_1-cat_1_63,0.0,0,50,1120,False
2687,plain,y,BAC7_V__NODE_78_length_7435_cov_1.354962-cat_1_5,0.0,0,50,509,False
2688,plain,y,BAC7_V__NODE_7_length_40461_cov_8.989669-cat_1_49,0.0,0,50,742,False
2689,plain,y,BAC7_V__NODE_9_length_32955_cov_60.382183-cat_1_1,0.0,0,50,3284,False
2690,plain,y,BAH14_V__NODE_92_length_39161_cov_3.940786-cat_1_3,0.0,0,50,2164,False
2691,plain,y,BAH14_V__NODE_94_length_38705_cov_13.133399-cat_1_43,0.0,0,50,1297,False
2692,plain,y,GCA_017566055_Protein856,0.0,0,50,8044,False
2693,plain,y,GCA_017873235_Protein1558,0.0,0,50,742,False
2694,plain,y,GCA_017168145_Protein3180,0.0,0,50,3624,False
2695,plain,y,GCA_017168145_Protein930,0.0,0,50,399,False
2696,plain,y,GCA_017303055_Protein1209,0.0,0,50,904,False
2697,plain,y,GCA_017303055_Protein2122,0.0,0,50,399,False
2698,plain,y,BAD2_V__NODE_11_length_44887_cov_3.424935-cat_1_2,0.0,0,50,1138,False
2699,plain,y,BAD2_V__NODE_18_length_33635_cov_7.757812-cat_1_12,0.0,0,50,399,False
2700,plain,y,GCA_018223385_Protein488,0.0,0,50,1948,False
2701,plain,y,GCA_018223435_Protein3541,0.0,0,50,850,False
2702,plain,y,GCA_018228665_Protein2154,0.0,0,50,2849,False
2703,plain,y,GCA_018228665_Protein2392,0.0,0,50,4684,False
2704,plain,y,GCA_018228665_Protein2646,0.0,0,50,4876,False
2705,plain,y,GCA_900011355_Protein1931,0.0,0,50,1822,False
2706,plain,y,GCA_900048895_Protein2357,0.0,0,50,7329,False
2707,plain,y,GCA_900048895_Protein3042,0.0,0,50,1480,False
2708,plain,y,GCA_018713335_Protein1199,0.0,0,50,2506,False
2709,plain,y,GCA_018228705_Protein1012,0.0,0,50,1297,False
2710,plain,y,GCA_018228705_Protein1372,0.0,0,50,904,False
2711,plain,y,GCA_018265985_Protein1105,0.0,0,50,904,False
2712,plain,y,GCA_018265985_Protein1723,0.0,0,50,1191,False
2713,plain,y,GCA_018326305_Protein1626,0.0,0,50,12424,False
2714,plain,y,GCA_018223385_Protein2417,0.0,0,50,1480,False
2715,plain,y,GCA_018223385_Protein2609,0.0,0,50,1120,False
2716,plain,y,GCA_018918345_Protein1019,0.0,0,50,3045,False
2717,plain,y,GCA_018918345_Protein1119,0.0,0,50,2800,False
2718,plain,y,GCA_018326305_Protein190,0.0,0,50,13952,False
2719,plain,y,GCA_018326305_Protein2143,0.0,0,50,1066,False
2720,plain,y,GCA_018332455_Protein1953,0.0,0,50,742,False
2721,plain,y,GCA_018332455_Protein534,0.0,0,50,1297,False
2722,plain,y,GCA_018335695_Protein1302,0.0,0,50,3486,False
2723,plain,y,GCA_018376065_Protein963,0.0,0,50,742,False
2724,plain,y,GCA_017168145_Protein1762,0.0,0,50,3613,False
2725,plain,y,GCA_017168145_Protein2339,0.0,0,50,1480,False
2726,plain,y,GCA_017168145_Protein24,0.0,0,50,1822,False
2727,plain,y,GCA_018713335_Protein1511,0.0,0,50,4729,False
2728,plain,y,GCA_018861735_Protein1537,0.0,0,50,2751,False
2729,plain,y,GCA_018861735_Protein3009,0.0,0,50,1584,False
2730,plain,y,GCA_018861865_Protein1396,0.0,0,50,7504,False
2731,plain,y,GCA_018918155_Protein923,0.0,0,50,3237,False
2732,plain,y,BAD2_V__NODE_1_length_182629_cov_65.036427-cat_1_83,0.0,0,50,742,False
2733,plain,y,BAD2_V__NODE_21_length_31625_cov_25.280626-cat_1_18,0.0,0,50,688,False
2734,plain,y,BAD2_V__NODE_32_length_19134_cov_3.073496-cat_1_19,0.0,0,50,56,False
2735,plain,y,BAD2_V__NODE_44_length_16589_cov_11.592844-cat_1_3,0.0,0,50,2264,False
2736,plain,y,BAD2_V__NODE_5_length_85921_cov_126.921058-cat_1_101,0.0,0,50,2604,False
2737,plain,y,BAD2_V__NODE_5_length_85921_cov_126.921058-cat_1_121,0.0,0,50,2896,False
2738,plain,y,BAD2_V__NODE_5_length_85921_cov_126.921058-cat_1_92,0.0,0,50,1532,False
2739,plain,y,BAD1_V__NODE_103_length_21758_cov_1.986980-cat_1_27,0.0,0,50,399,False
2740,plain,y,AZX4_V__NODE_12_length_47861_cov_24.816109-cat_1_30,0.0,0,50,1636,False
2741,plain,y,BAF1_V__NODE_198_length_5034_cov_3.256130-cat_2_2,0.0,0,50,1532,False
2742,plain,y,BAF1_V__NODE_23_length_46595_cov_46.280863-cat_1_43,0.0,0,50,742,False
2743,plain,y,BAF1_V__NODE_25_length_39884_cov_8.715068-cat_1_64,0.0,0,50,3919,False
2744,plain,y,BAF1_V__NODE_31_length_23969_cov_7.450859-cat_1_14,0.0,0,50,6316,False
2745,plain,y,BAF1_V__NODE_35_length_18937_cov_2.651396-cat_2_4,0.0,0,50,6610,False
2746,plain,y,BAF1_V__NODE_42_length_16534_cov_3.006024-cat_2_7,0.0,0,50,850,False
2747,plain,y,BAF1_V__NODE_46_length_14978_cov_2.950131-cat_1_14,0.0,0,50,1532,False
2748,plain,y,BAC3_V__NODE_10_length_139844_cov_19.017697-cat_1_36,0.0,0,50,1822,False
2749,plain,y,BAC3_V__NODE_124_length_14488_cov_2.422128-cat_1_3,0.0,0,50,3376,False
2750,plain,y,AZV1_V__NODE_65_length_39260_cov_20.533822-cat_1_20,0.0,0,50,8624,False
2751,plain,y,AZV1_V__NODE_65_length_39260_cov_20.533822-cat_1_41,0.0,0,50,4729,False
2752,plain,y,AZV1_V__NODE_65_length_39260_cov_20.533822-cat_1_51,0.0,0,50,742,False
2753,plain,y,AZV1_V__NODE_76_length_35518_cov_7.663853-cat_1_56,0.0,0,50,1636,False
2754,plain,y,AZX1_V__NODE_16_length_58427_cov_7.353415_1-cat_1_18,0.0,0,50,1085,False
2755,plain,y,AZX4_V__NODE_12_length_47861_cov_24.816109-cat_1_13,0.0,0,50,3566,False
2756,plain,y,GCA_019754295_Protein23,0.0,0,50,3472,False
2757,plain,y,GCA_019856295_Protein4277,0.0,0,50,4700,False
2758,plain,y,GCA_019856495_Protein864,0.0,0,50,6382,False
2759,plain,y,GCA_019884785_Protein1328,0.0,0,50,2364,False
2760,plain,y,GCA_019042245_Protein3477,0.0,0,50,1191,False
2761,plain,y,GCA_019042245_Protein3981,0.0,0,50,1138,False
2762,plain,y,GCA_019042275_Protein584,0.0,0,50,1480,False
2763,plain,y,GCA_019120295_Protein745,0.0,0,50,3532,False
2764,plain,y,GCA_900128455_Protein955,0.0,0,50,796,False
2765,plain,y,GCA_900129085_Protein1863,0.0,0,50,1428,False
2766,plain,y,GCA_900129135_Protein1254,0.0,0,50,958,False
2767,plain,y,GCA_900129135_Protein3666,0.0,0,50,112,False
2768,plain,y,GCA_900129915_Protein1242,0.0,0,50,7348,False
2769,plain,y,GCA_900129915_Protein1563,0.0,0,50,11368,False
2770,plain,y,GCA_900129965_Protein1766,0.0,0,50,1428,False
2771,plain,y,GCA_900120295_Protein1787,0.0,0,50,7704,False
2772,plain,y,GCA_900087015_Protein1716,0.0,0,50,8724,False
2773,plain,y,GCA_900092635_Protein3189,0.0,0,50,1532,False
2774,plain,y,GCA_900066765_Protein3385,0.0,0,50,850,False
2775,plain,y,GCA_900086725_Protein143,0.0,0,50,742,False
2776,plain,y,GCA_900086725_Protein2603,0.0,0,50,1428,False
2777,plain,y,GCA_900086725_Protein2832,0.0,0,50,3919,False
2778,plain,y,GCA_900086725_Protein29,0.0,0,50,1740,False
2779,plain,y,GCA_900086725_Protein2988,0.0,0,50,1975,False
2780,plain,y,GCA_900103835_Protein2211,0.0,0,50,3472,False
2781,plain,y,GCA_900103835_Protein938,0.0,0,50,2457,False
2782,plain,y,GCA_900104565_Protein955,0.0,0,50,1873,False
2783,plain,y,GCA_900104645_Protein271,0.0,0,50,7259,False
2784,plain,y,GCA_900100245_Protein1021,0.0,0,50,1376,False
2785,plain,y,GCA_900100595_Protein2811,0.0,0,50,3237,False
2786,plain,y,GCA_900101605_Protein18,0.0,0,50,7259,False
2787,plain,y,GCA_900086725_Protein616,0.0,0,50,1138,False
2788,plain,y,GCA_019355395_Protein1910,0.0,0,50,4216,False
2789,plain,y,GCA_019753795_Protein2580,0.0,0,50,2604,False
2790,plain,y,GCA_018919205_Protein2339,0.0,0,50,9660,False
2791,plain,y,GCA_018982945_Protein1085,0.0,0,50,15824,False
2792,plain,y,GCA_018982945_Protein154,0.0,0,50,2026,False
2793,plain,y,GCA_018982945_Protein749,0.0,0,50,3190,False
2794,plain,y,GCA_019042245_Protein1203,0.0,0,50,5611,False
2795,plain,y,GCA_900103535_Protein2174,0.0,0,50,2992,False
2796,plain,y,AZX4_V__NODE_12_length_47861_cov_24.816109-cat_1_45,0.0,0,50,1480,False
2797,plain,y,BAC3_V__NODE_10_length_139844_cov_19.017697-cat_1_121,0.0,0,50,399,False
2798,plain,y,GCA_900115945_Protein2630,0.0,0,50,2264,False
2799,plain,y,GCA_900104675_Protein3405,0.0,0,50,6121,False
2800,plain,y,GCA_900107575_Protein1284,0.0,0,50,509,False
2801,plain,y,GCA_900107575_Protein264,0.0,0,50,3040,False
2802,plain,y,GCA_900107575_Protein684,0.0,0,50,8352,False
2803,plain,y,GCA_900109655_Protein1106,0.0,0,50,9132,False
2804,plain,y,BAC3_V__NODE_72_length_26517_cov_2.303240-cat_1_31,0.0,0,50,336,False
2805,plain,y,BAC3_V__NODE_184_length_11248_cov_2.075971-cat_1_3,0.0,0,50,796,False
2806,plain,y,BAC3_V__NODE_279_length_8862_cov_2.031154-cat_1_7,0.0,0,50,1297,False
2807,plain,y,BAC3_V__NODE_28_length_50905_cov_10.565622-cat_1_31,0.0,0,50,904,False
2808,plain,y,BAC3_V__NODE_28_length_50905_cov_10.565622-cat_1_65,0.0,0,50,1532,False
2809,plain,y,BAC3_V__NODE_307_length_8334_cov_1.452580_1-cat_2_7,0.0,0,50,1771,False
2810,plain,y,BAC3_V__NODE_346_length_7863_cov_1.261463-cat_2_21,0.0,0,50,1138,False
2811,plain,y,AZX4_V__NODE_12_length_47861_cov_24.816109-cat_1_33,0.0,0,50,1244,False
2812,plain,y,AZS2_V__NODE_160_length_7503_cov_18.145192_1-cat_1_3,0.0,0,50,1138,False
2813,plain,y,AZS2_V__NODE_186_length_6038_cov_19.124432-cat_2_6,0.0,0,50,2164,False
2814,plain,y,AZS2_V__NODE_5_length_326270_cov_18.339512_1-cat_1_48,0.0,0,50,8506,False
2815,plain,y,AZT2_V__NODE_18_length_19077_cov_4.706818-cat_1_17,0.0,0,50,3856,False
2816,plain,y,BAC3_V__NODE_44_length_39946_cov_4.374282-cat_1_22,0.0,0,50,5744,False
2817,plain,y,BAC3_V__NODE_57_length_34569_cov_7.069771-cat_1_30,0.0,0,50,2414,False
2818,plain,y,BAC3_V__NODE_61_length_32190_cov_20.241750-cat_1_31,0.0,0,50,4729,False
2819,plain,y,BAC3_V__NODE_62_length_31908_cov_2.683014-cat_1_17,0.0,0,50,454,False
2820,plain,y,GCA_900128455_Protein1218,0.0,0,50,1138,False
2821,plain,y,GCA_900128455_Protein1486,0.0,0,50,509,False
2822,plain,y,GCA_900112085_Protein708,0.0,0,50,1191,False
2823,plain,y,GCA_900112915_Protein746,0.0,0,50,1584,False
2824,plain,y,GCA_900113325_Protein614,0.0,0,50,19264,False
2825,plain,y,AZV1_V__NODE_100_length_29198_cov_31.470051-cat_1_15,0.0,0,50,1191,False
2826,plain,y,AZV1_V__NODE_1190_length_5099_cov_1.356200-cat_1_3,0.0,0,50,1138,False
2827,plain,y,AZS1_V__NODE_44_length_33634_cov_5.386253-cat_1_34,0.0,0,50,509,False
2828,plain,y,AZV1_V__NODE_232_length_16141_cov_1.548747-cat_1_2,0.0,0,50,168,False
2829,plain,y,AZV1_V__NODE_291_length_13814_cov_3.770106-cat_1_14,0.0,0,50,2414,False
2830,plain,y,AZV1_V__NODE_38_length_54808_cov_7.643953_1-cat_1_25,0.0,0,50,2506,False
2831,plain,y,AZT2_V__NODE_5_length_41691_cov_14.299096-cat_1_14,0.0,0,50,1244,False
2832,plain,y,AZT2_V__NODE_79_length_6749_cov_1.463308-cat_1_8,0.0,0,50,3136,False
2833,plain,y,GCA_900142095_Protein1496,0.0,0,50,1844,False
2834,plain,y,GCA_900142095_Protein1614,0.0,0,50,2764,False
2835,plain,y,GCA_900129965_Protein3161,0.0,0,50,8288,False
2836,plain,y,AZP1_V__NODE_31_length_94031_cov_70.983445-cat_1_34,0.0,0,50,1822,False
2837,plain,y,AZV1_V__NODE_38_length_54808_cov_7.643953_1-cat_1_4,0.0,0,50,6573,False
2838,plain,y,AZV1_V__NODE_3_length_166107_cov_8.457098-cat_1_66,0.0,0,50,1456,False
2839,plain,y,AZV1_V__NODE_423_length_10328_cov_1.981719-cat_1_16,0.0,0,50,1191,False
2840,plain,y,AZV1_V__NODE_59_length_40485_cov_7.847871-cat_1_23,0.0,0,50,454,False
2841,plain,y,AZV1_V__NODE_61_length_40230_cov_27.002417-cat_1_5,0.0,0,50,454,False
2842,plain,y,AZV1_V__NODE_141_length_22901_cov_1.555697-cat_1_27,0.0,0,50,4636,False
2843,plain,y,AZV1_V__NODE_216_length_16618_cov_2.805739-cat_1_6,0.0,0,50,1792,False
2844,plain,y,GCA_900142225_Protein2017,0.0,0,50,3762,False
2845,plain,y,GCA_900142225_Protein2140,0.0,0,50,2751,False
2846,plain,y,GCA_900141895_Protein2121,0.0,0,50,1873,False
2847,plain,y,GCA_900141895_Protein568,0.0,0,50,15502,False
2848,plain,y,GCA_900141895_Protein69,0.0,0,50,2457,False
2849,plain,y,AZP2_V__NODE_18_length_91187_cov_7.214210_1-cat_1_42,0.0,0,50,1066,False
2850,plain,y,AZP1_V__NODE_127_length_36356_cov_7.305348-cat_1_56,0.0,0,50,1138,False
2851,plain,y,AZP1_V__NODE_2_length_871199_cov_99.652869-cat_4_17,0.0,0,50,1480,False
2852,plain,y,GCA_900142375_Protein2478,0.0,0,50,6355,False
2853,plain,y,GCA_900142525_Protein2300,0.0,0,50,56,False
2854,plain,y,GCA_900142525_Protein2648,0.0,0,50,56,False
2855,plain,y,GCA_900142525_Protein2683,0.0,0,50,56,False
2856,plain,y,GCA_900142165_Protein1284,0.0,0,50,1138,False
2857,plain,y,GCA_900142165_Protein1636,0.0,0,50,2164,False
2858,plain,y,GCA_900142165_Protein989,0.0,0,50,8320,False
2859,plain,y,GCA_900142225_Protein1520,0.0,0,50,1350,False
2860,plain,y,GCA_900199635_Protein2178,0.0,0,50,2214,False
2861,plain,y,GCA_900205925_Protein600,0.0,0,50,2164,False
2862,plain,y,GCA_900205965_Protein3484,0.0,0,50,2506,False
2863,plain,y,GCA_900205965_Protein4711,0.0,0,50,1924,False
2864,plain,y,GCA_900197595_Protein1958,0.0,0,50,4774,False
2865,plain,y,GCA_900197595_Protein2222,0.0,0,50,3829,False
2866,plain,y,GCA_900199395_Protein1120,0.0,0,50,509,False
2867,plain,y,GCA_900199395_Protein418,0.0,0,50,1191,False
2868,plain,y,GCA_900155735_Protein1098,0.0,0,50,742,False
2869,plain,y,GCA_900155735_Protein1331,0.0,0,50,11398,False
2870,plain,y,GCA_900142955_Protein3776,0.0,0,50,1584,False
2871,plain,y,GCA_900142955_Protein3863,0.0,0,50,1873,False
2872,plain,y,GCA_900142955_Protein4233,0.0,0,50,4900,False
2873,plain,y,GCA_900143205_Protein1063,0.0,0,50,8416,False
2874,plain,y,GCA_900148495_Protein62,0.0,0,50,2457,False
2875,plain,y,GCA_900199545_Protein990,0.0,0,50,1873,False
2876,plain,y,GCA_900176305_Protein1249,0.0,0,50,742,False
2877,plain,y,GCA_900176335_Protein1213,0.0,0,50,11375,False
2878,plain,y,GCA_900163625_Protein3119,0.0,0,50,3331,False
2879,plain,y,GCA_900167375_Protein1812,0.0,0,50,2264,False
2880,plain,y,GCA_900167605_Protein1941,0.0,0,50,3519,False
2881,plain,y,GCA_900167605_Protein711,0.0,0,50,3472,False
2882,plain,y,GCA_900155615_Protein1376,0.0,0,50,3874,False
2883,plain,y,GCA_900155615_Protein1468,0.0,0,50,2848,False
2884,plain,y,GCA_900130065_Protein3204,0.0,0,50,12424,False
2885,plain,y,GCA_900130065_Protein3313,0.0,0,50,1085,False
2886,plain,y,GCA_900141845_Protein1195,0.0,0,50,3388,False
2887,plain,y,GCA_900141845_Protein4342,0.0,0,50,1532,False
2888,plain,y,GCA_900141895_Protein1981,0.0,0,50,10864,False
2889,plain,y,GCA_900141895_Protein2034,0.0,0,50,2664,False
2890,plain,y,GCA_900169975_Protein1090,0.0,0,50,2364,False
2891,plain,y,GCA_900176035_Protein1027,0.0,0,50,18922,False
2892,plain,y,AZP1_V__NODE_388_length_10499_cov_1.212788-cat_2_14,0.0,0,50,850,False
2893,plain,y,AZP1_V__NODE_94_length_41840_cov_3.786397-cat_1_50,0.0,0,50,1085,False
2894,plain,y,AZP2_V__NODE_151_length_7269_cov_1.332636-cat_1_13,0.0,0,50,4216,False
2895,plain,y,AZP2_V__NODE_18_length_91187_cov_7.214210_1-cat_1_37,0.0,0,50,850,False
2896,plain,y,GCA_900186585_Protein199,0.0,0,50,1012,False
2897,plain,y,GCA_900184925_Protein1167,0.0,0,50,1873,False
2898,plain,y,GCA_900184925_Protein1941,0.0,0,50,2702,False
2899,plain,y,GCA_900184925_Protein2053,0.0,0,50,8928,False
2900,plain,y,AZS1_V__NODE_40_length_35884_cov_4.351963-cat_1_10,0.0,0,50,3854,False
2901,plain,y,AZS1_V__NODE_40_length_35884_cov_4.351963-cat_1_55,0.0,0,50,1350,False
2902,plain,y,AZS1_V__NODE_44_length_33634_cov_5.386253-cat_1_15,0.0,0,50,56,False
2903,plain,y,AZP2_V__NODE_51_length_34287_cov_11.074324_1-cat_1_2,0.0,0,50,2214,False
2904,plain,y,AZP2_V__NODE_62_length_23463_cov_1.649161-cat_2_27,0.0,0,50,1032,False
2905,plain,y,AZR1_V__NODE_110_length_5908_cov_3.074712-cat_1_7,0.0,0,50,1532,False
2906,plain,y,AZR1_V__NODE_62_length_19579_cov_13.049179-cat_1_29,0.0,0,50,796,False
2907,plain,y,AZR1_V__NODE_92_length_9131_cov_3.091895-cat_1_2,0.0,0,50,1873,False
2908,plain,y,AZK1_V__NODE_29_length_26582_cov_7.248839-cat_1_36,0.0,0,50,5362,False
2909,plain,y,AZJ1_V__NODE_58_length_42977_cov_3.782826-cat_1_16,0.0,0,50,399,False
2910,plain,y,AZJ1_V__NODE_62_length_40906_cov_6.084814-cat_1_28,0.0,0,50,1350,False
2911,plain,y,AZJ1_V__NODE_65_length_40403_cov_9.126092-cat_1_25,0.0,0,50,1584,False
2912,plain,y,AZJ1_V__NODE_79_length_34700_cov_27.241062-cat_1_52,0.0,0,50,6876,False
2913,plain,y,AZK1_V__NODE_114_length_8745_cov_2.738607-cat_1_3,0.0,0,50,796,False
2914,plain,y,AZS1_V__NODE_126_length_11171_cov_2.036037-cat_2_16,0.0,0,50,1615,False
2915,plain,y,AZS1_V__NODE_297_length_5500_cov_1.535271-cat_1_4,0.0,0,50,742,False
2916,plain,y,GCA_900199435_Protein1068,0.0,0,50,6472,False
2917,plain,y,GCA_900199435_Protein1737,0.0,0,50,2408,False
2918,plain,y,GCA_900199435_Protein2369,0.0,0,50,850,False
2919,plain,y,GCA_900199435_Protein2390,0.0,0,50,1615,False
2920,plain,y,GCA_900184995_Protein2582,0.0,0,50,796,False
2921,plain,y,GCA_900184995_Protein3086,0.0,0,50,56,False
2922,plain,y,GCA_900184995_Protein470,0.0,0,50,796,False
2923,plain,y,AZK1_V__NODE_29_length_26582_cov_7.248839-cat_1_34,0.0,0,50,2653,False
2924,plain,y,AZP1_V__NODE_113_length_38677_cov_13.633237-cat_1_7,0.0,0,50,958,False
2925,plain,y,AZP1_V__NODE_127_length_36356_cov_7.305348-cat_1_54,0.0,0,50,399,False
2926,plain,y,AZK1_V__NODE_34_length_22487_cov_22.790334-cat_1_11,0.0,0,50,742,False
2927,plain,y,AZK1_V__NODE_34_length_22487_cov_22.790334-cat_1_13,0.0,0,50,2848,False
2928,plain,y,AZK1_V__NODE_34_length_22487_cov_22.790334-cat_1_15,0.0,0,50,399,False
2929,plain,y,AZK1_V__NODE_4_length_55318_cov_16.212807-cat_1_8,0.0,0,50,2260,False
2930,plain,y,AZK1_V__NODE_54_length_14778_cov_14.576061-cat_1_5,0.0,0,50,1174,False
2931,plain,y,AZK1_V__NODE_12_length_39804_cov_4.040876-cat_1_19,0.0,0,50,1721,False
2932,plain,y,AZB2_V__NODE_82_length_12664_cov_2.988301-cat_1_2,0.0,0,50,3284,False
2933,plain,y,AZB2_V__NODE_90_length_11747_cov_18.213427-cat_2_2,0.0,0,50,850,False
2934,plain,y,AZB4_V__NODE_10_length_33575_cov_188.901870-cat_1_28,0.0,0,50,2128,False
2935,plain,y,AZC1_V__NODE_6_length_33060_cov_2.693395-cat_1_27,0.0,0,50,4858,False
2936,plain,y,AZO9_V__NODE_2_length_101466_cov_7.797370-cat_1_55,0.0,0,50,399,False
2937,plain,y,AZP1_V__NODE_105_length_39735_cov_71.196967-cat_1_8,0.0,0,50,509,False
2938,plain,y,AZP1_V__NODE_113_length_38677_cov_13.633237-cat_1_23,0.0,0,50,1191,False
2939,plain,y,AZP1_V__NODE_113_length_38677_cov_13.633237-cat_1_50,0.0,0,50,3328,False
2940,plain,y,GCA_900248245_Protein4126,0.0,0,50,742,False
2941,plain,y,GCA_900248245_Protein4464,0.0,0,50,1924,False
2942,plain,y,GCA_900248245_Protein78,0.0,0,50,1138,False
2943,plain,y,GCA_900240845_Protein1391,0.0,0,50,8928,False
2944,plain,y,GCA_900240845_Protein1432,0.0,0,50,4314,False
2945,plain,y,AZC5_V__NODE_80_length_11382_cov_1.864664-cat_2_1,0.0,0,50,1924,False
2946,plain,y,AZB2_V__NODE_72_length_13276_cov_2.539121-cat_1_19,0.0,0,50,11605,False
2947,plain,y,AZB2_V__NODE_79_length_12690_cov_2.609642-cat_1_2,0.0,0,50,904,False
2948,plain,y,GCA_900184925_Protein579,0.0,0,50,2896,False
2949,plain,y,GCA_900184995_Protein1462,0.0,0,50,1873,False
2950,plain,y,GCA_900343095_Protein1025,0.0,0,50,4601,False
2951,plain,y,GCA_900461105_Protein1752,0.0,0,50,7978,False
2952,plain,y,GCA_900540745_Protein1261,0.0,0,50,56,False
2953,plain,y,GCA_900540745_Protein2473,0.0,0,50,56,False
2954,plain,y,GCA_900540745_Protein997,0.0,0,50,56,False
2955,plain,y,GCA_900248245_Protein3924,0.0,0,50,6103,False
2956,plain,y,GCA_900624825_Protein3896,0.0,0,50,454,False
2957,plain,y,GCA_900624825_Protein5438,0.0,0,50,56,False
2958,plain,y,GCA_900624825_Protein866,0.0,0,50,17896,False
2959,plain,y,GCA_905200745_Protein1702,0.0,0,50,454,False
2960,plain,y,GCA_905213615_Protein151,0.0,0,50,3425,False
2961,plain,y,GCA_905213615_Protein571,0.0,0,50,1085,False
2962,plain,y,GCA_905213615_Protein829,0.0,0,50,18238,False
2963,plain,y,GCA_902809935_Protein2109,0.0,0,50,3143,False
2964,plain,y,GCA_900625105_Protein1077,0.0,0,50,12356,False
2965,plain,y,GCA_900626135_Protein1196,0.0,0,50,454,False
2966,plain,y,GCA_900626135_Protein1772,0.0,0,50,5664,False
2967,plain,y,GCA_900626145_Protein1554,0.0,0,50,850,False
2968,plain,y,GCA_900604335_Protein1293,0.0,0,50,399,False
2969,plain,y,GCA_900604335_Protein753,0.0,0,50,11032,False
2970,plain,y,GCA_900604945_Protein1525,0.0,0,50,1456,False
2971,plain,y,GCA_900604945_Protein2236,0.0,0,50,2800,False
2972,plain,y,GCA_900761485_Protein735,0.0,0,50,112,False
2973,plain,y,GCA_900766185_Protein1294,0.0,0,50,2457,False
2974,plain,y,GCA_900771915_Protein1486,0.0,0,50,2264,False
2975,plain,y,GCA_901482605_Protein647,0.0,0,50,2114,False
2976,plain,y,GCA_901482605_Protein720,0.0,0,50,3040,False
2977,plain,y,GCA_900635485_Protein2896,0.0,0,50,454,False
2978,plain,y,GCA_900635865_Protein2179,0.0,0,50,454,False
2979,plain,y,GCA_900625025_Protein1717,0.0,0,50,796,False
2980,plain,y,AZK1_V__NODE_22_length_33433_cov_6.212216-cat_1_15,0.0,0,50,742,False
2981,plain,y,AZK1_V__NODE_23_length_32694_cov_113.756895-cat_1_42,0.0,0,50,2604,False
2982,plain,y,GCA_900248245_Protein2542,0.0,0,50,112,False
2983,plain,y,GCA_900248245_Protein3080,0.0,0,50,1138,False
2984,plain,y,GCA_900248245_Protein379,0.0,0,50,796,False
2985,plain,y,GCA_900205965_Protein640,0.0,0,50,1138,False
2986,plain,y,GCA_900205965_Protein708,0.0,0,50,2457,False
2987,plain,y,GCA_900230255_Protein2212,0.0,0,50,1636,False
2988,plain,y,AWG0_V__NODE_50_length_57185_cov_32.754178-cat_1_55,0.0,0,50,112,False
2989,plain,y,AWG0_V__NODE_52_length_50249_cov_74.807198-cat_1_41,0.0,0,50,399,False
2990,plain,y,AWG0_V__NODE_54_length_49669_cov_19.929191-cat_1_29,0.0,0,50,958,False
2991,plain,y,AWG0_V__NODE_56_length_42808_cov_4.011894-cat_1_17,0.0,0,50,3190,False
2992,plain,y,AWG0_V__NODE_56_length_42808_cov_4.011894-cat_1_49,0.0,0,50,958,False
2993,plain,y,AWG0_V__NODE_67_length_32062_cov_2.704784-cat_1_7,0.0,0,50,3184,False
2994,plain,y,AWG10_V__NODE_28_length_53874_cov_1171.764482-cat_1_79,0.0,0,50,509,False
2995,plain,y,GCA_910584935_Protein1676,0.0,0,50,1975,False
2996,plain,y,MixLL9_V2__NODE_2_length_37153_cov_86.950882-cat_1_6,0.0,0,50,344,False
2997,plain,y,MixMB4_V11__NODE_3_length_31347_cov_161.993760-cat_1_12,0.0,0,50,4864,False
2998,plain,y,MixMS20_V8__NODE_10_length_41416_cov_2997.608418-cat_1_1,0.0,0,50,850,False
2999,plain,y,MixMS20_V8__NODE_14_length_40242_cov_191.255262-cat_1_4,0.0,0,50,3192,False
3000,plain,y,MixMS20_V8__NODE_14_length_40242_cov_191.255262-cat_1_6,0.0,0,50,1244,False
3001,plain,y,AWG10_V__NODE_37_length_35347_cov_3.846488-cat_1_45,0.0,0,50,3919,False
3002,plain,y,AWG1_V__NODE_6_length_50413_cov_18.240450-cat_1_36,0.0,0,50,1480,False
3003,plain,y,AWG2_V__NODE_2_length_101056_cov_4.068168-cat_1_69,0.0,0,50,3136,False
3004,plain,y,MixRN7_V4__NODE_86_length_10719_cov_3.310923-cat_2_7,0.0,0,50,2164,False
3005,plain,y,MixSK5_V5__NODE_5_length_40710_cov_4.469479-cat_1_31,0.0,0,50,509,False
3006,plain,y,MixMS20_V8__NODE_54_length_5944_cov_1.316510-cat_1_5,0.0,0,50,1480,False
3007,plain,y,MixMS20_V8__NODE_55_length_5894_cov_1.176704-cat_2_8,0.0,0,50,1350,False
3008,plain,y,MixMS20_V8__NODE_9_length_41642_cov_76.266808-cat_1_19,0.0,0,50,3829,False
3009,plain,y,MixMS20_V8__NODE_9_length_41642_cov_76.266808-cat_1_50,0.0,0,50,742,False
3010,plain,y,MixRN7_V4__NODE_20_length_36055_cov_3.043915-cat_1_1,0.0,0,50,1771,False
3011,plain,y,MixRN7_V4__NODE_46_length_17497_cov_4.068973-cat_1_11,0.0,0,50,3040,False
3012,plain,y,GCA_902167755_Protein358,0.0,0,50,56,False
3013,plain,y,GCA_902363255_Protein1398,0.0,0,50,5201,False
3014,plain,y,GCA_902363255_Protein141,0.0,0,50,1532,False
3015,plain,y,GCA_902363255_Protein1940,0.0,0,50,1873,False
3016,plain,y,MixRN7_V4__NODE_46_length_17497_cov_4.068973-cat_1_16,0.0,0,50,1244,False
3017,plain,y,MixRN7_V4__NODE_4_length_135015_cov_10.268708-cat_1_117,0.0,0,50,742,False
3018,plain,y,MixRN7_V4__NODE_4_length_135015_cov_10.268708-cat_1_118,0.0,0,50,1771,False
3019,plain,y,MixRN7_V4__NODE_7_length_113336_cov_7.816835-cat_5_24,0.0,0,50,1085,False
3020,plain,y,AZB2_V__NODE_27_length_27556_cov_13.465237-cat_1_45,0.0,0,50,3707,False
3021,plain,y,AZB2_V__NODE_42_length_17514_cov_12.571921-cat_1_14,0.0,0,50,5289,False
3022,plain,y,AZB2_V__NODE_48_length_16783_cov_2.878626-cat_1_1,0.0,0,50,2179,False
3023,plain,y,AZB2_V__NODE_6_length_73334_cov_9.800573_1-cat_1_10,0.0,0,50,1244,False
3024,plain,y,AWG6_V__NODE_5_length_46567_cov_18.644443-cat_1_57,0.0,0,50,796,False
3025,plain,y,AYW2_V__NODE_1_length_48421_cov_18.190617-cat_1_38,0.0,0,50,796,False
3026,plain,y,AZB1_V__NODE_23_length_51789_cov_19.736371-cat_1_15,0.0,0,50,3964,False
3027,plain,y,AZB2_V__NODE_100_length_11150_cov_8.645552-cat_2_5,0.0,0,50,399,False
3028,plain,y,GCA_910588185_Protein781,0.0,0,50,1191,False
3029,plain,y,GCA_910588625_Protein132,0.0,0,50,7329,False
3030,plain,y,GCA_910588625_Protein1671,0.0,0,50,2114,False
3031,plain,y,GCA_910588625_Protein2867,0.0,0,50,7819,False
3032,plain,y,MixLL9_V2__NODE_2_length_37153_cov_86.950882-cat_1_19,0.0,0,50,1428,False
3033,plain,y,AZB2_V__NODE_205_length_6681_cov_2.068976-cat_1_5,0.0,0,50,4900,False
3034,plain,y,AZB2_V__NODE_20_length_37168_cov_7.626696-cat_1_48,0.0,0,50,1844,False
3035,plain,y,AZB2_V__NODE_21_length_35467_cov_49.453150-cat_1_49,0.0,0,50,1873,False
3036,plain,y,GCA_910576875_Protein695,0.0,0,50,1085,False
3037,plain,y,GCA_910576975_Protein2108,0.0,0,50,5447,False
3038,plain,y,GCA_910576975_Protein2416,0.0,0,50,1480,False
3039,plain,y,GCA_910577085_Protein737,0.0,0,50,3900,False
3040,plain,y,MixMS20_V8__NODE_14_length_40242_cov_191.255262-cat_1_8,0.0,0,50,1191,False
3041,plain,y,MixMS20_V8__NODE_3_length_77200_cov_2909.637216-cat_1_72,0.0,0,50,3762,False
3042,plain,y,GCA_910587585_Protein473,0.0,0,50,1297,False
3043,plain,y,GCA_910588185_Protein28,0.0,0,50,12766,False
3044,plain,y,GCA_910587585_Protein1693,0.0,0,50,904,False
3045,plain,y,GCA_910587585_Protein2165,0.0,0,50,112,False
3046,plain,y,GCA_910577885_Protein394,0.0,0,50,112,False
3047,plain,y,GCA_910577885_Protein399,0.0,0,50,17206,False
3048,plain,y,GCA_910578095_Protein1751,0.0,0,50,796,False
3049,plain,y,GCA_910578945_Protein1830,0.0,0,50,11718,False
3050,plain,y,GCA_910578945_Protein948,0.0,0,50,112,False
3051,plain,y,GCA_910576865_Protein340,0.0,0,50,1456,False
