rank,variant,task,feature,selection_prob,n_selected,n_subsamples,pair_support,stable
1,plain,y,GCA_900078195_Protein3177,0.36,18,50,696,False
2,plain,y,ERR843940__NODE_2_length_48125_cov_228.683940_19,0.34,17,50,2666,False
3,plain,y,GCA_000185385_Protein2197,0.3,15,50,560,False
4,plain,y,GCA_002234915_Protein2048,0.3,15,50,70,False
5,plain,y,ERR843991__NODE_20_length_15585_cov_7.223760_7,0.3,15,50,70,False
6,plain,y,ERR843981__NODE_17_length_20474_cov_131.264558_14,0.28,14,50,3330,False
7,plain,y,GCA_900155735_Protein2309,0.28,14,50,898,False
8,plain,y,GCA_017309015_Protein628,0.24,12,50,2150,False
9,plain,y,GCA_019753795_Protein867,0.22,11,50,2017,False
10,plain,y,GCA_003612395_Protein2355,0.22,11,50,490,False
11,plain,y,ERR843964__NODE_2_length_64948_cov_440.792212_93,0.22,11,50,1025,False
12,plain,y,GCA_000146185_Protein198,0.22,11,50,420,False
13,plain,y,GCA_003434585_Protein1631,0.2,10,50,558,False
14,plain,y,GCA_002234915_Protein319,0.2,10,50,218,False
15,plain,y,GCA_000242435_Protein1338,0.18,9,50,426,False
16,plain,y,GCA_003477705_Protein1337,0.18,9,50,490,False
17,plain,y,GCA_010093125_Protein1247,0.18,9,50,292,False
18,plain,y,ERR844031__NODE_4_length_24098_cov_7.928046_10,0.18,9,50,2005,False
19,plain,y,GCA_003795145_Protein2319,0.18,9,50,75,False
20,plain,y,GCA_000321205_Protein1928,0.18,9,50,5110,False
21,plain,y,GCA_017808115_Protein2570,0.16,8,50,282,False
22,plain,y,ERR844017__NODE_12_length_7928_cov_33.368729_7,0.16,8,50,1096,False
23,plain,y,GCA_000309845_Protein5281,0.16,8,50,2229,False
24,plain,y,GCA_000153905_Protein2137,0.16,8,50,1850,False
25,plain,y,GCA_910584375_Protein1673,0.16,8,50,354,False
26,plain,y,ERR843981__NODE_7_length_35950_cov_75.473938_2,0.16,8,50,144,False
27,plain,y,GCA_905202415_Protein669,0.16,8,50,558,False
28,plain,y,GCA_000210095_Protein2067,0.16,8,50,2148,False
29,plain,y,GCA_000224615_Protein2001,0.16,8,50,2660,False
30,plain,y,ERR844050__NODE_6_length_38026_cov_25.748641_60,0.16,8,50,282,False
31,plain,y,ERR843935__NODE_53_length_13499_cov_14.404865_11,0.16,8,50,354,False
32,plain,y,GCA_000243215_Protein2198,0.14,7,50,2076,False
33,plain,y,GCA_902167755_Protein1770,0.14,7,50,762,False
34,plain,y,GCA_000173815_Protein1905,0.14,7,50,830,False
35,plain,y,GCA_000723505_Protein1171,0.14,7,50,144,False
36,plain,y,ERR843981__NODE_21_length_15962_cov_46.814736_12,0.14,7,50,354,False
37,plain,y,GCA_003480745_Protein1293,0.14,7,50,626,False
38,plain,y,GCA_000008765_Protein3823,0.14,7,50,286,False
39,plain,y,ERR843973__NODE_6_length_36848_cov_104.894545_4,0.14,7,50,2503,False
40,plain,y,ERR843935__NODE_29_length_20775_cov_279.311776_21,0.14,7,50,70,False
41,plain,y,ERR843947__NODE_14_length_14724_cov_12.914786_5,0.14,7,50,490,False
42,plain,y,GCA_018919205_Protein1331,0.14,7,50,696,False
43,plain,y,ERR844018__NODE_33_length_9266_cov_7.716752_12,0.14,7,50,1026,False
44,plain,y,ERR843995__NODE_4_length_34145_cov_125.773863_14,0.14,7,50,1155,False
45,plain,y,ERR843942__NODE_30_length_8757_cov_11.303723_1,0.12,6,50,2559,False
46,plain,y,ERR843982__NODE_51_length_9541_cov_8.751423_6,0.12,6,50,498,False
47,plain,y,GCA_001675165_Protein3814,0.12,6,50,1782,False
48,plain,y,GCA_009696045_Protein874,0.12,6,50,1026,False
49,plain,y,GCA_003480915_Protein3292,0.12,6,50,351,False
50,plain,y,ERR844058__NODE_47_length_8144_cov_8.843738_5,0.12,6,50,514,False
51,plain,y,GCA_900141635_Protein2019,0.12,6,50,2730,False
52,plain,y,ERR844070__NODE_3_length_57825_cov_14.093699_11,0.12,6,50,1468,False
53,plain,y,GCA_000378405_Protein1437,0.12,6,50,1330,False
54,plain,y,GCA_900104655_Protein1036,0.12,6,50,493,False
55,plain,y,GCA_900116345_Protein822,0.12,6,50,5112,False
56,plain,y,GCA_000158475_Protein1572,0.12,6,50,218,False
57,plain,y,GCA_900169975_Protein229,0.12,6,50,765,False
58,plain,y,GCA_018555355_Protein1657,0.12,6,50,286,False
59,plain,y,GCA_000364165_Protein648,0.12,6,50,1344,False
60,plain,y,GCA_902810075_Protein329,0.12,6,50,420,False
61,plain,y,GCA_900176305_Protein1860,0.12,6,50,5046,False
62,plain,y,ERR843935__NODE_52_length_13740_cov_13.807673_6,0.1,5,50,706,False
63,plain,y,GCA_004793465_Protein1524,0.1,5,50,2325,False
64,plain,y,GCA_009917485_Protein4526,0.1,5,50,422,False
65,plain,y,GCA_009911355_Protein3463,0.1,5,50,493,False
66,plain,y,ERR843927__NODE_12_length_5770_cov_11.103062_7,0.1,5,50,765,False
67,plain,y,ERR843973__NODE_12_length_29789_cov_29.867088_10,0.1,5,50,354,False
68,plain,y,GCA_004216775_Protein773,0.1,5,50,286,False
69,plain,y,ERR844005__NODE_24_length_9348_cov_11.115140_13,0.1,5,50,282,False
70,plain,y,GCA_003473295_Protein1344,0.1,5,50,560,False
71,plain,y,GCA_014384905_Protein218,0.1,5,50,694,False
72,plain,y,ERR843958__NODE_2_length_44267_cov_117.343210_31,0.1,5,50,828,False
73,plain,y,ERR844025__NODE_6_length_56467_cov_256.791941_81,0.1,5,50,366,False
74,plain,y,GCA_002160755_Protein281,0.1,5,50,420,False
75,plain,y,GCA_003725295_Protein1127,0.1,5,50,282,False
76,plain,y,GCA_001559865_Protein3214,0.1,5,50,213,False
77,plain,y,ERR844058__NODE_21_length_15071_cov_356.572190_16,0.1,5,50,1029,False
78,plain,y,GCA_004557645_Protein385,0.1,5,50,2940,False
79,plain,y,ERR844071__NODE_5_length_42392_cov_17.558495_24,0.1,5,50,700,False
80,plain,y,ERR844046__NODE_8_length_35798_cov_598.689226_21,0.1,5,50,635,False
81,plain,y,GCA_019042245_Protein45,0.1,5,50,286,False
82,plain,y,ERR844060__NODE_11_length_28847_cov_52.308141_26,0.1,5,50,2982,False
83,plain,y,GCA_000320405_Protein2217,0.1,5,50,366,False
84,plain,y,GCA_000711235_Protein665,0.1,5,50,2214,False
85,plain,y,GCA_000703065_Protein1876,0.1,5,50,2503,False
86,plain,y,GCA_000799075_Protein2545,0.1,5,50,1102,False
87,plain,y,GCA_000389635_Protein4316,0.1,5,50,4570,False
88,plain,y,ERR844049__NODE_46_length_6199_cov_4.545247_3,0.1,5,50,830,False
89,plain,y,GCA_000398925_Protein53,0.1,5,50,630,False
90,plain,y,ERR844048__NODE_21_length_15877_cov_14.258690_10,0.1,5,50,354,False
91,plain,y,GCA_001244545_Protein718,0.1,5,50,213,False
92,plain,y,ERR843963__NODE_2_length_82145_cov_109.822561_13,0.1,5,50,213,False
93,plain,y,GCA_009668205_Protein1735,0.1,5,50,354,False
94,plain,y,GCA_900021155_Protein1632,0.1,5,50,210,False
95,plain,y,GCA_001688705_Protein2801,0.08,4,50,694,False
96,plain,y,ERR843953__NODE_5_length_12801_cov_12.993724_2,0.08,4,50,218,False
97,plain,y,ERR844046__NODE_12_length_26488_cov_35.361404_16,0.08,4,50,560,False
98,plain,y,GCA_000786575_Protein770,0.08,4,50,493,False
99,plain,y,GCA_000702545_Protein558,0.08,4,50,1025,False
100,plain,y,ERR844057__NODE_45_length_8820_cov_5.545351_1,0.08,4,50,493,False
101,plain,y,GCA_900107705_Protein1190,0.08,4,50,351,False
102,plain,y,GCA_000383295_Protein2563,0.08,4,50,1722,False
103,plain,y,ERR844041__NODE_6_length_44853_cov_63.569311_61,0.08,4,50,626,False
104,plain,y,GCA_000204355_Protein910,0.08,4,50,1712,False
105,plain,y,ERR844049__NODE_8_length_33730_cov_12.116437_13,0.08,4,50,292,False
106,plain,y,GCA_001244495_Protein2924,0.08,4,50,830,False
107,plain,y,ERR844046__NODE_9_length_31378_cov_27.966925_40,0.08,4,50,422,False
108,plain,y,GCA_000155205_Protein552,0.08,4,50,420,False
109,plain,y,GCA_000007785_Protein2857,0.08,4,50,2235,False
110,plain,y,ERR843922__NODE_18_length_6064_cov_9.741055_13,0.08,4,50,426,False
111,plain,y,ERR843982__NODE_10_length_37329_cov_91.326582_13,0.08,4,50,570,False
112,plain,y,GCA_014287725_Protein1319,0.08,4,50,490,False
113,plain,y,GCA_004364155_Protein405,0.08,4,50,2766,False
114,plain,y,ERR843962__NODE_96_length_10613_cov_6.483614_14,0.08,4,50,140,False
115,plain,y,GCA_003725295_Protein603,0.08,4,50,2520,False
116,plain,y,GCA_016899585_Protein479,0.08,4,50,2000,False
117,plain,y,ERR843982__NODE_21_length_19668_cov_10.607352_18,0.08,4,50,354,False
118,plain,y,ERR843988__NODE_9_length_38192_cov_226.140546_9,0.08,4,50,354,False
119,plain,y,GCA_011082265_Protein522,0.08,4,50,558,False
120,plain,y,GCA_900626095_Protein1506,0.08,4,50,490,False
121,plain,y,ERR843936__NODE_3_length_43351_cov_26.314047_3,0.08,4,50,286,False
122,plain,y,ERR844070__NODE_120_length_5074_cov_198.500299_7,0.08,4,50,432,False
123,plain,y,GCA_000014125_Protein13,0.08,4,50,210,False
124,plain,y,GCA_000488855_Protein432,0.08,4,50,3072,False
125,plain,y,ERR844005__NODE_2_length_37851_cov_24.321833_16,0.08,4,50,420,False
126,plain,y,GCA_017347605_Protein2250,0.08,4,50,560,False
127,plain,y,GCA_003435055_Protein2254,0.08,4,50,696,False
128,plain,y,ERR844022__NODE_22_length_5910_cov_379.050213_7,0.08,4,50,432,False
129,plain,y,GCA_014384905_Protein1654,0.08,4,50,422,False
130,plain,y,GCA_018223365_Protein2753,0.08,4,50,1170,False
131,plain,y,GCA_003254255_Protein126,0.08,4,50,4910,False
132,plain,y,GCA_002890585_Protein56,0.08,4,50,351,False
133,plain,y,GCA_002259585_Protein883,0.08,4,50,898,False
134,plain,y,ERR844018__NODE_40_length_7194_cov_7.257319_2,0.08,4,50,627,False
135,plain,y,GCA_002127665_Protein1155,0.08,4,50,213,False
136,plain,y,ERR844030__NODE_63_length_8612_cov_15.521678_6,0.08,4,50,762,False
137,plain,y,GCA_017161075_Protein2209,0.08,4,50,972,False
138,plain,y,GCA_001717745_Protein3568,0.08,4,50,1680,False
139,plain,y,ERR843950__NODE_6_length_32333_cov_30.809747_19,0.08,4,50,1096,False
140,plain,y,ERR844076__NODE_35_length_5110_cov_17.547972_8,0.08,4,50,432,False
141,plain,y,GCA_000285855_Protein3551,0.08,4,50,696,False
142,plain,y,ERR844070__NODE_56_length_11756_cov_6.079309_8,0.08,4,50,282,False
143,plain,y,ERR844070__NODE_3_length_57825_cov_14.093699_82,0.08,4,50,422,False
144,plain,y,ERR843921__NODE_15_length_27837_cov_6.698942_23,0.08,4,50,210,False
145,plain,y,ERR843921__NODE_20_length_22924_cov_13.740959_11,0.08,4,50,213,False
146,plain,y,ERR843920__NODE_56_length_5409_cov_6.180986_2,0.06,3,50,286,False
147,plain,y,ERR843920__NODE_38_length_7377_cov_3.893062_10,0.06,3,50,700,False
148,plain,y,GCA_000154465_Protein527,0.06,3,50,351,False
149,plain,y,ERR843920__NODE_22_length_13913_cov_8.870039_17,0.06,3,50,359,False
150,plain,y,GCA_900148495_Protein600,0.06,3,50,2054,False
151,plain,y,ERR843936__NODE_10_length_9768_cov_9.329455_17,0.06,3,50,493,False
152,plain,y,GCA_900066595_Protein593,0.06,3,50,1578,False
153,plain,y,GCA_000468015_Protein1096,0.06,3,50,422,False
154,plain,y,ERR844043__NODE_1_length_117089_cov_74.896885_96,0.06,3,50,213,False
155,plain,y,ERR844044__NODE_10_length_21452_cov_7.610319_13,0.06,3,50,213,False
156,plain,y,GCA_000403395_Protein33,0.06,3,50,490,False
157,plain,y,ERR844062__NODE_2_length_12568_cov_8.251658_10,0.06,3,50,962,False
158,plain,y,GCA_900142225_Protein960,0.06,3,50,498,False
159,plain,y,GCA_000398925_Protein649,0.06,3,50,354,False
160,plain,y,GCA_000158475_Protein1502,0.06,3,50,2310,False
161,plain,y,GCA_900143645_Protein1094,0.06,3,50,558,False
162,plain,y,GCA_900176635_Protein1747,0.06,3,50,635,False
163,plain,y,GCA_000187125_Protein924,0.06,3,50,830,False
164,plain,y,GCA_000210575_Protein1276,0.06,3,50,440,False
165,plain,y,GCA_000178835_Protein2426,0.06,3,50,422,False
166,plain,y,GCA_000173795_Protein597,0.06,3,50,2786,False
167,plain,y,GCA_000204355_Protein197,0.06,3,50,828,False
168,plain,y,GCA_000173675_Protein342,0.06,3,50,489,False
169,plain,y,ERR844067__NODE_39_length_7741_cov_8.390190_12,0.06,3,50,354,False
170,plain,y,ERR844056__NODE_20_length_13344_cov_26.901497_20,0.06,3,50,366,False
171,plain,y,GCA_000233955_Protein323,0.06,3,50,2520,False
172,plain,y,GCA_000961585_Protein2955,0.06,3,50,2562,False
173,plain,y,ERR844036__NODE_7_length_34404_cov_21.957262_25,0.06,3,50,144,False
174,plain,y,GCA_000968375_Protein622,0.06,3,50,3594,False
175,plain,y,GCA_001020705_Protein3558,0.06,3,50,144,False
176,plain,y,ERR844036__NODE_48_length_5522_cov_20.779038_1,0.06,3,50,286,False
177,plain,y,ERR844043__NODE_4_length_59070_cov_14.621961_35,0.06,3,50,286,False
178,plain,y,GCA_000786575_Protein395,0.06,3,50,282,False
179,plain,y,GCA_900087015_Protein1689,0.06,3,50,1752,False
180,plain,y,GCA_000407585_Protein680,0.06,3,50,144,False
181,plain,y,GCA_018326305_Protein1979,0.06,3,50,359,False
182,plain,y,ERR844048__NODE_2_length_65834_cov_525.474741_43,0.06,3,50,420,False
183,plain,y,GCA_000686145_Protein2217,0.06,3,50,696,False
184,plain,y,GCA_003461245_Protein1276,0.06,3,50,3240,False
185,plain,y,GCA_003434055_Protein4582,0.06,3,50,489,False
186,plain,y,ERR844013__NODE_14_length_18104_cov_11.612278_19,0.06,3,50,830,False
187,plain,y,GCA_003460605_Protein262,0.06,3,50,1034,False
188,plain,y,ERR844030__NODE_14_length_24561_cov_14.612299_20,0.06,3,50,694,False
189,plain,y,GCA_001494645_Protein1788,0.06,3,50,1620,False
190,plain,y,GCA_002159175_Protein778,0.06,3,50,627,False
191,plain,y,ERR843939__NODE_41_length_7898_cov_9.977942_5,0.06,3,50,140,False
192,plain,y,GCA_001244995_Protein1512,0.06,3,50,213,False
193,plain,y,GCA_018918265_Protein3152,0.06,3,50,490,False
194,plain,y,GCA_018861865_Protein582,0.06,3,50,2520,False
195,plain,y,GCA_018918345_Protein2554,0.06,3,50,1666,False
196,plain,y,GCA_014384805_Protein580,0.06,3,50,560,False
197,plain,y,GCA_003254255_Protein2059,0.06,3,50,696,False
198,plain,y,GCA_014396165_Protein1113,0.06,3,50,490,False
199,plain,y,ERR843968__NODE_3_length_42180_cov_40.662148_15,0.06,3,50,432,False
200,plain,y,ERR844030__NODE_7_length_32875_cov_24.785984_29,0.06,3,50,144,False
201,plain,y,ERR844017__NODE_8_length_14072_cov_9.014910_9,0.06,3,50,898,False
202,plain,y,GCA_003287895_Protein1952,0.06,3,50,1593,False
203,plain,y,GCA_002389905_Protein626,0.06,3,50,213,False
204,plain,y,GCA_003864415_Protein859,0.06,3,50,422,False
205,plain,y,ERR843994__NODE_2_length_43518_cov_100.699929_2,0.06,3,50,426,False
206,plain,y,ERR844004__NODE_11_length_17391_cov_13746.252826_8,0.06,3,50,1632,False
207,plain,y,GCA_002998925_Protein452,0.06,3,50,765,False
208,plain,y,ERR843991__NODE_15_length_20217_cov_5718.625236_12,0.06,3,50,626,False
209,plain,y,ERR843991__NODE_1_length_85148_cov_228.984135_51,0.06,3,50,351,False
210,plain,y,GCA_005844425_Protein988,0.06,3,50,286,False
211,plain,y,ERR843997__NODE_35_length_6344_cov_10.077119_9,0.06,3,50,286,False
212,plain,y,GCA_007115105_Protein398,0.06,3,50,895,False
213,plain,y,GCA_014287725_Protein762,0.06,3,50,1026,False
214,plain,y,GCA_003627965_Protein1701,0.06,3,50,2026,False
215,plain,y,GCA_003612395_Protein2330,0.06,3,50,505,False
216,plain,y,GCA_014287585_Protein1194,0.06,3,50,218,False
217,plain,y,GCA_003987645_Protein1059,0.06,3,50,218,False
218,plain,y,GCA_003612395_Protein4539,0.06,3,50,558,False
219,plain,y,GCA_005845105_Protein479,0.06,3,50,422,False
220,plain,y,GCA_008679445_Protein663,0.06,3,50,140,False
221,plain,y,GCA_004570975_Protein118,0.06,3,50,426,False
222,plain,y,GCA_004557645_Protein712,0.06,3,50,830,False
223,plain,y,GCA_013371765_Protein210,0.06,3,50,4550,False
224,plain,y,GCA_013394865_Protein1028,0.06,3,50,1714,False
225,plain,y,ERR843982__NODE_1_length_49322_cov_54.803175_8,0.06,3,50,286,False
226,plain,y,ERR843982__NODE_1_length_49322_cov_54.803175_10,0.06,3,50,493,False
227,plain,y,GCA_009917485_Protein2726,0.06,3,50,627,False
228,plain,y,ERR843988__NODE_5_length_41051_cov_693.925822_35,0.06,3,50,765,False
229,plain,y,GCA_009917485_Protein1781,0.06,3,50,1540,False
230,plain,y,GCA_012523895_Protein1196,0.06,3,50,4458,False
231,plain,y,GCA_910577155_Protein665,0.06,3,50,4116,False
232,plain,y,GCA_000008925_Protein1628,0.06,3,50,1026,False
233,plain,y,GCA_000149125_Protein1357,0.06,3,50,420,False
234,plain,y,ERR843918__NODE_29_length_6222_cov_4.621048_11,0.06,3,50,282,False
235,plain,y,ERR843919__NODE_20_length_15492_cov_8.156442_7,0.06,3,50,359,False
236,plain,y,GCA_002871935_Protein368,0.04,2,50,286,False
237,plain,y,GCA_002904165_Protein663,0.04,2,50,1090,False
238,plain,y,GCA_014982785_Protein617,0.04,2,50,1346,False
239,plain,y,ERR843968__NODE_2_length_43712_cov_32.212383_57,0.04,2,50,351,False
240,plain,y,ERR843970__NODE_86_length_5416_cov_5.352733_6,0.04,2,50,828,False
241,plain,y,ERR843956__NODE_7_length_20661_cov_9.801369_33,0.04,2,50,626,False
242,plain,y,ERR843969__NODE_7_length_19229_cov_32.711589_20,0.04,2,50,286,False
243,plain,y,ERR843958__NODE_3_length_43986_cov_390.714917_36,0.04,2,50,213,False
244,plain,y,ERR844035__NODE_15_length_25659_cov_25.962232_30,0.04,2,50,213,False
245,plain,y,GCA_001940165_Protein3001,0.04,2,50,560,False
246,plain,y,GCA_001940235_Protein693,0.04,2,50,351,False
247,plain,y,ERR844030__NODE_2_length_59593_cov_39.679280_47,0.04,2,50,560,False
248,plain,y,ERR844012__NODE_8_length_25761_cov_23.238155_5,0.04,2,50,498,False
249,plain,y,ERR844025__NODE_11_length_30164_cov_20.234216_15,0.04,2,50,144,False
250,plain,y,ERR843999__NODE_1_length_73216_cov_2475.777176_32,0.04,2,50,282,False
251,plain,y,GCA_002160985_Protein2912,0.04,2,50,493,False
252,plain,y,ERR844020__NODE_6_length_17644_cov_8.391438_14,0.04,2,50,286,False
253,plain,y,ERR843949__NODE_3_length_70422_cov_49.979195_5,0.04,2,50,762,False
254,plain,y,GCA_001403635_Protein1215,0.04,2,50,5250,False
255,plain,y,GCA_001403635_Protein807,0.04,2,50,351,False
256,plain,y,GCA_001277255_Protein302,0.04,2,50,489,False
257,plain,y,GCA_017168145_Protein1483,0.04,2,50,830,False
258,plain,y,ERR843959__NODE_36_length_9765_cov_11.805561_2,0.04,2,50,903,False
259,plain,y,ERR843951__NODE_47_length_5702_cov_29.371702_3,0.04,2,50,560,False
260,plain,y,ERR843940__NODE_1_length_49488_cov_196.820808_45,0.04,2,50,144,False
261,plain,y,ERR843942__NODE_11_length_27131_cov_44.007091_20,0.04,2,50,359,False
262,plain,y,GCA_018861315_Protein116,0.04,2,50,1317,False
263,plain,y,GCA_000498355_Protein2924,0.04,2,50,213,False
264,plain,y,GCA_001038625_Protein5066,0.04,2,50,286,False
265,plain,y,ERR844013__NODE_19_length_15578_cov_29.585776_17,0.04,2,50,558,False
266,plain,y,ERR843982__NODE_9_length_37424_cov_11.900827_11,0.04,2,50,210,False
267,plain,y,ERR843982__NODE_9_length_37424_cov_11.900827_37,0.04,2,50,558,False
268,plain,y,GCA_005845215_Protein4927,0.04,2,50,1110,False
269,plain,y,GCA_003992055_Protein1151,0.04,2,50,140,False
270,plain,y,GCA_003992055_Protein235,0.04,2,50,1179,False
271,plain,y,ERR843991__NODE_10_length_27282_cov_63.761817_15,0.04,2,50,422,False
272,plain,y,ERR843990__NODE_21_length_19283_cov_22.625650_7,0.04,2,50,144,False
273,plain,y,ERR843982__NODE_3_length_45503_cov_20.558638_52,0.04,2,50,1090,False
274,plain,y,GCA_004346165_Protein413,0.04,2,50,627,False
275,plain,y,GCA_003477705_Protein732,0.04,2,50,213,False
276,plain,y,ERR843963__NODE_40_length_7546_cov_5.227740_9,0.04,2,50,286,False
277,plain,y,ERR843977__NODE_25_length_20080_cov_17.274357_28,0.04,2,50,354,False
278,plain,y,ERR843963__NODE_3_length_58415_cov_115.533687_16,0.04,2,50,498,False
279,plain,y,GCA_015097275_Protein1892,0.04,2,50,627,False
280,plain,y,GCA_002797975_Protein4310,0.04,2,50,1163,False
281,plain,y,GCA_014230055_Protein2228,0.04,2,50,3974,False
282,plain,y,GCA_014836325_Protein1481,0.04,2,50,762,False
283,plain,y,ERR844002__NODE_17_length_13070_cov_9.677680_2,0.04,2,50,630,False
284,plain,y,ERR844003__NODE_2_length_40780_cov_1674.445157_7,0.04,2,50,1350,False
285,plain,y,GCA_002998925_Protein754,0.04,2,50,282,False
286,plain,y,ERR844015__NODE_1_length_40732_cov_16.278044_42,0.04,2,50,761,False
287,plain,y,GCA_003464355_Protein2796,0.04,2,50,490,False
288,plain,y,GCA_003473295_Protein1151,0.04,2,50,354,False
289,plain,y,ERR844002__NODE_30_length_8650_cov_6.782548_10,0.04,2,50,282,False
290,plain,y,ERR844010__NODE_37_length_10103_cov_31.993531_22,0.04,2,50,700,False
291,plain,y,ERR844010__NODE_5_length_45918_cov_43.643111_4,0.04,2,50,286,False
292,plain,y,ERR844003__NODE_5_length_34171_cov_39.574892_33,0.04,2,50,706,False
293,plain,y,ERR844009__NODE_2_length_17729_cov_28.311644_2,0.04,2,50,218,False
294,plain,y,ERR843995__NODE_68_length_6139_cov_4.133300_5,0.04,2,50,354,False
295,plain,y,GCA_015097275_Protein1968,0.04,2,50,420,False
296,plain,y,ERR844070__NODE_19_length_30219_cov_7.257559_24,0.04,2,50,422,False
297,plain,y,ERR844060__NODE_12_length_27635_cov_95.808158_35,0.04,2,50,1158,False
298,plain,y,GCA_000169475_Protein2894,0.04,2,50,627,False
299,plain,y,GCA_000173815_Protein1966,0.04,2,50,489,False
300,plain,y,ERR844073__NODE_4_length_44386_cov_10.448580_7,0.04,2,50,366,False
301,plain,y,ERR844056__NODE_19_length_13429_cov_53.871990_8,0.04,2,50,426,False
302,plain,y,ERR844051__NODE_9_length_8454_cov_9.635790_12,0.04,2,50,564,False
303,plain,y,GCA_000270305_Protein1071,0.04,2,50,966,False
304,plain,y,GCA_000243215_Protein2641,0.04,2,50,696,False
305,plain,y,ERR844060__NODE_91_length_7448_cov_6.776410_7,0.04,2,50,490,False
306,plain,y,GCA_000008925_Protein1886,0.04,2,50,1410,False
307,plain,y,GCA_900624825_Protein2552,0.04,2,50,558,False
308,plain,y,GCA_000144625_Protein233,0.04,2,50,213,False
309,plain,y,GCA_000153625_Protein1100,0.04,2,50,3365,False
310,plain,y,ERR844041__NODE_25_length_23965_cov_8.583563_28,0.04,2,50,1374,False
311,plain,y,GCA_900626095_Protein2650,0.04,2,50,351,False
312,plain,y,GCA_900290285_Protein511,0.04,2,50,286,False
313,plain,y,GCA_000160535_Protein501,0.04,2,50,694,False
314,plain,y,ERR843938__NODE_10_length_13063_cov_6.004382_7,0.04,2,50,286,False
315,plain,y,ERR843924__NODE_22_length_22081_cov_14.332834_31,0.04,2,50,213,False
316,plain,y,ERR843924__NODE_84_length_6593_cov_16.142092_3,0.04,2,50,286,False
317,plain,y,GCA_900141895_Protein1498,0.04,2,50,286,False
318,plain,y,GCA_900169975_Protein1672,0.04,2,50,834,False
319,plain,y,GCA_900184925_Protein1702,0.04,2,50,1102,False
320,plain,y,GCA_900185645_Protein3468,0.04,2,50,630,False
321,plain,y,GCA_900176035_Protein1359,0.04,2,50,1686,False
322,plain,y,GCA_900184255_Protein3053,0.04,2,50,761,False
323,plain,y,GCA_000179635_Protein2830,0.04,2,50,1900,False
324,plain,y,GCA_900155415_Protein40,0.04,2,50,558,False
325,plain,y,GCA_000145275_Protein1117,0.04,2,50,490,False
326,plain,y,ERR844041__NODE_5_length_34771_cov_82.911389_2,0.04,2,50,490,False
327,plain,y,ERR844041__NODE_117_length_7077_cov_5.293791_5,0.04,2,50,150,False
328,plain,y,GCA_018223435_Protein1701,0.04,2,50,696,False
329,plain,y,GCA_018228705_Protein1808,0.04,2,50,627,False
330,plain,y,GCA_000612845_Protein3488,0.04,2,50,1470,False
331,plain,y,GCA_900021155_Protein187,0.04,2,50,286,False
332,plain,y,GCA_018265985_Protein1315,0.04,2,50,213,False
333,plain,y,GCA_900066595_Protein1449,0.04,2,50,4698,False
334,plain,y,GCA_019754295_Protein1197,0.04,2,50,558,False
335,plain,y,GCA_900086725_Protein1090,0.04,2,50,962,False
336,plain,y,GCA_000307375_Protein3679,0.04,2,50,694,False
337,plain,y,GCA_000307435_Protein1985,0.04,2,50,354,False
338,plain,y,GCA_000307375_Protein1558,0.04,2,50,894,False
339,plain,y,GCA_000371625_Protein2137,0.04,2,50,1712,False
340,plain,y,ERR844073__NODE_5_length_37023_cov_30.182158_39,0.04,2,50,286,False
341,plain,y,GCA_000398925_Protein282,0.04,2,50,286,False
342,plain,y,GCA_000420505_Protein1016,0.04,2,50,558,False
343,plain,y,GCA_000364245_Protein3568,0.04,2,50,218,False
344,plain,y,GCA_900107575_Protein2023,0.04,2,50,560,False
345,plain,y,ERR844047__NODE_18_length_22025_cov_10.575102_2,0.04,2,50,354,False
346,plain,y,ERR843935__NODE_130_length_7857_cov_39.116509_5,0.04,2,50,834,False
347,plain,y,ERR843935__NODE_138_length_7719_cov_138.511482_4,0.04,2,50,354,False
348,plain,y,GCA_900107705_Protein130,0.04,2,50,558,False
349,plain,y,GCA_900103425_Protein424,0.04,2,50,560,False
350,plain,y,GCA_900103535_Protein1248,0.04,2,50,5183,False
351,plain,y,GCA_900104645_Protein624,0.04,2,50,898,False
352,plain,y,GCA_900106785_Protein1893,0.04,2,50,426,False
353,plain,y,ERR844057__NODE_6_length_41535_cov_125.671914_11,0.04,2,50,286,False
354,plain,y,GCA_900142525_Protein2561,0.04,2,50,700,False
355,plain,y,GCA_900100595_Protein429,0.04,2,50,3776,False
356,plain,y,GCA_000398925_Protein1052,0.04,2,50,770,False
357,plain,y,GCA_000016165_Protein560,0.04,2,50,558,False
358,plain,y,ERR843982__NODE_1_length_49322_cov_54.803175_48,0.04,2,50,359,False
359,plain,y,GCA_009731425_Protein2474,0.04,2,50,1041,False
360,plain,y,GCA_905236725_Protein1167,0.04,2,50,762,False
361,plain,y,ERR843990__NODE_46_length_11868_cov_15.375265_15,0.04,2,50,560,False
362,plain,y,ERR843973__NODE_1_length_80292_cov_861.642360_9,0.04,2,50,564,False
363,plain,y,GCA_014169315_Protein294,0.04,2,50,1900,False
364,plain,y,GCA_013302155_Protein2789,0.04,2,50,286,False
365,plain,y,GCA_010669305_Protein406,0.04,2,50,1170,False
366,plain,y,ERR843981__NODE_6_length_39928_cov_146.709026_21,0.04,2,50,560,False
367,plain,y,GCA_902809985_Protein364,0.04,2,50,490,False
368,plain,y,GCA_009696445_Protein1376,0.04,2,50,558,False
369,plain,y,GCA_012027035_Protein3077,0.04,2,50,490,False
370,plain,y,ERR843919__NODE_51_length_5118_cov_5.616630_4,0.04,2,50,282,False
371,plain,y,GCA_905213365_Protein2041,0.04,2,50,560,False
372,plain,y,ERR843981__NODE_4_length_53519_cov_437.008810_35,0.04,2,50,1374,False
373,plain,y,GCA_009931695_Protein110,0.04,2,50,1238,False
374,plain,y,ERR843988__NODE_54_length_12446_cov_6.035994_14,0.04,2,50,898,False
375,plain,y,GCA_014287895_Protein2029,0.04,2,50,280,False
376,plain,y,ERR843933__NODE_11_length_15694_cov_61.374001_7,0.04,2,50,359,False
377,plain,y,GCA_905236725_Protein97,0.04,2,50,490,False
378,plain,y,ERR843980__NODE_12_length_14997_cov_93.561705_11,0.04,2,50,150,False
379,plain,y,GCA_000143625_Protein258,0.04,2,50,213,False
380,plain,y,GCA_901482605_Protein544,0.04,2,50,830,False
381,plain,y,ERR843921__NODE_16_length_27519_cov_54.836768_36,0.04,2,50,213,False
382,plain,y,ERR843921__NODE_32_length_15930_cov_10.352189_15,0.04,2,50,493,False
383,plain,y,ERR843918__NODE_43_length_5202_cov_5.182048_1,0.04,2,50,490,False
384,plain,y,ERR843916__NODE_20_length_5136_cov_6.673489_5,0.04,2,50,292,False
385,plain,y,GCA_910579445_Protein2497,0.04,2,50,627,False
386,plain,y,GCA_905236725_Protein2283,0.04,2,50,627,False
387,plain,y,GCA_000154565_Protein3301,0.04,2,50,351,False
388,plain,y,ERR843921__NODE_34_length_15113_cov_18.480409_12,0.04,2,50,1090,False
389,plain,y,ERR843990__NODE_97_length_6770_cov_7.605212_2,0.04,2,50,359,False
390,plain,y,GCA_000166035_Protein1991,0.04,2,50,282,False
391,plain,y,ERR843971__NODE_7_length_29908_cov_20.362811_15,0.04,2,50,422,False
392,plain,y,GCA_910577885_Protein237,0.04,2,50,1297,False
393,plain,y,ERR844000__NODE_4_length_65245_cov_177.054518_19,0.04,2,50,762,False
394,plain,y,GCA_009876955_Protein1677,0.04,2,50,700,False
395,plain,y,GCA_000407585_Protein1021,0.02,1,50,420,False
396,plain,y,GCA_000166035_Protein311,0.02,1,50,282,False
397,plain,y,GCA_000468015_Protein2748,0.02,1,50,350,False
398,plain,y,GCA_000155875_Protein224,0.02,1,50,282,False
399,plain,y,GCA_000027085_Protein2317,0.02,1,50,350,False
400,plain,y,ERR843988__NODE_6_length_40407_cov_71.320158_29,0.02,1,50,351,False
401,plain,y,GCA_900103535_Protein640,0.02,1,50,903,False
402,plain,y,GCA_000364245_Protein3613,0.02,1,50,213,False
403,plain,y,GCA_000485965_Protein3729,0.02,1,50,3430,False
404,plain,y,GCA_000166035_Protein2700,0.02,1,50,422,False
405,plain,y,GCA_000493795_Protein531,0.02,1,50,696,False
406,plain,y,ERR843921__NODE_85_length_5935_cov_6.924150_10,0.02,1,50,282,False
407,plain,y,GCA_900107705_Protein1639,0.02,1,50,1096,False
408,plain,y,ERR843935__NODE_2_length_74909_cov_333.898255_123,0.02,1,50,558,False
409,plain,y,ERR843935__NODE_42_length_15184_cov_138.984070_10,0.02,1,50,213,False
410,plain,y,GCA_000230275_Protein348,0.02,1,50,282,False
411,plain,y,GCA_000350485_Protein4839,0.02,1,50,1248,False
412,plain,y,GCA_000312145_Protein1634,0.02,1,50,694,False
413,plain,y,GCA_000154345_Protein553,0.02,1,50,489,False
414,plain,y,GCA_019355395_Protein152,0.02,1,50,493,False
415,plain,y,GCA_019042275_Protein3560,0.02,1,50,422,False
416,plain,y,GCA_000154505_Protein3164,0.02,1,50,490,False
417,plain,y,GCA_000428745_Protein1193,0.02,1,50,140,False
418,plain,y,GCA_000154345_Protein2477,0.02,1,50,558,False
419,plain,y,GCA_900111235_Protein553,0.02,1,50,1041,False
420,plain,y,ERR844043__NODE_31_length_13681_cov_10.296712_14,0.02,1,50,282,False
421,plain,y,ERR844051__NODE_8_length_8802_cov_6.285469_5,0.02,1,50,626,False
422,plain,y,ERR844046__NODE_8_length_35798_cov_598.689226_46,0.02,1,50,558,False
423,plain,y,ERR844048__NODE_22_length_15604_cov_14.958390_4,0.02,1,50,70,False
424,plain,y,ERR844048__NODE_13_length_33267_cov_28.649283_3,0.02,1,50,210,False
425,plain,y,GCA_000169235_Protein2794,0.02,1,50,1455,False
426,plain,y,GCA_000407585_Protein2137,0.02,1,50,213,False
427,plain,y,ERR843935__NODE_52_length_13740_cov_13.807673_20,0.02,1,50,350,False
428,plain,y,GCA_009718435_Protein3577,0.02,1,50,558,False
429,plain,y,GCA_900066595_Protein3012,0.02,1,50,898,False
430,plain,y,GCA_019042245_Protein3827,0.02,1,50,354,False
431,plain,y,GCA_019977655_Protein1545,0.02,1,50,770,False
432,plain,y,GCA_019797845_Protein689,0.02,1,50,280,False
433,plain,y,GCA_019797845_Protein3174,0.02,1,50,213,False
434,plain,y,GCA_018713335_Protein1201,0.02,1,50,359,False
435,plain,y,GCA_018555415_Protein760,0.02,1,50,422,False
436,plain,y,GCA_900078195_Protein113,0.02,1,50,280,False
437,plain,y,GCA_018265985_Protein1191,0.02,1,50,558,False
438,plain,y,GCA_900104675_Protein71,0.02,1,50,282,False
439,plain,y,GCA_009718435_Protein170,0.02,1,50,489,False
440,plain,y,GCA_900086725_Protein115,0.02,1,50,420,False
441,plain,y,GCA_000613945_Protein2567,0.02,1,50,489,False
442,plain,y,ERR843987__NODE_6_length_11445_cov_7.218876_14,0.02,1,50,282,False
443,plain,y,GCA_000686125_Protein2719,0.02,1,50,489,False
444,plain,y,GCA_000622005_Protein1221,0.02,1,50,3039,False
445,plain,y,ERR843956__NODE_10_length_15587_cov_13.685617_9,0.02,1,50,626,False
446,plain,y,ERR843953__NODE_7_length_10752_cov_9.415163_12,0.02,1,50,1714,False
447,plain,y,ERR843988__NODE_46_length_14426_cov_7.185025_3,0.02,1,50,2520,False
448,plain,y,ERR843988__NODE_4_length_41080_cov_38.192956_6,0.02,1,50,350,False
449,plain,y,GCA_018228705_Protein538,0.02,1,50,828,False
450,plain,y,ERR844041__NODE_74_length_11516_cov_6.357473_7,0.02,1,50,1731,False
451,plain,y,ERR844043__NODE_6_length_48750_cov_104.142109_22,0.02,1,50,210,False
452,plain,y,GCA_000373865_Protein2430,0.02,1,50,770,False
453,plain,y,GCA_000398925_Protein1181,0.02,1,50,210,False
454,plain,y,ERR843980__NODE_1_length_79717_cov_230.742035_2,0.02,1,50,286,False
455,plain,y,GCA_000394015_Protein1463,0.02,1,50,558,False
456,plain,y,GCA_000381065_Protein1909,0.02,1,50,980,False
457,plain,y,GCA_000364245_Protein5347,0.02,1,50,627,False
458,plain,y,ERR844057__NODE_58_length_6993_cov_6.713174_4,0.02,1,50,354,False
459,plain,y,GCA_000312145_Protein594,0.02,1,50,354,False
460,plain,y,GCA_009911355_Protein944,0.02,1,50,286,False
461,plain,y,GCA_000307435_Protein2293,0.02,1,50,282,False
462,plain,y,GCA_009911355_Protein3427,0.02,1,50,490,False
463,plain,y,GCA_000403395_Protein2844,0.02,1,50,1306,False
464,plain,y,GCA_900109655_Protein2693,0.02,1,50,627,False
465,plain,y,GCA_900108035_Protein866,0.02,1,50,354,False
466,plain,y,GCA_019355395_Protein495,0.02,1,50,895,False
467,plain,y,GCA_000621565_Protein3194,0.02,1,50,627,False
468,plain,y,GCA_000620945_Protein1603,0.02,1,50,282,False
469,plain,y,GCA_000619825_Protein2228,0.02,1,50,144,False
470,plain,y,ERR844035__NODE_63_length_5734_cov_4.396020_9,0.02,1,50,762,False
471,plain,y,ERR844041__NODE_10_length_41476_cov_34.498733_22,0.02,1,50,282,False
472,plain,y,GCA_000307435_Protein3422,0.02,1,50,761,False
473,plain,y,GCA_900142165_Protein1435,0.02,1,50,490,False
474,plain,y,GCA_900142095_Protein2501,0.02,1,50,420,False
475,plain,y,ERR843921__NODE_17_length_24853_cov_28.147633_26,0.02,1,50,1029,False
476,plain,y,GCA_900771915_Protein1267,0.02,1,50,354,False
477,plain,y,GCA_900766185_Protein2422,0.02,1,50,765,False
478,plain,y,GCA_900626135_Protein144,0.02,1,50,2394,False
479,plain,y,ERR843933__NODE_16_length_9783_cov_25.885280_7,0.02,1,50,514,False
480,plain,y,GCA_910584465_Protein2450,0.02,1,50,280,False
481,plain,y,GCA_900199435_Protein1795,0.02,1,50,2544,False
482,plain,y,GCA_900197595_Protein848,0.02,1,50,420,False
483,plain,y,ERR844070__NODE_76_length_8215_cov_5.931005_8,0.02,1,50,354,False
484,plain,y,GCA_900538465_Protein2184,0.02,1,50,420,False
485,plain,y,GCA_900460315_Protein1321,0.02,1,50,1096,False
486,plain,y,ERR843920__NODE_56_length_5409_cov_6.180986_3,0.02,1,50,213,False
487,plain,y,GCA_900290275_Protein1471,0.02,1,50,426,False
488,plain,y,GCA_900248245_Protein5204,0.02,1,50,966,False
489,plain,y,GCA_900626135_Protein1041,0.02,1,50,3346,False
490,plain,y,GCA_000154065_Protein2598,0.02,1,50,493,False
491,plain,y,ERR843919__NODE_44_length_5663_cov_6.541548_6,0.02,1,50,213,False
492,plain,y,GCA_000152245_Protein881,0.02,1,50,558,False
493,plain,y,GCA_000024205_Protein3866,0.02,1,50,765,False
494,plain,y,GCA_000146185_Protein399,0.02,1,50,282,False
495,plain,y,GCA_900199435_Protein2383,0.02,1,50,144,False
496,plain,y,ERR843920__NODE_10_length_36580_cov_10.993648_47,0.02,1,50,280,False
497,plain,y,GCA_900248245_Protein3936,0.02,1,50,213,False
498,plain,y,GCA_000157975_Protein3278,0.02,1,50,420,False
499,plain,y,GCA_000187125_Protein945,0.02,1,50,2530,False
500,plain,y,GCA_000186945_Protein1224,0.02,1,50,626,False
501,plain,y,GCA_000185705_Protein3665,0.02,1,50,1498,False
502,plain,y,ERR843935__NODE_7_length_40132_cov_37.564264_29,0.02,1,50,630,False
503,plain,y,ERR843935__NODE_76_length_10830_cov_9.124455_15,0.02,1,50,210,False
504,plain,y,GCA_900184255_Protein1759,0.02,1,50,213,False
505,plain,y,ERR843917__NODE_18_length_7571_cov_11.552821_1,0.02,1,50,218,False
506,plain,y,GCA_000158235_Protein1442,0.02,1,50,694,False
507,plain,y,GCA_910584935_Protein769,0.02,1,50,558,False
508,plain,y,ERR843921__NODE_10_length_31181_cov_19.700218_25,0.02,1,50,694,False
509,plain,y,ERR843924__NODE_1_length_112681_cov_26.258315_34,0.02,1,50,4638,False
510,plain,y,ERR843924__NODE_1_length_112681_cov_26.258315_112,0.02,1,50,630,False
511,plain,y,ERR843939__NODE_14_length_19939_cov_293.931302_2,0.02,1,50,1158,False
512,plain,y,ERR843936__NODE_15_length_6642_cov_4.846971_10,0.02,1,50,213,False
513,plain,y,GCA_000154245_Protein86,0.02,1,50,1455,False
514,plain,y,GCA_000160115_Protein912,0.02,1,50,351,False
515,plain,y,GCA_000158655_Protein449,0.02,1,50,489,False
516,plain,y,GCA_000158655_Protein2311,0.02,1,50,420,False
517,plain,y,GCA_000158235_Protein826,0.02,1,50,351,False
518,plain,y,ERR843921__NODE_2_length_43397_cov_46.379216_24,0.02,1,50,282,False
519,plain,y,ERR843921__NODE_39_length_13338_cov_6.787924_9,0.02,1,50,560,False
520,plain,y,GCA_000173675_Protein985,0.02,1,50,351,False
521,plain,y,GCA_000248015_Protein2588,0.02,1,50,1524,False
522,plain,y,GCA_000300195_Protein3134,0.02,1,50,1034,False
523,plain,y,GCA_000284095_Protein887,0.02,1,50,898,False
524,plain,y,GCA_000178095_Protein1091,0.02,1,50,1455,False
525,plain,y,ERR844059__NODE_5_length_20453_cov_11.555643_23,0.02,1,50,70,False
526,plain,y,ERR844060__NODE_91_length_7448_cov_6.776410_12,0.02,1,50,560,False
527,plain,y,ERR844074__NODE_2_length_65118_cov_156.446091_55,0.02,1,50,286,False
528,plain,y,ERR844072__NODE_1_length_82221_cov_112.535501_16,0.02,1,50,1034,False
529,plain,y,ERR843919__NODE_51_length_5118_cov_5.616630_5,0.02,1,50,213,False
530,plain,y,GCA_000020165_Protein10,0.02,1,50,210,False
531,plain,y,GCA_900103235_Protein1730,0.02,1,50,489,False
532,plain,y,ERR843988__NODE_5_length_41051_cov_693.925822_33,0.02,1,50,420,False
533,plain,y,GCA_000154565_Protein2123,0.02,1,50,213,False
534,plain,y,GCA_900120155_Protein101,0.02,1,50,630,False
535,plain,y,ERR844047__NODE_12_length_35215_cov_10.847497_46,0.02,1,50,700,False
536,plain,y,ERR844046__NODE_5_length_43934_cov_14.247544_21,0.02,1,50,140,False
537,plain,y,ERR844058__NODE_1_length_99061_cov_1233.364847_97,0.02,1,50,218,False
538,plain,y,ERR843947__NODE_5_length_34349_cov_56.578352_10,0.02,1,50,282,False
539,plain,y,ERR843944__NODE_3_length_12856_cov_8.068745_6,0.02,1,50,3346,False
540,plain,y,GCA_900096945_Protein1429,0.02,1,50,1374,False
541,plain,y,GCA_000016505_Protein3615,0.02,1,50,282,False
542,plain,y,ERR843919__NODE_7_length_45449_cov_134.625479_22,0.02,1,50,1533,False
543,plain,y,GCA_900604335_Protein652,0.02,1,50,354,False
544,plain,y,ERR844082__NODE_5_length_20238_cov_14.431650_6,0.02,1,50,762,False
545,plain,y,GCA_000008925_Protein934,0.02,1,50,140,False
546,plain,y,GCA_000153905_Protein631,0.02,1,50,558,False
547,plain,y,GCA_000008065_Protein1088,0.02,1,50,490,False
548,plain,y,GCA_000007785_Protein2185,0.02,1,50,210,False
549,plain,y,GCA_000154105_Protein1525,0.02,1,50,493,False
550,plain,y,ERR844069__NODE_1_length_80005_cov_86.405629_73,0.02,1,50,351,False
551,plain,y,ERR844052__NODE_6_length_32055_cov_194.132937_30,0.02,1,50,210,False
552,plain,y,ERR844069__NODE_12_length_24245_cov_19.575982_12,0.02,1,50,140,False
553,plain,y,GCA_000173815_Protein3981,0.02,1,50,903,False
554,plain,y,GCA_000242335_Protein2433,0.02,1,50,351,False
555,plain,y,GCA_000332015_Protein2517,0.02,1,50,770,False
556,plain,y,GCA_000231275_Protein1617,0.02,1,50,292,False
557,plain,y,GCA_000284095_Protein499,0.02,1,50,490,False
558,plain,y,GCA_000235445_Protein879,0.02,1,50,626,False
559,plain,y,GCA_000234095_Protein1872,0.02,1,50,1350,False
560,plain,y,ERR844052__NODE_17_length_14177_cov_13.769084_18,0.02,1,50,286,False
561,plain,y,ERR843915__NODE_4_length_32759_cov_16.506406_36,0.02,1,50,359,False
562,plain,y,GCA_905186125_Protein1968,0.02,1,50,351,False
563,plain,y,ERR844056__NODE_16_length_15396_cov_175.665732_10,0.02,1,50,558,False
564,plain,y,ERR843921__NODE_38_length_13934_cov_5.325384_10,0.02,1,50,570,False
565,plain,y,GCA_902809935_Protein1233,0.02,1,50,218,False
566,plain,y,GCA_009935805_Protein1523,0.02,1,50,350,False
567,plain,y,GCA_009935845_Protein2287,0.02,1,50,1675,False
568,plain,y,GCA_003478405_Protein1950,0.02,1,50,626,False
569,plain,y,ERR843981__NODE_9_length_30329_cov_447.475491_9,0.02,1,50,903,False
570,plain,y,GCA_003435485_Protein5003,0.02,1,50,489,False
571,plain,y,GCA_003433795_Protein376,0.02,1,50,694,False
572,plain,y,GCA_003609775_Protein848,0.02,1,50,558,False
573,plain,y,GCA_003481825_Protein927,0.02,1,50,432,False
574,plain,y,GCA_003477705_Protein140,0.02,1,50,420,False
575,plain,y,GCA_003480745_Protein172,0.02,1,50,489,False
576,plain,y,GCA_003480315_Protein894,0.02,1,50,292,False
577,plain,y,GCA_001047075_Protein358,0.02,1,50,770,False
578,plain,y,GCA_002959855_Protein824,0.02,1,50,286,False
579,plain,y,GCA_003129965_Protein1514,0.02,1,50,696,False
580,plain,y,GCA_003043945_Protein856,0.02,1,50,426,False
581,plain,y,GCA_003020045_Protein452,0.02,1,50,2490,False
582,plain,y,GCA_002998925_Protein1239,0.02,1,50,1524,False
583,plain,y,GCA_003472745_Protein1753,0.02,1,50,3625,False
584,plain,y,GCA_003269275_Protein2081,0.02,1,50,834,False
585,plain,y,GCA_003254255_Protein1864,0.02,1,50,351,False
586,plain,y,GCA_003254255_Protein1239,0.02,1,50,762,False
587,plain,y,ERR844001__NODE_35_length_12893_cov_244.924833_10,0.02,1,50,286,False
588,plain,y,ERR844003__NODE_28_length_10524_cov_10.024644_13,0.02,1,50,351,False
589,plain,y,GCA_014333425_Protein297,0.02,1,50,765,False
590,plain,y,ERR843964__NODE_63_length_8638_cov_7.754165_14,0.02,1,50,422,False
591,plain,y,ERR843982__NODE_1_length_49322_cov_54.803175_12,0.02,1,50,354,False
592,plain,y,ERR843969__NODE_7_length_19229_cov_32.711589_21,0.02,1,50,498,False
593,plain,y,ERR843964__NODE_14_length_36446_cov_87.340139_21,0.02,1,50,422,False
594,plain,y,GCA_002389905_Protein2278,0.02,1,50,489,False
595,plain,y,GCA_002270465_Protein1585,0.02,1,50,420,False
596,plain,y,GCA_003288255_Protein2402,0.02,1,50,2490,False
597,plain,y,GCA_008152325_Protein597,0.02,1,50,761,False
598,plain,y,GCA_014644255_Protein3726,0.02,1,50,286,False
599,plain,y,GCA_014644255_Protein3147,0.02,1,50,282,False
600,plain,y,GCA_014467055_Protein2363,0.02,1,50,282,False
601,plain,y,GCA_013394775_Protein1345,0.02,1,50,828,False
602,plain,y,GCA_002160915_Protein1694,0.02,1,50,210,False
603,plain,y,GCA_002899675_Protein4017,0.02,1,50,962,False
604,plain,y,GCA_002160755_Protein3611,0.02,1,50,286,False
605,plain,y,GCA_002160755_Protein1083,0.02,1,50,280,False
606,plain,y,GCA_008271295_Protein2408,0.02,1,50,422,False
607,plain,y,GCA_008633215_Protein460,0.02,1,50,1782,False
608,plain,y,GCA_009649495_Protein164,0.02,1,50,1935,False
609,plain,y,GCA_002549855_Protein1076,0.02,1,50,282,False
610,plain,y,GCA_009928485_Protein2965,0.02,1,50,498,False
611,plain,y,GCA_009928485_Protein5061,0.02,1,50,350,False
612,plain,y,GCA_009931695_Protein493,0.02,1,50,350,False
613,plain,y,GCA_014385105_Protein1767,0.02,1,50,1102,False
614,plain,y,GCA_003795145_Protein1852,0.02,1,50,1524,False
615,plain,y,GCA_003726015_Protein918,0.02,1,50,420,False
616,plain,y,GCA_003666485_Protein2507,0.02,1,50,1666,False
617,plain,y,GCA_004364155_Protein2826,0.02,1,50,1986,False
618,plain,y,GCA_003612395_Protein696,0.02,1,50,558,False
619,plain,y,GCA_014269395_Protein2182,0.02,1,50,1120,False
620,plain,y,ERR843982__NODE_7_length_40154_cov_44.644979_17,0.02,1,50,898,False
621,plain,y,ERR843982__NODE_4_length_44833_cov_34.296195_59,0.02,1,50,286,False
622,plain,y,ERR843982__NODE_3_length_45503_cov_20.558638_67,0.02,1,50,210,False
623,plain,y,GCA_004554775_Protein597,0.02,1,50,493,False
624,plain,y,ERR843990__NODE_47_length_11808_cov_10.454607_10,0.02,1,50,420,False
625,plain,y,GCA_014297285_Protein2501,0.02,1,50,282,False
626,plain,y,GCA_003612395_Protein2360,0.02,1,50,350,False
627,plain,y,GCA_003612395_Protein4250,0.02,1,50,351,False
628,plain,y,GCA_004216775_Protein444,0.02,1,50,1935,False
629,plain,y,ERR843995__NODE_25_length_11562_cov_14.227079_3,0.02,1,50,490,False
630,plain,y,ERR843995__NODE_31_length_9580_cov_11.939003_7,0.02,1,50,762,False
631,plain,y,GCA_007115105_Protein2873,0.02,1,50,558,False
632,plain,y,GCA_006016075_Protein2271,0.02,1,50,4284,False
633,plain,y,ERR844000__NODE_28_length_9618_cov_60.876712_8,0.02,1,50,972,False
634,plain,y,ERR843990__NODE_10_length_26110_cov_47.040069_23,0.02,1,50,282,False
635,plain,y,ERR843999__NODE_2_length_57850_cov_75.027909_53,0.02,1,50,359,False
636,plain,y,ERR843990__NODE_10_length_26110_cov_47.040069_37,0.02,1,50,422,False
637,plain,y,ERR843991__NODE_5_length_31521_cov_28.190046_43,0.02,1,50,140,False
638,plain,y,ERR844002__NODE_12_length_22099_cov_6.869352_20,0.02,1,50,280,False
639,plain,y,GCA_014287725_Protein111,0.02,1,50,1346,False
640,plain,y,GCA_014287635_Protein945,0.02,1,50,3278,False
641,plain,y,GCA_012926525_Protein2296,0.02,1,50,2770,False
642,plain,y,GCA_014269355_Protein1968,0.02,1,50,558,False
643,plain,y,GCA_013155505_Protein1106,0.02,1,50,3074,False
644,plain,y,GCA_014197035_Protein2280,0.02,1,50,1800,False
645,plain,y,ERR843990__NODE_36_length_14346_cov_50.583864_12,0.02,1,50,560,False
646,plain,y,ERR843963__NODE_13_length_19608_cov_9.572137_13,0.02,1,50,218,False
647,plain,y,ERR843979__NODE_22_length_18757_cov_29.985884_26,0.02,1,50,2674,False
648,plain,y,ERR843979__NODE_13_length_25365_cov_46.706638_35,0.02,1,50,351,False
649,plain,y,GCA_003473525_Protein2032,0.02,1,50,1950,False
650,plain,y,ERR843977__NODE_112_length_5283_cov_5.473795_8,0.02,1,50,144,False
651,plain,y,GCA_014287825_Protein3727,0.02,1,50,840,False
652,plain,y,GCA_014297275_Protein130,0.02,1,50,420,False
653,plain,y,GCA_014287995_Protein764,0.02,1,50,213,False
654,plain,y,ERR843962__NODE_95_length_10646_cov_80.339439_1,0.02,1,50,489,False
655,plain,y,ERR843964__NODE_62_length_8708_cov_8.885127_17,0.02,1,50,960,False
656,plain,y,ERR843964__NODE_2_length_64948_cov_440.792212_56,0.02,1,50,895,False
657,plain,y,ERR843963__NODE_45_length_6764_cov_4.556864_14,0.02,1,50,498,False
658,plain,y,GCA_004345255_Protein3164,0.02,1,50,2530,False
659,plain,y,ERR843963__NODE_3_length_58415_cov_115.533687_87,0.02,1,50,426,False
660,plain,y,GCA_004359545_Protein391,0.02,1,50,4060,False
661,plain,y,ERR843977__NODE_28_length_19678_cov_22.453193_2,0.02,1,50,972,False
662,plain,y,ERR844036__NODE_12_length_21578_cov_28.325373_8,0.02,1,50,286,False
663,plain,y,ERR844044__NODE_6_length_42343_cov_39.130675_6,0.02,1,50,498,False
664,plain,y,ERR844046__NODE_12_length_26488_cov_35.361404_23,0.02,1,50,359,False
665,plain,y,GCA_000504545_Protein283,0.02,1,50,140,False
666,plain,y,GCA_018918345_Protein419,0.02,1,50,350,False
667,plain,y,ERR843973__NODE_32_length_14011_cov_21.483161_15,0.02,1,50,359,False
668,plain,y,ERR843942__NODE_13_length_21086_cov_46.626979_33,0.02,1,50,1554,False
669,plain,y,ERR843942__NODE_11_length_27131_cov_44.007091_34,0.02,1,50,493,False
670,plain,y,GCA_010669305_Protein250,0.02,1,50,286,False
671,plain,y,GCA_010725135_Protein4673,0.02,1,50,350,False
672,plain,y,GCA_001486665_Protein1532,0.02,1,50,140,False
673,plain,y,ERR843982__NODE_16_length_21270_cov_16.550648_8,0.02,1,50,286,False
674,plain,y,GCA_905202415_Protein1539,0.02,1,50,2800,False
675,plain,y,ERR843959__NODE_36_length_9765_cov_11.805561_17,0.02,1,50,558,False
676,plain,y,ERR843959__NODE_20_length_13885_cov_15.288359_14,0.02,1,50,286,False
677,plain,y,GCA_016902555_Protein610,0.02,1,50,627,False
678,plain,y,GCA_016902445_Protein748,0.02,1,50,140,False
679,plain,y,GCA_016901815_Protein1407,0.02,1,50,560,False
680,plain,y,ERR843947__NODE_8_length_26070_cov_9.160215_28,0.02,1,50,426,False
681,plain,y,ERR843951__NODE_17_length_12878_cov_9.170007_9,0.02,1,50,350,False
682,plain,y,ERR843950__NODE_7_length_30345_cov_8.552559_10,0.02,1,50,213,False
683,plain,y,ERR843962__NODE_13_length_39757_cov_46.115762_54,0.02,1,50,213,False
684,plain,y,ERR843950__NODE_5_length_34083_cov_139.278095_25,0.02,1,50,960,False
685,plain,y,ERR843961__NODE_29_length_8936_cov_96.960815_5,0.02,1,50,354,False
686,plain,y,ERR843981__NODE_6_length_39928_cov_146.709026_7,0.02,1,50,1041,False
687,plain,y,ERR844041__NODE_18_length_35878_cov_70.762052_43,0.02,1,50,286,False
688,plain,y,ERR844041__NODE_15_length_38057_cov_45.286327_15,0.02,1,50,626,False
689,plain,y,GCA_000875945_Protein1901,0.02,1,50,1041,False
690,plain,y,GCA_000829905_Protein23,0.02,1,50,213,False
691,plain,y,GCA_001312445_Protein1083,0.02,1,50,903,False
692,plain,y,GCA_000734965_Protein3678,0.02,1,50,1410,False
693,plain,y,GCA_001244495_Protein874,0.02,1,50,2766,False
694,plain,y,GCA_001244495_Protein1660,0.02,1,50,282,False
695,plain,y,GCA_001047375_Protein628,0.02,1,50,2802,False
696,plain,y,ERR843982__NODE_16_length_21270_cov_16.550648_3,0.02,1,50,894,False
697,plain,y,ERR844046__NODE_25_length_17941_cov_48.269037_21,0.02,1,50,422,False
698,plain,y,ERR844028__NODE_1_length_67341_cov_27.050664_19,0.02,1,50,426,False
699,plain,y,GCA_000601455_Protein1955,0.02,1,50,282,False
700,plain,y,GCA_000526995_Protein4747,0.02,1,50,560,False
701,plain,y,GCA_000526995_Protein1733,0.02,1,50,694,False
702,plain,y,GCA_000789395_Protein1851,0.02,1,50,350,False
703,plain,y,GCA_000526495_Protein544,0.02,1,50,1533,False
704,plain,y,GCA_000526495_Protein2292,0.02,1,50,1034,False
705,plain,y,GCA_000751675_Protein3070,0.02,1,50,834,False
706,plain,y,GCA_000746025_Protein1171,0.02,1,50,895,False
707,plain,y,ERR844040__NODE_2_length_51336_cov_44.836528_61,0.02,1,50,210,False
708,plain,y,ERR844039__NODE_3_length_14552_cov_10.589432_28,0.02,1,50,493,False
709,plain,y,ERR844028__NODE_1_length_67341_cov_27.050664_41,0.02,1,50,354,False
710,plain,y,ERR844032__NODE_4_length_17018_cov_7.407298_3,0.02,1,50,694,False
711,plain,y,GCA_001940165_Protein1028,0.02,1,50,1041,False
712,plain,y,GCA_002222595_Protein448,0.02,1,50,761,False
713,plain,y,GCA_002006355_Protein1201,0.02,1,50,282,False
714,plain,y,GCA_004793465_Protein1970,0.02,1,50,696,False
715,plain,y,GCA_005280655_Protein1347,0.02,1,50,490,False
716,plain,y,GCA_001654865_Protein3348,0.02,1,50,1102,False
717,plain,y,GCA_002159835_Protein2803,0.02,1,50,351,False
718,plain,y,GCA_002006355_Protein3676,0.02,1,50,490,False
719,plain,y,GCA_002159225_Protein71,0.02,1,50,1179,False
720,plain,y,ERR844018__NODE_56_length_5801_cov_1823.728681_3,0.02,1,50,700,False
721,plain,y,ERR843962__NODE_8_length_42664_cov_299.172546_42,0.02,1,50,762,False
722,plain,y,ERR844030__NODE_21_length_18285_cov_19.110148_21,0.02,1,50,490,False
723,plain,y,GCA_005845105_Protein1566,0.02,1,50,2214,False
724,plain,y,GCA_014385085_Protein1479,0.02,1,50,280,False
725,plain,y,GCA_014385065_Protein453,0.02,1,50,351,False
726,plain,y,GCA_014385025_Protein1482,0.02,1,50,489,False
727,plain,y,GCA_014384795_Protein1460,0.02,1,50,351,False
728,plain,y,GCA_015999265_Protein1608,0.02,1,50,1041,False
729,plain,y,GCA_016899775_Protein2244,0.02,1,50,489,False
730,plain,y,GCA_015644745_Protein3963,0.02,1,50,765,False
731,plain,y,GCA_017168145_Protein302,0.02,1,50,694,False
732,plain,y,ERR843982__NODE_10_length_37329_cov_91.326582_42,0.02,1,50,426,False
733,plain,y,ERR844018__NODE_3_length_58289_cov_350.093433_15,0.02,1,50,422,False
734,plain,y,ERR843962__NODE_24_length_28827_cov_26.697310_28,0.02,1,50,828,False
735,plain,y,ERR843962__NODE_219_length_5530_cov_5.160000_7,0.02,1,50,3663,False
736,plain,y,GCA_001438725_Protein1752,0.02,1,50,558,False
737,plain,y,ERR843921__NODE_95_length_5452_cov_28.065407_3,0.02,1,50,626,False
738,plain,y,GCA_001761545_Protein578,0.02,1,50,140,False
739,plain,y,GCA_001244995_Protein2304,0.02,1,50,351,False
740,plain,y,GCA_001885945_Protein2525,0.02,1,50,894,False
741,plain,y,GCA_906464915_Protein2384,0.02,1,50,1163,False
742,plain,y,ERR844012__NODE_17_length_17437_cov_15.004085_7,0.02,1,50,210,False
743,plain,y,GCA_902167755_Protein2492,0.02,1,50,489,False
744,plain,y,ERR844027__NODE_1_length_41819_cov_330.145556_25,0.02,1,50,422,False
745,plain,y,ERR844035__NODE_15_length_25659_cov_25.962232_3,0.02,1,50,422,False
746,plain,y,ERR844023__NODE_1_length_34550_cov_157.773851_24,0.02,1,50,213,False
747,plain,y,ERR844023__NODE_1_length_34550_cov_157.773851_15,0.02,1,50,286,False
748,plain,y,GCA_002160015_Protein2906,0.02,1,50,627,False
749,plain,y,ERR843981__NODE_6_length_39928_cov_146.709026_52,0.02,1,50,359,False
750,plain,y,GCA_002160815_Protein2568,0.02,1,50,830,False
751,plain,y,GCA_002161555_Protein1536,0.02,1,50,3798,False
752,plain,y,GCA_002161285_Protein1186,0.02,1,50,2101,False
753,plain,y,ERR844013__NODE_1_length_77094_cov_609.368541_55,0.02,1,50,489,False
754,plain,y,GCA_009649495_Protein224,0.02,1,50,1238,False
755,plain,y,ERR844025__NODE_11_length_30164_cov_20.234216_22,0.02,1,50,286,False
756,plain,y,GCA_008152325_Protein1825,0.02,1,50,894,False
757,plain,y,GCA_009696005_Protein672,0.02,1,50,1163,False
758,plain,y,ERR844023__NODE_7_length_15601_cov_102.477743_22,0.02,1,50,359,False
759,plain,y,ERR843921__NODE_24_length_19629_cov_7.633698_9,0.0,0,50,626,False
760,plain,y,ERR843919__NODE_27_length_10091_cov_12.673177_14,0.0,0,50,213,False
761,plain,y,ERR843920__NODE_12_length_27161_cov_8.648823_35,0.0,0,50,627,False
762,plain,y,ERR843920__NODE_14_length_24119_cov_6.501413_2,0.0,0,50,292,False
763,plain,y,ERR843920__NODE_35_length_7974_cov_5.284632_11,0.0,0,50,493,False
764,plain,y,ERR843920__NODE_39_length_6955_cov_5.250000_4,0.0,0,50,351,False
765,plain,y,GCA_902809935_Protein717,0.0,0,50,282,False
766,plain,y,ERR843930__NODE_2_length_64091_cov_17.414080_19,0.0,0,50,840,False
767,plain,y,ERR843924__NODE_1_length_112681_cov_26.258315_89,0.0,0,50,351,False
768,plain,y,ERR843924__NODE_22_length_22081_cov_14.332834_26,0.0,0,50,70,False
769,plain,y,GCA_900205965_Protein3111,0.0,0,50,1029,False
770,plain,y,GCA_900240295_Protein161,0.0,0,50,834,False
771,plain,y,GCA_900240385_Protein1217,0.0,0,50,700,False
772,plain,y,GCA_900240385_Protein1557,0.0,0,50,1029,False
773,plain,y,GCA_900240845_Protein1424,0.0,0,50,558,False
774,plain,y,ERR843934__NODE_2_length_46806_cov_14.017647_58,0.0,0,50,70,False
775,plain,y,ERR843935__NODE_10_length_34634_cov_38.588198_26,0.0,0,50,292,False
776,plain,y,ERR843925__NODE_7_length_7635_cov_9.350528_9,0.0,0,50,762,False
777,plain,y,ERR843926__NODE_2_length_41237_cov_121.205624_3,0.0,0,50,489,False
778,plain,y,ERR843929__NODE_1_length_63396_cov_52.962236_16,0.0,0,50,630,False
779,plain,y,ERR843929__NODE_1_length_63396_cov_52.962236_47,0.0,0,50,560,False
780,plain,y,ERR843929__NODE_2_length_59556_cov_26.216400_43,0.0,0,50,140,False
781,plain,y,ERR843929__NODE_2_length_59556_cov_26.216400_84,0.0,0,50,140,False
782,plain,y,GCA_902167685_Protein1158,0.0,0,50,213,False
783,plain,y,GCA_900626135_Protein888,0.0,0,50,420,False
784,plain,y,GCA_900635485_Protein5677,0.0,0,50,140,False
785,plain,y,GCA_900766185_Protein2450,0.0,0,50,282,False
786,plain,y,ERR843930__NODE_2_length_64091_cov_17.414080_3,0.0,0,50,493,False
787,plain,y,ERR843933__NODE_16_length_9783_cov_25.885280_2,0.0,0,50,630,False
788,plain,y,ERR843933__NODE_5_length_25086_cov_7.004674_11,0.0,0,50,213,False
789,plain,y,ERR843934__NODE_2_length_46806_cov_14.017647_52,0.0,0,50,213,False
790,plain,y,GCA_900248245_Protein4386,0.0,0,50,2628,False
791,plain,y,GCA_900318255_Protein1340,0.0,0,50,70,False
792,plain,y,GCA_900205965_Protein1004,0.0,0,50,210,False
793,plain,y,GCA_902143515_Protein27,0.0,0,50,140,False
794,plain,y,GCA_902143515_Protein821,0.0,0,50,1386,False
795,plain,y,GCA_902156465_Protein380,0.0,0,50,70,False
796,plain,y,GCA_902158565_Protein92,0.0,0,50,140,False
797,plain,y,GCA_902158625_Protein4687,0.0,0,50,140,False
798,plain,y,GCA_000155875_Protein2368,0.0,0,50,210,False
799,plain,y,GCA_000155875_Protein581,0.0,0,50,560,False
800,plain,y,GCA_000156035_Protein3217,0.0,0,50,493,False
801,plain,y,GCA_000156395_Protein3134,0.0,0,50,140,False
802,plain,y,GCA_000157955_Protein2004,0.0,0,50,972,False
803,plain,y,GCA_000154525_Protein9,0.0,0,50,218,False
804,plain,y,GCA_000154565_Protein1068,0.0,0,50,558,False
805,plain,y,GCA_000154565_Protein1436,0.0,0,50,894,False
806,plain,y,GCA_000145315_Protein1996,0.0,0,50,210,False
807,plain,y,GCA_000146185_Protein519,0.0,0,50,972,False
808,plain,y,GCA_000146365_Protein1405,0.0,0,50,490,False
809,plain,y,GCA_000023845_Protein627,0.0,0,50,498,False
810,plain,y,GCA_000024205_Protein92,0.0,0,50,354,False
811,plain,y,GCA_000024265_Protein1648,0.0,0,50,144,False
812,plain,y,GCA_000027085_Protein3338,0.0,0,50,140,False
813,plain,y,GCA_000155875_Protein2056,0.0,0,50,350,False
814,plain,y,GCA_000154105_Protein592,0.0,0,50,292,False
815,plain,y,GCA_000147235_Protein2069,0.0,0,50,70,False
816,plain,y,GCA_000147675_Protein1557,0.0,0,50,422,False
817,plain,y,GCA_000152245_Protein3981,0.0,0,50,1224,False
818,plain,y,GCA_000153625_Protein1027,0.0,0,50,1041,False
819,plain,y,GCA_000153905_Protein1659,0.0,0,50,422,False
820,plain,y,GCA_000144625_Protein740,0.0,0,50,694,False
821,plain,y,GCA_000145315_Protein1956,0.0,0,50,140,False
822,plain,y,GCA_000008865_Protein47,0.0,0,50,140,False
823,plain,y,GCA_000008865_Protein665,0.0,0,50,140,False
824,plain,y,ERR844081__NODE_8_length_13404_cov_16.423328_8,0.0,0,50,490,False
825,plain,y,GCA_000007625_Protein1227,0.0,0,50,895,False
826,plain,y,GCA_000007785_Protein3022,0.0,0,50,70,False
827,plain,y,GCA_000153925_Protein478,0.0,0,50,213,False
828,plain,y,GCA_000153925_Protein583,0.0,0,50,694,False
829,plain,y,GCA_000154065_Protein1779,0.0,0,50,351,False
830,plain,y,GCA_000016165_Protein3309,0.0,0,50,558,False
831,plain,y,GCA_000008865_Protein113,0.0,0,50,140,False
832,plain,y,GCA_000008865_Protein3373,0.0,0,50,140,False
833,plain,y,GCA_000154505_Protein100,0.0,0,50,560,False
834,plain,y,GCA_000154505_Protein117,0.0,0,50,282,False
835,plain,y,GCA_000154505_Protein3424,0.0,0,50,210,False
836,plain,y,GCA_000154505_Protein869,0.0,0,50,351,False
837,plain,y,GCA_000154525_Protein551,0.0,0,50,144,False
838,plain,y,GCA_000020605_Protein981,0.0,0,50,1714,False
839,plain,y,GCA_000021705_Protein733,0.0,0,50,696,False
840,plain,y,GCA_000022065_Protein2133,0.0,0,50,1510,False
841,plain,y,GCA_000023845_Protein611,0.0,0,50,70,False
842,plain,y,GCA_000009205_Protein3489,0.0,0,50,1400,False
843,plain,y,GCA_000014725_Protein729,0.0,0,50,1400,False
844,plain,y,GCA_000016165_Protein2744,0.0,0,50,1714,False
845,plain,y,GCA_000016165_Protein3218,0.0,0,50,762,False
846,plain,y,ERR844070__NODE_13_length_36397_cov_33.811018_33,0.0,0,50,70,False
847,plain,y,ERR844070__NODE_15_length_35149_cov_24.124950_42,0.0,0,50,426,False
848,plain,y,ERR844070__NODE_17_length_31257_cov_20.871002_22,0.0,0,50,144,False
849,plain,y,ERR844070__NODE_18_length_30504_cov_22.283063_36,0.0,0,50,210,False
850,plain,y,ERR844070__NODE_18_length_30504_cov_22.283063_39,0.0,0,50,210,False
851,plain,y,GCA_000016965_Protein3182,0.0,0,50,558,False
852,plain,y,GCA_000018685_Protein1716,0.0,0,50,351,False
853,plain,y,GCA_000020165_Protein188,0.0,0,50,359,False
854,plain,y,GCA_000154565_Protein1543,0.0,0,50,144,False
855,plain,y,GCA_000154565_Protein169,0.0,0,50,140,False
856,plain,y,GCA_000154565_Protein1908,0.0,0,50,213,False
857,plain,y,GCA_000154465_Protein325,0.0,0,50,286,False
858,plain,y,ERR844070__NODE_62_length_10577_cov_20.458658_13,0.0,0,50,282,False
859,plain,y,ERR844070__NODE_6_length_51005_cov_9.385947_11,0.0,0,50,218,False
860,plain,y,ERR844070__NODE_12_length_38260_cov_623.105614_4,0.0,0,50,286,False
861,plain,y,ERR844070__NODE_13_length_36397_cov_33.811018_27,0.0,0,50,354,False
862,plain,y,GCA_000185705_Protein3045,0.0,0,50,350,False
863,plain,y,GCA_000186945_Protein479,0.0,0,50,2258,False
864,plain,y,GCA_000189595_Protein1139,0.0,0,50,210,False
865,plain,y,GCA_000173815_Protein900,0.0,0,50,962,False
866,plain,y,GCA_000174895_Protein3879,0.0,0,50,895,False
867,plain,y,GCA_000177335_Protein1000,0.0,0,50,1041,False
868,plain,y,GCA_000177355_Protein1890,0.0,0,50,70,False
869,plain,y,GCA_000178835_Protein3234,0.0,0,50,762,False
870,plain,y,GCA_000158655_Protein1016,0.0,0,50,2412,False
871,plain,y,GCA_000160015_Protein1257,0.0,0,50,210,False
872,plain,y,GCA_000160015_Protein41,0.0,0,50,1306,False
873,plain,y,GCA_000157955_Protein2175,0.0,0,50,490,False
874,plain,y,GCA_000157955_Protein2227,0.0,0,50,420,False
875,plain,y,GCA_000157975_Protein1631,0.0,0,50,280,False
876,plain,y,GCA_000158075_Protein4105,0.0,0,50,213,False
877,plain,y,GCA_000158195_Protein2304,0.0,0,50,1538,False
878,plain,y,GCA_000169235_Protein2204,0.0,0,50,354,False
879,plain,y,GCA_000160015_Protein417,0.0,0,50,144,False
880,plain,y,GCA_000160035_Protein1229,0.0,0,50,830,False
881,plain,y,GCA_000160135_Protein1561,0.0,0,50,489,False
882,plain,y,GCA_000160495_Protein1646,0.0,0,50,351,False
883,plain,y,GCA_000160635_Protein2138,0.0,0,50,420,False
884,plain,y,GCA_000163055_Protein1214,0.0,0,50,2283,False
885,plain,y,GCA_000158475_Protein1243,0.0,0,50,140,False
886,plain,y,GCA_000154305_Protein1289,0.0,0,50,490,False
887,plain,y,GCA_000154305_Protein3377,0.0,0,50,966,False
888,plain,y,GCA_000154345_Protein321,0.0,0,50,420,False
889,plain,y,GCA_000154465_Protein1344,0.0,0,50,694,False
890,plain,y,GCA_000154465_Protein2084,0.0,0,50,286,False
891,plain,y,GCA_000164865_Protein4158,0.0,0,50,140,False
892,plain,y,GCA_000164965_Protein286,0.0,0,50,75,False
893,plain,y,GCA_000167975_Protein31,0.0,0,50,761,False
894,plain,y,GCA_000173815_Protein4046,0.0,0,50,1190,False
895,plain,y,GCA_000169235_Protein472,0.0,0,50,282,False
896,plain,y,GCA_000169255_Protein3034,0.0,0,50,489,False
897,plain,y,GCA_000173795_Protein1113,0.0,0,50,210,False
898,plain,y,GCA_000173795_Protein1258,0.0,0,50,354,False
899,plain,y,GCA_000173795_Protein1366,0.0,0,50,834,False
900,plain,y,GCA_000210095_Protein541,0.0,0,50,560,False
901,plain,y,GCA_000210575_Protein287,0.0,0,50,282,False
902,plain,y,ERR844081__NODE_8_length_13404_cov_16.423328_14,0.0,0,50,420,False
903,plain,y,ERR844072__NODE_10_length_14890_cov_34.648736_5,0.0,0,50,762,False
904,plain,y,ERR844073__NODE_11_length_22414_cov_19.759560_35,0.0,0,50,489,False
905,plain,y,ERR844073__NODE_5_length_37023_cov_30.182158_10,0.0,0,50,354,False
906,plain,y,ERR844073__NODE_5_length_37023_cov_30.182158_3,0.0,0,50,218,False
907,plain,y,ERR844073__NODE_9_length_29272_cov_23.746415_2,0.0,0,50,218,False
908,plain,y,GCA_000173815_Protein173,0.0,0,50,1029,False
909,plain,y,GCA_000173815_Protein1879,0.0,0,50,627,False
910,plain,y,ERR844060__NODE_20_length_21389_cov_21.857223_26,0.0,0,50,350,False
911,plain,y,ERR844060__NODE_2_length_43096_cov_57.037499_24,0.0,0,50,140,False
912,plain,y,ERR844060__NODE_36_length_16240_cov_54.962002_7,0.0,0,50,213,False
913,plain,y,ERR844074__NODE_2_length_65118_cov_156.446091_15,0.0,0,50,213,False
914,plain,y,ERR844074__NODE_4_length_43647_cov_822.638856_57,0.0,0,50,351,False
915,plain,y,ERR844074__NODE_6_length_32133_cov_53.562036_5,0.0,0,50,1170,False
916,plain,y,ERR844076__NODE_18_length_7454_cov_6.982565_11,0.0,0,50,630,False
917,plain,y,ERR844077__NODE_20_length_13105_cov_9.862682_7,0.0,0,50,351,False
918,plain,y,GCA_000173795_Protein2310,0.0,0,50,422,False
919,plain,y,ERR844060__NODE_49_length_13265_cov_322.367449_3,0.0,0,50,70,False
920,plain,y,ERR844060__NODE_57_length_12394_cov_12.557744_12,0.0,0,50,1163,False
921,plain,y,ERR844060__NODE_5_length_40242_cov_367.622838_49,0.0,0,50,282,False
922,plain,y,ERR844060__NODE_66_length_10748_cov_30.124100_10,0.0,0,50,834,False
923,plain,y,ERR844060__NODE_7_length_37380_cov_61.553034_9,0.0,0,50,140,False
924,plain,y,ERR844060__NODE_11_length_28847_cov_52.308141_4,0.0,0,50,420,False
925,plain,y,ERR844060__NODE_13_length_25541_cov_326.316762_21,0.0,0,50,140,False
926,plain,y,GCA_000196475_Protein207,0.0,0,50,70,False
927,plain,y,GCA_000196475_Protein3558,0.0,0,50,140,False
928,plain,y,GCA_000281255_Protein695,0.0,0,50,70,False
929,plain,y,GCA_000283575_Protein3122,0.0,0,50,280,False
930,plain,y,GCA_000300195_Protein1493,0.0,0,50,828,False
931,plain,y,GCA_000307265_Protein1629,0.0,0,50,626,False
932,plain,y,GCA_000251025_Protein4134,0.0,0,50,140,False
933,plain,y,GCA_000262225_Protein1099,0.0,0,50,351,False
934,plain,y,GCA_000205165_Protein2586,0.0,0,50,218,False
935,plain,y,GCA_000208825_Protein1445,0.0,0,50,140,False
936,plain,y,GCA_000189595_Protein1920,0.0,0,50,432,False
937,plain,y,GCA_000189595_Protein2662,0.0,0,50,213,False
938,plain,y,GCA_000189595_Protein3304,0.0,0,50,420,False
939,plain,y,GCA_000190355_Protein4043,0.0,0,50,213,False
940,plain,y,GCA_000196155_Protein1464,0.0,0,50,70,False
941,plain,y,GCA_000196155_Protein3341,0.0,0,50,140,False
942,plain,y,GCA_000209385_Protein1805,0.0,0,50,490,False
943,plain,y,GCA_000210035_Protein1835,0.0,0,50,351,False
944,plain,y,GCA_000210035_Protein1927,0.0,0,50,490,False
945,plain,y,GCA_000210035_Protein691,0.0,0,50,213,False
946,plain,y,GCA_000204355_Protein132,0.0,0,50,420,False
947,plain,y,GCA_000204355_Protein1414,0.0,0,50,560,False
948,plain,y,GCA_000204355_Protein1845,0.0,0,50,422,False
949,plain,y,GCA_000204395_Protein1620,0.0,0,50,1565,False
950,plain,y,GCA_000210575_Protein925,0.0,0,50,144,False
951,plain,y,GCA_000210655_Protein1398,0.0,0,50,1224,False
952,plain,y,GCA_000222855_Protein450,0.0,0,50,140,False
953,plain,y,GCA_000223275_Protein2176,0.0,0,50,140,False
954,plain,y,GCA_000224595_Protein2542,0.0,0,50,213,False
955,plain,y,GCA_000208825_Protein2205,0.0,0,50,140,False
956,plain,y,GCA_000208825_Protein2818,0.0,0,50,140,False
957,plain,y,GCA_000208825_Protein561,0.0,0,50,351,False
958,plain,y,ERR844060__NODE_47_length_13321_cov_15.257274_9,0.0,0,50,420,False
959,plain,y,GCA_000240185_Protein1872,0.0,0,50,70,False
960,plain,y,GCA_000248015_Protein2512,0.0,0,50,140,False
961,plain,y,GCA_000230275_Protein2116,0.0,0,50,834,False
962,plain,y,GCA_000231275_Protein1975,0.0,0,50,762,False
963,plain,y,GCA_000233455_Protein1060,0.0,0,50,489,False
964,plain,y,GCA_000233455_Protein5276,0.0,0,50,558,False
965,plain,y,GCA_000328905_Protein2490,0.0,0,50,140,False
966,plain,y,ERR844070__NODE_100_length_6068_cov_4.418926_6,0.0,0,50,282,False
967,plain,y,ERR844070__NODE_102_length_6033_cov_15.063065_10,0.0,0,50,213,False
968,plain,y,ERR844070__NODE_107_length_5826_cov_23.975741_1,0.0,0,50,140,False
969,plain,y,ERR844061__NODE_5_length_61034_cov_142.131996_44,0.0,0,50,210,False
970,plain,y,ERR844063__NODE_5_length_27245_cov_6.495771_7,0.0,0,50,140,False
971,plain,y,ERR844068__NODE_5_length_22370_cov_7.547479_5,0.0,0,50,490,False
972,plain,y,ERR844069__NODE_12_length_24245_cov_19.575982_16,0.0,0,50,426,False
973,plain,y,ERR844060__NODE_46_length_13480_cov_301.822048_4,0.0,0,50,70,False
974,plain,y,ERR844052__NODE_2_length_52961_cov_2094.448078_51,0.0,0,50,140,False
975,plain,y,ERR844052__NODE_6_length_32055_cov_194.132937_22,0.0,0,50,210,False
976,plain,y,ERR844052__NODE_6_length_32055_cov_194.132937_36,0.0,0,50,489,False
977,plain,y,ERR844054__NODE_3_length_18105_cov_9.813296_17,0.0,0,50,420,False
978,plain,y,ERR844069__NODE_1_length_80005_cov_86.405629_58,0.0,0,50,354,False
979,plain,y,ERR844069__NODE_47_length_10428_cov_12.860696_9,0.0,0,50,1578,False
980,plain,y,ERR844069__NODE_5_length_40314_cov_383.484165_21,0.0,0,50,140,False
981,plain,y,ERR844069__NODE_9_length_27557_cov_43.084612_6,0.0,0,50,213,False
982,plain,y,GCA_000262225_Protein199,0.0,0,50,490,False
983,plain,y,GCA_000262305_Protein2806,0.0,0,50,140,False
984,plain,y,GCA_000262305_Protein3154,0.0,0,50,140,False
985,plain,y,GCA_000270205_Protein926,0.0,0,50,213,False
986,plain,y,ERR844056__NODE_21_length_12205_cov_18.120658_2,0.0,0,50,144,False
987,plain,y,ERR844056__NODE_2_length_145083_cov_145.258061_118,0.0,0,50,1554,False
988,plain,y,ERR844056__NODE_8_length_31649_cov_19.126480_31,0.0,0,50,490,False
989,plain,y,ERR844052__NODE_2_length_52961_cov_2094.448078_40,0.0,0,50,140,False
990,plain,y,ERR844057__NODE_12_length_26252_cov_39.114975_34,0.0,0,50,1034,False
991,plain,y,ERR844057__NODE_17_length_19519_cov_40.548397_1,0.0,0,50,140,False
992,plain,y,ERR844057__NODE_20_length_16430_cov_13.586321_14,0.0,0,50,420,False
993,plain,y,ERR844057__NODE_34_length_10254_cov_5.881361_3,0.0,0,50,420,False
994,plain,y,ERR844057__NODE_36_length_10081_cov_4.540993_14,0.0,0,50,286,False
995,plain,y,ERR844057__NODE_53_length_7478_cov_5.766536_12,0.0,0,50,140,False
996,plain,y,ERR844055__NODE_41_length_13941_cov_37.656056_7,0.0,0,50,560,False
997,plain,y,ERR844055__NODE_6_length_49820_cov_682.163267_48,0.0,0,50,558,False
998,plain,y,ERR844046__NODE_54_length_10792_cov_6.900438_6,0.0,0,50,144,False
999,plain,y,ERR844046__NODE_73_length_7389_cov_31.711890_2,0.0,0,50,420,False
1000,plain,y,ERR844046__NODE_78_length_6762_cov_7.081706_9,0.0,0,50,210,False
1001,plain,y,ERR844046__NODE_7_length_35889_cov_492.585477_10,0.0,0,50,213,False
1002,plain,y,ERR844057__NODE_7_length_41031_cov_28.327533_19,0.0,0,50,282,False
1003,plain,y,ERR844058__NODE_13_length_21961_cov_12.989592_7,0.0,0,50,359,False
1004,plain,y,ERR844058__NODE_1_length_99061_cov_1233.364847_3,0.0,0,50,420,False
1005,plain,y,ERR844058__NODE_54_length_6717_cov_7.477334_12,0.0,0,50,420,False
1006,plain,y,GCA_000320405_Protein2639,0.0,0,50,1306,False
1007,plain,y,GCA_000320405_Protein500,0.0,0,50,962,False
1008,plain,y,GCA_000321205_Protein335,0.0,0,50,359,False
1009,plain,y,ERR844046__NODE_98_length_5632_cov_5.652143_5,0.0,0,50,140,False
1010,plain,y,ERR844046__NODE_9_length_31378_cov_27.966925_21,0.0,0,50,966,False
1011,plain,y,ERR844047__NODE_16_length_27812_cov_17.734301_21,0.0,0,50,286,False
1012,plain,y,ERR844046__NODE_3_length_57636_cov_21.792883_80,0.0,0,50,694,False
1013,plain,y,ERR844046__NODE_41_length_12721_cov_889.073346_22,0.0,0,50,351,False
1014,plain,y,GCA_000341505_Protein113,0.0,0,50,213,False
1015,plain,y,GCA_000341505_Protein2120,0.0,0,50,210,False
1016,plain,y,GCA_000341505_Protein523,0.0,0,50,140,False
1017,plain,y,GCA_000350485_Protein2468,0.0,0,50,1306,False
1018,plain,y,GCA_000364165_Protein1736,0.0,0,50,282,False
1019,plain,y,GCA_000315545_Protein1609,0.0,0,50,420,False
1020,plain,y,GCA_000320405_Protein1327,0.0,0,50,280,False
1021,plain,y,GCA_000320405_Protein2552,0.0,0,50,422,False
1022,plain,y,GCA_000473995_Protein1249,0.0,0,50,627,False
1023,plain,y,GCA_000488855_Protein1283,0.0,0,50,489,False
1024,plain,y,GCA_000493795_Protein1040,0.0,0,50,1306,False
1025,plain,y,GCA_000439915_Protein1203,0.0,0,50,910,False
1026,plain,y,GCA_000455285_Protein1170,0.0,0,50,140,False
1027,plain,y,GCA_000463115_Protein2413,0.0,0,50,140,False
1028,plain,y,GCA_000467935_Protein1206,0.0,0,50,210,False
1029,plain,y,GCA_000467935_Protein1567,0.0,0,50,420,False
1030,plain,y,GCA_000381065_Protein2483,0.0,0,50,1154,False
1031,plain,y,GCA_000383295_Protein1972,0.0,0,50,420,False
1032,plain,y,GCA_000383295_Protein2404,0.0,0,50,432,False
1033,plain,y,GCA_000364165_Protein2595,0.0,0,50,1041,False
1034,plain,y,GCA_000364245_Protein2488,0.0,0,50,292,False
1035,plain,y,GCA_000371425_Protein4534,0.0,0,50,762,False
1036,plain,y,GCA_000469625_Protein1020,0.0,0,50,420,False
1037,plain,y,GCA_000469625_Protein4724,0.0,0,50,770,False
1038,plain,y,GCA_000398925_Protein161,0.0,0,50,2697,False
1039,plain,y,GCA_000398925_Protein2293,0.0,0,50,1662,False
1040,plain,y,GCA_000398925_Protein2926,0.0,0,50,144,False
1041,plain,y,GCA_000384195_Protein1634,0.0,0,50,558,False
1042,plain,y,GCA_000389635_Protein632,0.0,0,50,1260,False
1043,plain,y,GCA_000392595_Protein391,0.0,0,50,70,False
1044,plain,y,GCA_000398925_Protein1346,0.0,0,50,280,False
1045,plain,y,GCA_000378405_Protein1425,0.0,0,50,210,False
1046,plain,y,GCA_000313565_Protein2662,0.0,0,50,70,False
1047,plain,y,GCA_000315365_Protein1994,0.0,0,50,210,False
1048,plain,y,GCA_000315365_Protein413,0.0,0,50,422,False
1049,plain,y,GCA_000315505_Protein1142,0.0,0,50,2490,False
1050,plain,y,GCA_000315505_Protein550,0.0,0,50,696,False
1051,plain,y,GCA_000307265_Protein2315,0.0,0,50,1029,False
1052,plain,y,GCA_000309845_Protein1834,0.0,0,50,280,False
1053,plain,y,GCA_000309845_Protein2857,0.0,0,50,696,False
1054,plain,y,GCA_000403435_Protein291,0.0,0,50,280,False
1055,plain,y,GCA_000407245_Protein3607,0.0,0,50,2838,False
1056,plain,y,GCA_000407585_Protein1330,0.0,0,50,420,False
1057,plain,y,GCA_000407585_Protein2114,0.0,0,50,213,False
1058,plain,y,GCA_000411335_Protein2608,0.0,0,50,350,False
1059,plain,y,GCA_000622005_Protein2380,0.0,0,50,422,False
1060,plain,y,GCA_000622005_Protein2539,0.0,0,50,213,False
1061,plain,y,GCA_000686125_Protein2667,0.0,0,50,210,False
1062,plain,y,ERR844048__NODE_10_length_37687_cov_29.234481_31,0.0,0,50,140,False
1063,plain,y,ERR844048__NODE_7_length_39475_cov_13.166210_64,0.0,0,50,140,False
1064,plain,y,ERR844046__NODE_8_length_35798_cov_598.689226_45,0.0,0,50,213,False
1065,plain,y,GCA_000421965_Protein2237,0.0,0,50,830,False
1066,plain,y,GCA_000421965_Protein3409,0.0,0,50,350,False
1067,plain,y,GCA_000426625_Protein1603,0.0,0,50,972,False
1068,plain,y,GCA_000437395_Protein376,0.0,0,50,1092,False
1069,plain,y,GCA_000439915_Protein1059,0.0,0,50,213,False
1070,plain,y,ERR844043__NODE_16_length_29103_cov_17.216194_33,0.0,0,50,213,False
1071,plain,y,ERR844043__NODE_18_length_26689_cov_9.138845_25,0.0,0,50,354,False
1072,plain,y,ERR844049__NODE_46_length_6199_cov_4.545247_8,0.0,0,50,286,False
1073,plain,y,ERR844049__NODE_8_length_33730_cov_12.116437_43,0.0,0,50,351,False
1074,plain,y,ERR844050__NODE_6_length_38026_cov_25.748641_54,0.0,0,50,765,False
1075,plain,y,ERR844051__NODE_4_length_19021_cov_14.220289_12,0.0,0,50,700,False
1076,plain,y,ERR844047__NODE_46_length_7805_cov_17.133419_3,0.0,0,50,140,False
1077,plain,y,ERR844047__NODE_5_length_52761_cov_11.692616_74,0.0,0,50,1096,False
1078,plain,y,GCA_000468015_Protein715,0.0,0,50,1794,False
1079,plain,y,GCA_000412335_Protein1436,0.0,0,50,140,False
1080,plain,y,ERR844043__NODE_53_length_9050_cov_6.456698_20,0.0,0,50,1224,False
1081,plain,y,ERR844043__NODE_67_length_7652_cov_3.920495_6,0.0,0,50,282,False
1082,plain,y,ERR844043__NODE_6_length_48750_cov_104.142109_24,0.0,0,50,140,False
1083,plain,y,ERR844044__NODE_10_length_21452_cov_7.610319_20,0.0,0,50,282,False
1084,plain,y,ERR844041__NODE_89_length_9320_cov_4.168699_8,0.0,0,50,489,False
1085,plain,y,ERR844042__NODE_9_length_7599_cov_6.155885_11,0.0,0,50,898,False
1086,plain,y,ERR844046__NODE_12_length_26488_cov_35.361404_14,0.0,0,50,286,False
1087,plain,y,ERR844046__NODE_12_length_26488_cov_35.361404_15,0.0,0,50,286,False
1088,plain,y,ERR844046__NODE_19_length_20795_cov_20.744744_9,0.0,0,50,626,False
1089,plain,y,ERR844043__NODE_33_length_13130_cov_84.873117_11,0.0,0,50,282,False
1090,plain,y,GCA_000526995_Protein1188,0.0,0,50,558,False
1091,plain,y,GCA_000612845_Protein115,0.0,0,50,762,False
1092,plain,y,GCA_000612845_Protein2770,0.0,0,50,1306,False
1093,plain,y,GCA_000504685_Protein2034,0.0,0,50,140,False
1094,plain,y,ERR844046__NODE_27_length_16462_cov_8.215823_26,0.0,0,50,282,False
1095,plain,y,ERR844046__NODE_38_length_13064_cov_8.329618_16,0.0,0,50,213,False
1096,plain,y,ERR844046__NODE_3_length_57636_cov_21.792883_25,0.0,0,50,1096,False
1097,plain,y,ERR844046__NODE_3_length_57636_cov_21.792883_37,0.0,0,50,694,False
1098,plain,y,ERR844046__NODE_3_length_57636_cov_21.792883_47,0.0,0,50,420,False
1099,plain,y,ERR844046__NODE_3_length_57636_cov_21.792883_51,0.0,0,50,1092,False
1100,plain,y,ERR844046__NODE_10_length_29767_cov_15.231388_38,0.0,0,50,144,False
1101,plain,y,ERR844046__NODE_10_length_29767_cov_15.231388_42,0.0,0,50,2600,False
1102,plain,y,ERR844038__NODE_4_length_43353_cov_34.769643_63,0.0,0,50,282,False
1103,plain,y,ERR844041__NODE_10_length_41476_cov_34.498733_11,0.0,0,50,351,False
1104,plain,y,ERR844035__NODE_25_length_14241_cov_21.915762_10,0.0,0,50,1468,False
1105,plain,y,ERR844036__NODE_11_length_26868_cov_45.014993_21,0.0,0,50,280,False
1106,plain,y,ERR844036__NODE_1_length_150835_cov_137.051970_113,0.0,0,50,1110,False
1107,plain,y,ERR844036__NODE_33_length_7987_cov_7.352370_2,0.0,0,50,210,False
1108,plain,y,ERR844036__NODE_42_length_6192_cov_5.124491_5,0.0,0,50,1659,False
1109,plain,y,ERR844046__NODE_24_length_18200_cov_26.211298_9,0.0,0,50,828,False
1110,plain,y,GCA_000686125_Protein2936,0.0,0,50,2114,False
1111,plain,y,GCA_000686145_Protein2244,0.0,0,50,144,False
1112,plain,y,GCA_000701545_Protein235,0.0,0,50,70,False
1113,plain,y,GCA_000620945_Protein1858,0.0,0,50,420,False
1114,plain,y,GCA_000620945_Protein91,0.0,0,50,280,False
1115,plain,y,GCA_000526495_Protein698,0.0,0,50,218,False
1116,plain,y,GCA_000526995_Protein1063,0.0,0,50,140,False
1117,plain,y,ERR844037__NODE_4_length_36359_cov_11.134117_39,0.0,0,50,144,False
1118,plain,y,GCA_001047375_Protein533,0.0,0,50,210,False
1119,plain,y,GCA_001047375_Protein909,0.0,0,50,2302,False
1120,plain,y,GCA_001244545_Protein2739,0.0,0,50,144,False
1121,plain,y,GCA_001020705_Protein726,0.0,0,50,2170,False
1122,plain,y,GCA_001022195_Protein5824,0.0,0,50,140,False
1123,plain,y,GCA_001029295_Protein489,0.0,0,50,1155,False
1124,plain,y,GCA_001045675_Protein1772,0.0,0,50,696,False
1125,plain,y,GCA_001045675_Protein414,0.0,0,50,213,False
1126,plain,y,GCA_000751675_Protein3667,0.0,0,50,420,False
1127,plain,y,GCA_000751675_Protein3931,0.0,0,50,426,False
1128,plain,y,GCA_000751675_Protein76,0.0,0,50,210,False
1129,plain,y,GCA_000701665_Protein287,0.0,0,50,351,False
1130,plain,y,GCA_000702985_Protein3167,0.0,0,50,140,False
1131,plain,y,GCA_000705335_Protein1131,0.0,0,50,696,False
1132,plain,y,GCA_000711235_Protein2719,0.0,0,50,213,False
1133,plain,y,GCA_000712055_Protein1179,0.0,0,50,560,False
1134,plain,y,GCA_000751675_Protein872,0.0,0,50,694,False
1135,plain,y,GCA_000758885_Protein1131,0.0,0,50,700,False
1136,plain,y,GCA_000758885_Protein983,0.0,0,50,966,False
1137,plain,y,GCA_000758905_Protein1286,0.0,0,50,770,False
1138,plain,y,GCA_000758925_Protein907,0.0,0,50,493,False
1139,plain,y,GCA_000759795_Protein153,0.0,0,50,490,False
1140,plain,y,GCA_000759795_Protein3179,0.0,0,50,140,False
1141,plain,y,GCA_000723505_Protein2178,0.0,0,50,286,False
1142,plain,y,GCA_000507865_Protein608,0.0,0,50,560,False
1143,plain,y,GCA_000508905_Protein4423,0.0,0,50,286,False
1144,plain,y,GCA_000512915_Protein1324,0.0,0,50,210,False
1145,plain,y,GCA_000789395_Protein240,0.0,0,50,210,False
1146,plain,y,GCA_000789395_Protein700,0.0,0,50,1646,False
1147,plain,y,GCA_000799075_Protein2243,0.0,0,50,1386,False
1148,plain,y,GCA_000802095_Protein2052,0.0,0,50,694,False
1149,plain,y,GCA_000802095_Protein2649,0.0,0,50,770,False
1150,plain,y,ERR844041__NODE_185_length_5109_cov_14.390780_9,0.0,0,50,286,False
1151,plain,y,ERR844041__NODE_186_length_5092_cov_3.508041_5,0.0,0,50,420,False
1152,plain,y,ERR844036__NODE_7_length_34404_cov_21.957262_49,0.0,0,50,558,False
1153,plain,y,GCA_000968375_Protein1216,0.0,0,50,280,False
1154,plain,y,GCA_000968375_Protein2641,0.0,0,50,280,False
1155,plain,y,GCA_001020705_Protein167,0.0,0,50,2235,False
1156,plain,y,GCA_001020705_Protein204,0.0,0,50,140,False
1157,plain,y,GCA_001020705_Protein3238,0.0,0,50,140,False
1158,plain,y,ERR844041__NODE_25_length_23965_cov_8.583563_43,0.0,0,50,213,False
1159,plain,y,ERR844041__NODE_28_length_23732_cov_45.596993_11,0.0,0,50,972,False
1160,plain,y,ERR844041__NODE_38_length_21172_cov_16.833546_21,0.0,0,50,144,False
1161,plain,y,ERR844041__NODE_41_length_18944_cov_7.406692_13,0.0,0,50,351,False
1162,plain,y,ERR844041__NODE_48_length_15939_cov_16.423949_26,0.0,0,50,359,False
1163,plain,y,ERR844041__NODE_4_length_51812_cov_38.495373_59,0.0,0,50,1902,False
1164,plain,y,ERR844041__NODE_13_length_40016_cov_68.656640_73,0.0,0,50,630,False
1165,plain,y,ERR844041__NODE_167_length_5545_cov_4.417668_9,0.0,0,50,493,False
1166,plain,y,ERR844030__NODE_107_length_5535_cov_11.607847_6,0.0,0,50,218,False
1167,plain,y,ERR844027__NODE_8_length_25668_cov_55.256003_37,0.0,0,50,420,False
1168,plain,y,ERR844028__NODE_11_length_14339_cov_9.890577_11,0.0,0,50,350,False
1169,plain,y,ERR844028__NODE_1_length_67341_cov_27.050664_25,0.0,0,50,351,False
1170,plain,y,ERR844028__NODE_4_length_27813_cov_12.224296_39,0.0,0,50,140,False
1171,plain,y,ERR844028__NODE_4_length_27813_cov_12.224296_46,0.0,0,50,140,False
1172,plain,y,ERR844028__NODE_4_length_27813_cov_12.224296_6,0.0,0,50,560,False
1173,plain,y,ERR844041__NODE_25_length_23965_cov_8.583563_34,0.0,0,50,213,False
1174,plain,y,GCA_001045675_Protein899,0.0,0,50,280,False
1175,plain,y,GCA_000961585_Protein3133,0.0,0,50,903,False
1176,plain,y,GCA_000961765_Protein3376,0.0,0,50,1752,False
1177,plain,y,ERR844029__NODE_5_length_35968_cov_15.044803_46,0.0,0,50,694,False
1178,plain,y,ERR844029__NODE_9_length_17141_cov_10.548929_7,0.0,0,50,762,False
1179,plain,y,ERR844030__NODE_105_length_5758_cov_17.209013_7,0.0,0,50,354,False
1180,plain,y,ERR844030__NODE_105_length_5758_cov_17.209013_8,0.0,0,50,282,False
1181,plain,y,ERR844030__NODE_105_length_5758_cov_17.209013_9,0.0,0,50,282,False
1182,plain,y,GCA_001244545_Protein2811,0.0,0,50,210,False
1183,plain,y,GCA_001244995_Protein1577,0.0,0,50,210,False
1184,plain,y,GCA_001276105_Protein1212,0.0,0,50,70,False
1185,plain,y,GCA_001277215_Protein1386,0.0,0,50,210,False
1186,plain,y,GCA_001277215_Protein1926,0.0,0,50,140,False
1187,plain,y,GCA_001758365_Protein145,0.0,0,50,2240,False
1188,plain,y,GCA_001885735_Protein907,0.0,0,50,3441,False
1189,plain,y,GCA_001885945_Protein1037,0.0,0,50,350,False
1190,plain,y,GCA_001405075_Protein425,0.0,0,50,895,False
1191,plain,y,GCA_001277255_Protein3944,0.0,0,50,1646,False
1192,plain,y,GCA_001282685_Protein1564,0.0,0,50,765,False
1193,plain,y,GCA_001282685_Protein1805,0.0,0,50,840,False
1194,plain,y,GCA_001282685_Protein63,0.0,0,50,840,False
1195,plain,y,GCA_001294465_Protein578,0.0,0,50,210,False
1196,plain,y,GCA_001311035_Protein1264,0.0,0,50,218,False
1197,plain,y,GCA_001312405_Protein2286,0.0,0,50,282,False
1198,plain,y,GCA_001438705_Protein1105,0.0,0,50,630,False
1199,plain,y,GCA_001438705_Protein709,0.0,0,50,830,False
1200,plain,y,GCA_001440545_Protein1930,0.0,0,50,70,False
1201,plain,y,GCA_001484765_Protein2855,0.0,0,50,210,False
1202,plain,y,GCA_001317355_Protein1417,0.0,0,50,1374,False
1203,plain,y,GCA_001317355_Protein3956,0.0,0,50,830,False
1204,plain,y,GCA_001403635_Protein2733,0.0,0,50,627,False
1205,plain,y,GCA_001405075_Protein1589,0.0,0,50,213,False
1206,plain,y,GCA_000816675_Protein2044,0.0,0,50,489,False
1207,plain,y,GCA_000820705_Protein1708,0.0,0,50,210,False
1208,plain,y,GCA_000820705_Protein2343,0.0,0,50,627,False
1209,plain,y,GCA_000820765_Protein1229,0.0,0,50,1565,False
1210,plain,y,GCA_000961575_Protein3224,0.0,0,50,210,False
1211,plain,y,GCA_001436125_Protein32,0.0,0,50,213,False
1212,plain,y,GCA_001436125_Protein741,0.0,0,50,210,False
1213,plain,y,GCA_001436375_Protein296,0.0,0,50,560,False
1214,plain,y,GCA_002159835_Protein3435,0.0,0,50,493,False
1215,plain,y,GCA_002159835_Protein3813,0.0,0,50,630,False
1216,plain,y,GCA_002159835_Protein398,0.0,0,50,420,False
1217,plain,y,GCA_002127665_Protein247,0.0,0,50,144,False
1218,plain,y,GCA_002140915_Protein565,0.0,0,50,558,False
1219,plain,y,GCA_002159175_Protein1119,0.0,0,50,350,False
1220,plain,y,GCA_002159225_Protein3188,0.0,0,50,630,False
1221,plain,y,GCA_002159265_Protein2523,0.0,0,50,354,False
1222,plain,y,GCA_001521715_Protein2924,0.0,0,50,140,False
1223,plain,y,GCA_001536305_Protein1604,0.0,0,50,2050,False
1224,plain,y,GCA_001559865_Protein1256,0.0,0,50,490,False
1225,plain,y,GCA_001559865_Protein3266,0.0,0,50,420,False
1226,plain,y,GCA_002159555_Protein62,0.0,0,50,1364,False
1227,plain,y,GCA_002159555_Protein656,0.0,0,50,558,False
1228,plain,y,GCA_002159835_Protein1390,0.0,0,50,1731,False
1229,plain,y,GCA_002159835_Protein1952,0.0,0,50,282,False
1230,plain,y,GCA_001559865_Protein3986,0.0,0,50,1620,False
1231,plain,y,GCA_001594005_Protein172,0.0,0,50,2697,False
1232,plain,y,GCA_001598315_Protein1837,0.0,0,50,140,False
1233,plain,y,GCA_001598855_Protein282,0.0,0,50,140,False
1234,plain,y,GCA_001643775_Protein42,0.0,0,50,354,False
1235,plain,y,GCA_001652705_Protein129,0.0,0,50,351,False
1236,plain,y,GCA_001652705_Protein2630,0.0,0,50,627,False
1237,plain,y,GCA_001521715_Protein2355,0.0,0,50,70,False
1238,plain,y,GCA_001885945_Protein776,0.0,0,50,696,False
1239,plain,y,GCA_001885945_Protein926,0.0,0,50,1190,False
1240,plain,y,GCA_001886195_Protein1459,0.0,0,50,1092,False
1241,plain,y,GCA_001654985_Protein2849,0.0,0,50,627,False
1242,plain,y,GCA_001678845_Protein1989,0.0,0,50,1778,False
1243,plain,y,GCA_001683335_Protein1604,0.0,0,50,2421,False
1244,plain,y,GCA_001735765_Protein2738,0.0,0,50,2190,False
1245,plain,y,GCA_001735765_Protein3037,0.0,0,50,351,False
1246,plain,y,GCA_002127545_Protein1309,0.0,0,50,70,False
1247,plain,y,GCA_002127545_Protein296,0.0,0,50,140,False
1248,plain,y,GCA_001886195_Protein313,0.0,0,50,2610,False
1249,plain,y,GCA_001975225_Protein3386,0.0,0,50,140,False
1250,plain,y,GCA_002003305_Protein444,0.0,0,50,1025,False
1251,plain,y,GCA_002006345_Protein2102,0.0,0,50,700,False
1252,plain,y,GCA_002222595_Protein2534,0.0,0,50,422,False
1253,plain,y,GCA_002222595_Protein542,0.0,0,50,354,False
1254,plain,y,ERR844030__NODE_50_length_10627_cov_85.403424_12,0.0,0,50,564,False
1255,plain,y,ERR844030__NODE_52_length_10435_cov_11.197013_12,0.0,0,50,490,False
1256,plain,y,ERR844030__NODE_62_length_8643_cov_5.642059_13,0.0,0,50,351,False
1257,plain,y,ERR844029__NODE_13_length_10930_cov_8.117609_2,0.0,0,50,894,False
1258,plain,y,ERR844029__NODE_13_length_10930_cov_8.117609_7,0.0,0,50,420,False
1259,plain,y,GCA_002008265_Protein905,0.0,0,50,830,False
1260,plain,y,GCA_002017865_Protein513,0.0,0,50,140,False
1261,plain,y,GCA_002127535_Protein3177,0.0,0,50,626,False
1262,plain,y,ERR844018__NODE_19_length_15431_cov_6.456296_3,0.0,0,50,210,False
1263,plain,y,ERR844018__NODE_20_length_15241_cov_10.154287_19,0.0,0,50,359,False
1264,plain,y,ERR844018__NODE_20_length_15241_cov_10.154287_5,0.0,0,50,70,False
1265,plain,y,ERR844018__NODE_3_length_58289_cov_350.093433_68,0.0,0,50,280,False
1266,plain,y,ERR844030__NODE_96_length_6089_cov_12.752900_11,0.0,0,50,626,False
1267,plain,y,ERR844031__NODE_14_length_9179_cov_24.628781_3,0.0,0,50,1818,False
1268,plain,y,ERR844031__NODE_29_length_5360_cov_8.314420_3,0.0,0,50,140,False
1269,plain,y,ERR844030__NODE_26_length_17144_cov_24.699397_17,0.0,0,50,140,False
1270,plain,y,GCA_002159265_Protein3248,0.0,0,50,490,False
1271,plain,y,GCA_002008265_Protein17,0.0,0,50,280,False
1272,plain,y,ERR844018__NODE_5_length_51223_cov_305.528201_45,0.0,0,50,422,False
1273,plain,y,ERR844018__NODE_9_length_33736_cov_10.463585_34,0.0,0,50,213,False
1274,plain,y,ERR844018__NODE_9_length_33736_cov_10.463585_36,0.0,0,50,213,False
1275,plain,y,ERR844020__NODE_38_length_5154_cov_4.316729_14,0.0,0,50,627,False
1276,plain,y,ERR844020__NODE_38_length_5154_cov_4.316729_7,0.0,0,50,627,False
1277,plain,y,ERR844017__NODE_8_length_14072_cov_9.014910_4,0.0,0,50,420,False
1278,plain,y,ERR844021__NODE_5_length_22047_cov_6.668834_31,0.0,0,50,140,False
1279,plain,y,ERR844021__NODE_6_length_17988_cov_17.662633_12,0.0,0,50,761,False
1280,plain,y,ERR844022__NODE_5_length_18435_cov_12.398803_15,0.0,0,50,140,False
1281,plain,y,ERR844018__NODE_42_length_6642_cov_4.573099_5,0.0,0,50,213,False
1282,plain,y,GCA_002160815_Protein348,0.0,0,50,354,False
1283,plain,y,GCA_002161175_Protein1789,0.0,0,50,351,False
1284,plain,y,GCA_002161175_Protein2798,0.0,0,50,1480,False
1285,plain,y,GCA_002161175_Protein961,0.0,0,50,2421,False
1286,plain,y,ERR844012__NODE_14_length_19265_cov_12.185372_31,0.0,0,50,282,False
1287,plain,y,ERR844012__NODE_36_length_8403_cov_4.830858_9,0.0,0,50,213,False
1288,plain,y,ERR844012__NODE_38_length_7500_cov_32.994090_11,0.0,0,50,498,False
1289,plain,y,ERR844012__NODE_5_length_35120_cov_8.373563_45,0.0,0,50,282,False
1290,plain,y,ERR844025__NODE_5_length_58177_cov_582.671931_50,0.0,0,50,213,False
1291,plain,y,ERR844025__NODE_6_length_56467_cov_256.791941_60,0.0,0,50,635,False
1292,plain,y,ERR844027__NODE_10_length_23273_cov_193.997588_14,0.0,0,50,1297,False
1293,plain,y,ERR844027__NODE_5_length_34511_cov_68.541067_58,0.0,0,50,2235,False
1294,plain,y,GCA_002222595_Protein1678,0.0,0,50,696,False
1295,plain,y,GCA_002160815_Protein1586,0.0,0,50,1029,False
1296,plain,y,ERR844013__NODE_1_length_77094_cov_609.368541_40,0.0,0,50,140,False
1297,plain,y,ERR844013__NODE_1_length_77094_cov_609.368541_44,0.0,0,50,489,False
1298,plain,y,ERR844013__NODE_30_length_10544_cov_6.580513_13,0.0,0,50,280,False
1299,plain,y,ERR844013__NODE_31_length_10541_cov_6.965859_11,0.0,0,50,140,False
1300,plain,y,ERR844011__NODE_10_length_9055_cov_17.481000_4,0.0,0,50,140,False
1301,plain,y,ERR844011__NODE_9_length_9273_cov_24.560425_12,0.0,0,50,489,False
1302,plain,y,GCA_002224645_Protein3407,0.0,0,50,420,False
1303,plain,y,GCA_002243385_Protein40,0.0,0,50,972,False
1304,plain,y,GCA_002250835_Protein3548,0.0,0,50,1306,False
1305,plain,y,GCA_002161235_Protein441,0.0,0,50,213,False
1306,plain,y,GCA_002161235_Protein815,0.0,0,50,351,False
1307,plain,y,GCA_002161555_Protein2176,0.0,0,50,218,False
1308,plain,y,GCA_002161555_Protein361,0.0,0,50,359,False
1309,plain,y,GCA_002222595_Protein1154,0.0,0,50,351,False
1310,plain,y,GCA_002251295_Protein2143,0.0,0,50,354,False
1311,plain,y,GCA_002251435_Protein1693,0.0,0,50,359,False
1312,plain,y,GCA_003265305_Protein194,0.0,0,50,213,False
1313,plain,y,GCA_003269275_Protein1824,0.0,0,50,354,False
1314,plain,y,GCA_003288255_Protein1414,0.0,0,50,1179,False
1315,plain,y,GCA_003363435_Protein2691,0.0,0,50,350,False
1316,plain,y,GCA_003363435_Protein702,0.0,0,50,351,False
1317,plain,y,GCA_003208175_Protein1284,0.0,0,50,420,False
1318,plain,y,GCA_002270465_Protein619,0.0,0,50,140,False
1319,plain,y,GCA_002270465_Protein907,0.0,0,50,70,False
1320,plain,y,GCA_002389905_Protein1238,0.0,0,50,282,False
1321,plain,y,GCA_002549855_Protein1115,0.0,0,50,426,False
1322,plain,y,GCA_002251225_Protein2101,0.0,0,50,144,False
1323,plain,y,GCA_002251225_Protein2782,0.0,0,50,1034,False
1324,plain,y,GCA_002251245_Protein1646,0.0,0,50,354,False
1325,plain,y,GCA_002251245_Protein786,0.0,0,50,282,False
1326,plain,y,GCA_002915515_Protein2891,0.0,0,50,140,False
1327,plain,y,GCA_002915515_Protein404,0.0,0,50,213,False
1328,plain,y,GCA_002549855_Protein2458,0.0,0,50,420,False
1329,plain,y,GCA_002560985_Protein2139,0.0,0,50,630,False
1330,plain,y,GCA_002632825_Protein1141,0.0,0,50,213,False
1331,plain,y,GCA_002724055_Protein1914,0.0,0,50,3482,False
1332,plain,y,GCA_002895535_Protein3039,0.0,0,50,489,False
1333,plain,y,GCA_002270465_Protein2358,0.0,0,50,489,False
1334,plain,y,GCA_002159835_Protein84,0.0,0,50,210,False
1335,plain,y,GCA_002160325_Protein542,0.0,0,50,834,False
1336,plain,y,GCA_002160755_Protein1657,0.0,0,50,903,False
1337,plain,y,GCA_002160755_Protein1936,0.0,0,50,70,False
1338,plain,y,GCA_002896995_Protein3078,0.0,0,50,558,False
1339,plain,y,GCA_002904165_Protein1577,0.0,0,50,2390,False
1340,plain,y,GCA_002904165_Protein26,0.0,0,50,966,False
1341,plain,y,GCA_002904165_Protein371,0.0,0,50,700,False
1342,plain,y,ERR844015__NODE_1_length_40732_cov_16.278044_13,0.0,0,50,70,False
1343,plain,y,ERR844015__NODE_20_length_7132_cov_6.159955_3,0.0,0,50,70,False
1344,plain,y,ERR844015__NODE_2_length_37539_cov_46.550261_59,0.0,0,50,493,False
1345,plain,y,ERR844015__NODE_32_length_5056_cov_13.455309_5,0.0,0,50,420,False
1346,plain,y,ERR844013__NODE_15_length_17940_cov_30.720157_11,0.0,0,50,210,False
1347,plain,y,GCA_003020045_Protein386,0.0,0,50,213,False
1348,plain,y,GCA_003024715_Protein1696,0.0,0,50,1646,False
1349,plain,y,GCA_003129525_Protein1096,0.0,0,50,282,False
1350,plain,y,ERR844015__NODE_8_length_13918_cov_8.413258_9,0.0,0,50,354,False
1351,plain,y,ERR844016__NODE_40_length_5800_cov_7.092254_10,0.0,0,50,564,False
1352,plain,y,ERR844016__NODE_40_length_5800_cov_7.092254_7,0.0,0,50,627,False
1353,plain,y,ERR844016__NODE_5_length_52531_cov_1990.188048_75,0.0,0,50,489,False
1354,plain,y,ERR844016__NODE_5_length_52531_cov_1990.188048_76,0.0,0,50,966,False
1355,plain,y,ERR844013__NODE_47_length_7829_cov_8.457422_8,0.0,0,50,280,False
1356,plain,y,ERR844013__NODE_52_length_7296_cov_6.048612_10,0.0,0,50,140,False
1357,plain,y,ERR844013__NODE_8_length_24575_cov_58.547186_5,0.0,0,50,282,False
1358,plain,y,ERR844003__NODE_4_length_38850_cov_170.127980_50,0.0,0,50,70,False
1359,plain,y,ERR844001__NODE_3_length_43577_cov_101.835876_32,0.0,0,50,210,False
1360,plain,y,ERR844001__NODE_80_length_5456_cov_4.598593_5,0.0,0,50,505,False
1361,plain,y,ERR844001__NODE_8_length_39945_cov_54.476711_32,0.0,0,50,213,False
1362,plain,y,ERR844001__NODE_8_length_39945_cov_54.476711_42,0.0,0,50,828,False
1363,plain,y,ERR844001__NODE_8_length_39945_cov_54.476711_5,0.0,0,50,696,False
1364,plain,y,ERR844015__NODE_4_length_27423_cov_11.301958_6,0.0,0,50,144,False
1365,plain,y,ERR844015__NODE_8_length_13918_cov_8.413258_7,0.0,0,50,422,False
1366,plain,y,GCA_003208175_Protein3255,0.0,0,50,898,False
1367,plain,y,GCA_003254255_Protein1991,0.0,0,50,627,False
1368,plain,y,GCA_003265305_Protein1297,0.0,0,50,140,False
1369,plain,y,GCA_002998925_Protein989,0.0,0,50,630,False
1370,plain,y,GCA_003020045_Protein1955,0.0,0,50,560,False
1371,plain,y,ERR844003__NODE_24_length_11002_cov_10.231479_11,0.0,0,50,140,False
1372,plain,y,ERR844003__NODE_3_length_39321_cov_496.288239_25,0.0,0,50,696,False
1373,plain,y,ERR844003__NODE_47_length_7808_cov_4.072230_11,0.0,0,50,420,False
1374,plain,y,GCA_003433795_Protein2176,0.0,0,50,280,False
1375,plain,y,GCA_003433795_Protein425,0.0,0,50,350,False
1376,plain,y,GCA_003434055_Protein4473,0.0,0,50,351,False
1377,plain,y,GCA_003481705_Protein1679,0.0,0,50,140,False
1378,plain,y,GCA_003481825_Protein219,0.0,0,50,351,False
1379,plain,y,GCA_003481825_Protein2514,0.0,0,50,3360,False
1380,plain,y,GCA_003481825_Protein779,0.0,0,50,282,False
1381,plain,y,GCA_003574295_Protein123,0.0,0,50,282,False
1382,plain,y,GCA_003434585_Protein1862,0.0,0,50,5049,False
1383,plain,y,GCA_003434585_Protein80,0.0,0,50,420,False
1384,plain,y,GCA_003435055_Protein2522,0.0,0,50,626,False
1385,plain,y,GCA_003435055_Protein769,0.0,0,50,770,False
1386,plain,y,GCA_003435485_Protein1094,0.0,0,50,282,False
1387,plain,y,GCA_003435485_Protein2729,0.0,0,50,140,False
1388,plain,y,GCA_003363435_Protein899,0.0,0,50,282,False
1389,plain,y,GCA_003433745_Protein1860,0.0,0,50,144,False
1390,plain,y,GCA_003465835_Protein1753,0.0,0,50,422,False
1391,plain,y,GCA_003472745_Protein655,0.0,0,50,490,False
1392,plain,y,GCA_003435485_Protein3717,0.0,0,50,762,False
1393,plain,y,GCA_003435485_Protein4774,0.0,0,50,834,False
1394,plain,y,GCA_003460605_Protein2903,0.0,0,50,696,False
1395,plain,y,GCA_003461525_Protein1994,0.0,0,50,282,False
1396,plain,y,GCA_003463065_Protein2142,0.0,0,50,213,False
1397,plain,y,GCA_003434585_Protein1779,0.0,0,50,210,False
1398,plain,y,GCA_002915515_Protein564,0.0,0,50,213,False
1399,plain,y,GCA_002984195_Protein2018,0.0,0,50,218,False
1400,plain,y,GCA_002998295_Protein442,0.0,0,50,770,False
1401,plain,y,GCA_002998925_Protein214,0.0,0,50,351,False
1402,plain,y,GCA_003464085_Protein4059,0.0,0,50,490,False
1403,plain,y,GCA_003464085_Protein4228,0.0,0,50,213,False
1404,plain,y,GCA_003464355_Protein1861,0.0,0,50,426,False
1405,plain,y,GCA_003464355_Protein3056,0.0,0,50,280,False
1406,plain,y,ERR844005__NODE_6_length_21642_cov_13.769908_3,0.0,0,50,1170,False
1407,plain,y,ERR844002__NODE_39_length_6852_cov_6.168015_8,0.0,0,50,420,False
1408,plain,y,GCA_003477885_Protein197,0.0,0,50,694,False
1409,plain,y,GCA_003478405_Protein1262,0.0,0,50,213,False
1410,plain,y,GCA_003478405_Protein778,0.0,0,50,1029,False
1411,plain,y,GCA_003478995_Protein1296,0.0,0,50,694,False
1412,plain,y,GCA_003473525_Protein1184,0.0,0,50,765,False
1413,plain,y,GCA_003473525_Protein2184,0.0,0,50,420,False
1414,plain,y,ERR844010__NODE_2_length_152158_cov_215.774554_76,0.0,0,50,213,False
1415,plain,y,ERR844010__NODE_30_length_11674_cov_8.109218_15,0.0,0,50,1096,False
1416,plain,y,ERR844010__NODE_37_length_10103_cov_31.993531_9,0.0,0,50,210,False
1417,plain,y,ERR844010__NODE_45_length_7261_cov_6.939634_10,0.0,0,50,422,False
1418,plain,y,ERR844010__NODE_4_length_60727_cov_747.042161_68,0.0,0,50,351,False
1419,plain,y,ERR844004__NODE_3_length_53257_cov_47.882260_2,0.0,0,50,286,False
1420,plain,y,ERR844004__NODE_45_length_5187_cov_5.035269_7,0.0,0,50,210,False
1421,plain,y,ERR844004__NODE_8_length_36364_cov_35.059958_27,0.0,0,50,286,False
1422,plain,y,ERR843995__NODE_7_length_29485_cov_13.040095_10,0.0,0,50,140,False
1423,plain,y,ERR843994__NODE_12_length_5153_cov_5.427815_6,0.0,0,50,765,False
1424,plain,y,ERR843994__NODE_2_length_43518_cov_100.699929_10,0.0,0,50,282,False
1425,plain,y,ERR843994__NODE_2_length_43518_cov_100.699929_55,0.0,0,50,359,False
1426,plain,y,ERR843994__NODE_4_length_16096_cov_10.901502_26,0.0,0,50,75,False
1427,plain,y,ERR843995__NODE_12_length_19020_cov_14.868495_8,0.0,0,50,765,False
1428,plain,y,ERR843995__NODE_16_length_13809_cov_8.636615_9,0.0,0,50,1330,False
1429,plain,y,ERR843995__NODE_1_length_46255_cov_195.185974_64,0.0,0,50,351,False
1430,plain,y,GCA_003574295_Protein517,0.0,0,50,558,False
1431,plain,y,GCA_003478995_Protein424,0.0,0,50,420,False
1432,plain,y,GCA_003480315_Protein1027,0.0,0,50,286,False
1433,plain,y,GCA_003480315_Protein2307,0.0,0,50,626,False
1434,plain,y,GCA_003481535_Protein1860,0.0,0,50,210,False
1435,plain,y,ERR843995__NODE_57_length_6744_cov_6.719689_2,0.0,0,50,422,False
1436,plain,y,ERR843995__NODE_6_length_27269_cov_29.781531_18,0.0,0,50,213,False
1437,plain,y,ERR843995__NODE_6_length_27269_cov_29.781531_5,0.0,0,50,218,False
1438,plain,y,GCA_004216775_Protein991,0.0,0,50,962,False
1439,plain,y,GCA_004342745_Protein1508,0.0,0,50,140,False
1440,plain,y,GCA_004342745_Protein2314,0.0,0,50,2562,False
1441,plain,y,GCA_004342745_Protein2712,0.0,0,50,351,False
1442,plain,y,GCA_004345255_Protein2791,0.0,0,50,75,False
1443,plain,y,GCA_004346165_Protein1373,0.0,0,50,1034,False
1444,plain,y,GCA_004346165_Protein298,0.0,0,50,560,False
1445,plain,y,GCA_004103735_Protein2051,0.0,0,50,627,False
1446,plain,y,GCA_003625485_Protein286,0.0,0,50,966,False
1447,plain,y,GCA_003666485_Protein1637,0.0,0,50,1346,False
1448,plain,y,GCA_003666485_Protein2001,0.0,0,50,75,False
1449,plain,y,GCA_003612395_Protein1499,0.0,0,50,1306,False
1450,plain,y,GCA_003612395_Protein3316,0.0,0,50,350,False
1451,plain,y,GCA_004359545_Protein1753,0.0,0,50,910,False
1452,plain,y,GCA_004554775_Protein1456,0.0,0,50,140,False
1453,plain,y,GCA_004554775_Protein1468,0.0,0,50,140,False
1454,plain,y,GCA_003865095_Protein349,0.0,0,50,280,False
1455,plain,y,GCA_003865095_Protein3534,0.0,0,50,490,False
1456,plain,y,GCA_003725335_Protein38,0.0,0,50,70,False
1457,plain,y,GCA_003726015_Protein1547,0.0,0,50,1110,False
1458,plain,y,GCA_003726015_Protein507,0.0,0,50,696,False
1459,plain,y,GCA_003752615_Protein3744,0.0,0,50,140,False
1460,plain,y,GCA_003833015_Protein1663,0.0,0,50,351,False
1461,plain,y,GCA_003625485_Protein1400,0.0,0,50,898,False
1462,plain,y,GCA_003473525_Protein2513,0.0,0,50,213,False
1463,plain,y,GCA_003473525_Protein713,0.0,0,50,1782,False
1464,plain,y,GCA_003473885_Protein2052,0.0,0,50,280,False
1465,plain,y,GCA_003833015_Protein494,0.0,0,50,140,False
1466,plain,y,GCA_003858585_Protein132,0.0,0,50,558,False
1467,plain,y,GCA_003859815_Protein514,0.0,0,50,286,False
1468,plain,y,GCA_003864415_Protein1080,0.0,0,50,140,False
1469,plain,y,GCA_003864415_Protein682,0.0,0,50,2054,False
1470,plain,y,GCA_004216775_Protein2430,0.0,0,50,490,False
1471,plain,y,GCA_004216775_Protein714,0.0,0,50,762,False
1472,plain,y,GCA_003991565_Protein3778,0.0,0,50,966,False
1473,plain,y,GCA_003992005_Protein1697,0.0,0,50,422,False
1474,plain,y,GCA_004015185_Protein3398,0.0,0,50,282,False
1475,plain,y,GCA_004101825_Protein2641,0.0,0,50,354,False
1476,plain,y,GCA_004103695_Protein1849,0.0,0,50,350,False
1477,plain,y,GCA_006376615_Protein2836,0.0,0,50,282,False
1478,plain,y,ERR843997__NODE_1_length_43938_cov_973.788323_54,0.0,0,50,282,False
1479,plain,y,ERR843997__NODE_29_length_9036_cov_5.966151_5,0.0,0,50,140,False
1480,plain,y,ERR843997__NODE_31_length_6663_cov_5.041314_7,0.0,0,50,280,False
1481,plain,y,ERR843997__NODE_7_length_20334_cov_277.789536_11,0.0,0,50,560,False
1482,plain,y,ERR843997__NODE_8_length_19992_cov_296.652505_39,0.0,0,50,1900,False
1483,plain,y,ERR843998__NODE_1_length_45227_cov_137.245130_33,0.0,0,50,626,False
1484,plain,y,GCA_004216775_Protein1473,0.0,0,50,694,False
1485,plain,y,GCA_004216775_Protein1735,0.0,0,50,762,False
1486,plain,y,ERR843989__NODE_5_length_28706_cov_20.218177_3,0.0,0,50,280,False
1487,plain,y,ERR843990__NODE_10_length_26110_cov_47.040069_20,0.0,0,50,351,False
1488,plain,y,ERR843990__NODE_18_length_19676_cov_16.518322_11,0.0,0,50,140,False
1489,plain,y,ERR843999__NODE_4_length_19692_cov_6.597545_24,0.0,0,50,560,False
1490,plain,y,ERR844000__NODE_4_length_65245_cov_177.054518_22,0.0,0,50,140,False
1491,plain,y,ERR844001__NODE_19_length_18363_cov_831.474601_12,0.0,0,50,280,False
1492,plain,y,ERR844001__NODE_1_length_62522_cov_45.000432_65,0.0,0,50,493,False
1493,plain,y,ERR843995__NODE_9_length_25409_cov_17.007021_2,0.0,0,50,354,False
1494,plain,y,GCA_004103755_Protein1550,0.0,0,50,770,False
1495,plain,y,ERR843990__NODE_26_length_17497_cov_17.661220_17,0.0,0,50,350,False
1496,plain,y,ERR843990__NODE_33_length_15317_cov_234.504062_9,0.0,0,50,351,False
1497,plain,y,ERR843990__NODE_37_length_14062_cov_10.780110_5,0.0,0,50,350,False
1498,plain,y,ERR843990__NODE_46_length_11868_cov_15.375265_9,0.0,0,50,762,False
1499,plain,y,ERR843989__NODE_24_length_11029_cov_7.566156_7,0.0,0,50,898,False
1500,plain,y,ERR843989__NODE_26_length_10702_cov_27.864375_4,0.0,0,50,351,False
1501,plain,y,ERR843989__NODE_5_length_28706_cov_20.218177_19,0.0,0,50,351,False
1502,plain,y,ERR843990__NODE_5_length_40215_cov_18.623207_15,0.0,0,50,493,False
1503,plain,y,ERR843990__NODE_8_length_30998_cov_43.091038_18,0.0,0,50,558,False
1504,plain,y,ERR843990__NODE_98_length_6728_cov_4.237974_5,0.0,0,50,490,False
1505,plain,y,ERR843991__NODE_11_length_26776_cov_16.275177_20,0.0,0,50,210,False
1506,plain,y,ERR843991__NODE_11_length_26776_cov_16.275177_8,0.0,0,50,351,False
1507,plain,y,ERR843990__NODE_19_length_19475_cov_5088.767199_21,0.0,0,50,140,False
1508,plain,y,GCA_005843915_Protein1930,0.0,0,50,210,False
1509,plain,y,GCA_005845105_Protein1206,0.0,0,50,144,False
1510,plain,y,ERR843982__NODE_33_length_14449_cov_14.385647_26,0.0,0,50,354,False
1511,plain,y,ERR843982__NODE_34_length_13963_cov_8.329163_17,0.0,0,50,213,False
1512,plain,y,ERR843982__NODE_39_length_12787_cov_7.631480_14,0.0,0,50,282,False
1513,plain,y,ERR843982__NODE_52_length_9438_cov_5.182777_7,0.0,0,50,422,False
1514,plain,y,ERR843991__NODE_26_length_14068_cov_20.116749_9,0.0,0,50,351,False
1515,plain,y,ERR843991__NODE_27_length_13377_cov_27.997748_15,0.0,0,50,351,False
1516,plain,y,ERR843991__NODE_5_length_31521_cov_28.190046_27,0.0,0,50,351,False
1517,plain,y,ERR843991__NODE_8_length_27532_cov_25.873895_23,0.0,0,50,282,False
1518,plain,y,GCA_005886215_Protein1595,0.0,0,50,627,False
1519,plain,y,GCA_006349075_Protein3669,0.0,0,50,140,False
1520,plain,y,GCA_006349075_Protein902,0.0,0,50,140,False
1521,plain,y,GCA_004801255_Protein2281,0.0,0,50,286,False
1522,plain,y,GCA_005280655_Protein112,0.0,0,50,2195,False
1523,plain,y,ERR843982__NODE_7_length_40154_cov_44.644979_25,0.0,0,50,286,False
1524,plain,y,ERR843984__NODE_7_length_23072_cov_12.004736_12,0.0,0,50,282,False
1525,plain,y,ERR843985__NODE_2_length_36718_cov_15.101819_49,0.0,0,50,70,False
1526,plain,y,GCA_006965445_Protein179,0.0,0,50,213,False
1527,plain,y,GCA_007115105_Protein2302,0.0,0,50,286,False
1528,plain,y,GCA_007115105_Protein2323,0.0,0,50,558,False
1529,plain,y,GCA_007115105_Protein264,0.0,0,50,140,False
1530,plain,y,GCA_007115105_Protein2783,0.0,0,50,1230,False
1531,plain,y,GCA_005845215_Protein1689,0.0,0,50,700,False
1532,plain,y,GCA_005845215_Protein3303,0.0,0,50,2130,False
1533,plain,y,GCA_005845215_Protein976,0.0,0,50,210,False
1534,plain,y,GCA_009911595_Protein1694,0.0,0,50,420,False
1535,plain,y,GCA_009911595_Protein1870,0.0,0,50,140,False
1536,plain,y,GCA_009911595_Protein2273,0.0,0,50,280,False
1537,plain,y,GCA_009911645_Protein1600,0.0,0,50,558,False
1538,plain,y,GCA_009911645_Protein2594,0.0,0,50,1374,False
1539,plain,y,GCA_009911645_Protein3071,0.0,0,50,420,False
1540,plain,y,GCA_009911645_Protein476,0.0,0,50,350,False
1541,plain,y,GCA_009911355_Protein1962,0.0,0,50,422,False
1542,plain,y,GCA_008727115_Protein28,0.0,0,50,140,False
1543,plain,y,GCA_008807835_Protein2063,0.0,0,50,560,False
1544,plain,y,GCA_008830185_Protein397,0.0,0,50,1317,False
1545,plain,y,GCA_008935055_Protein2526,0.0,0,50,2800,False
1546,plain,y,GCA_009683175_Protein259,0.0,0,50,75,False
1547,plain,y,GCA_008152325_Protein2112,0.0,0,50,490,False
1548,plain,y,GCA_008152325_Protein2381,0.0,0,50,213,False
1549,plain,y,GCA_008691045_Protein2118,0.0,0,50,2190,False
1550,plain,y,GCA_009718435_Protein1378,0.0,0,50,210,False
1551,plain,y,GCA_009695585_Protein1805,0.0,0,50,1545,False
1552,plain,y,GCA_009695765_Protein1193,0.0,0,50,280,False
1553,plain,y,GCA_009695765_Protein1665,0.0,0,50,280,False
1554,plain,y,GCA_009695765_Protein731,0.0,0,50,422,False
1555,plain,y,GCA_009695905_Protein55,0.0,0,50,1092,False
1556,plain,y,GCA_009696005_Protein2449,0.0,0,50,1593,False
1557,plain,y,GCA_009696005_Protein254,0.0,0,50,140,False
1558,plain,y,GCA_004557645_Protein1784,0.0,0,50,351,False
1559,plain,y,GCA_004557645_Protein251,0.0,0,50,489,False
1560,plain,y,GCA_004557645_Protein558,0.0,0,50,351,False
1561,plain,y,GCA_009696045_Protein1503,0.0,0,50,696,False
1562,plain,y,GCA_009696175_Protein1375,0.0,0,50,140,False
1563,plain,y,GCA_009696445_Protein1319,0.0,0,50,1190,False
1564,plain,y,GCA_009696445_Protein891,0.0,0,50,1374,False
1565,plain,y,GCA_009697385_Protein2252,0.0,0,50,282,False
1566,plain,y,ERR843982__NODE_6_length_40421_cov_5425.816231_19,0.0,0,50,140,False
1567,plain,y,GCA_009883055_Protein2245,0.0,0,50,3374,False
1568,plain,y,GCA_009911235_Protein2918,0.0,0,50,1230,False
1569,plain,y,GCA_009911355_Protein1362,0.0,0,50,286,False
1570,plain,y,GCA_009911355_Protein1506,0.0,0,50,282,False
1571,plain,y,GCA_009911355_Protein1843,0.0,0,50,210,False
1572,plain,y,GCA_009718435_Protein2463,0.0,0,50,213,False
1573,plain,y,GCA_009718435_Protein2713,0.0,0,50,898,False
1574,plain,y,ERR843988__NODE_7_length_39657_cov_1092.828595_45,0.0,0,50,696,False
1575,plain,y,ERR843989__NODE_12_length_14666_cov_352.392102_8,0.0,0,50,140,False
1576,plain,y,ERR843985__NODE_2_length_36718_cov_15.101819_50,0.0,0,50,210,False
1577,plain,y,ERR843986__NODE_12_length_11324_cov_9.962108_18,0.0,0,50,286,False
1578,plain,y,ERR843987__NODE_3_length_16070_cov_14.074867_11,0.0,0,50,282,False
1579,plain,y,ERR843988__NODE_48_length_14046_cov_245.307269_26,0.0,0,50,351,False
1580,plain,y,ERR843988__NODE_4_length_41080_cov_38.192956_47,0.0,0,50,627,False
1581,plain,y,ERR843982__NODE_57_length_8164_cov_8.289801_9,0.0,0,50,420,False
1582,plain,y,ERR843981__NODE_3_length_59527_cov_126.460099_40,0.0,0,50,350,False
1583,plain,y,ERR843981__NODE_61_length_5792_cov_37.314276_10,0.0,0,50,282,False
1584,plain,y,ERR843979__NODE_39_length_11351_cov_15.146158_6,0.0,0,50,140,False
1585,plain,y,ERR843979__NODE_44_length_10368_cov_7.708523_10,0.0,0,50,696,False
1586,plain,y,ERR843979__NODE_44_length_10368_cov_7.708523_8,0.0,0,50,144,False
1587,plain,y,ERR843979__NODE_45_length_9985_cov_18.510070_22,0.0,0,50,213,False
1588,plain,y,ERR843979__NODE_9_length_29036_cov_118.436907_13,0.0,0,50,828,False
1589,plain,y,ERR843988__NODE_5_length_41051_cov_693.925822_32,0.0,0,50,150,False
1590,plain,y,GCA_009911355_Protein2022,0.0,0,50,493,False
1591,plain,y,GCA_009911355_Protein2379,0.0,0,50,351,False
1592,plain,y,GCA_009911355_Protein4343,0.0,0,50,210,False
1593,plain,y,GCA_009911355_Protein4729,0.0,0,50,351,False
1594,plain,y,GCA_009831105_Protein700,0.0,0,50,140,False
1595,plain,y,GCA_009876955_Protein1615,0.0,0,50,895,False
1596,plain,y,ERR843981__NODE_23_length_13879_cov_24.445891_16,0.0,0,50,140,False
1597,plain,y,ERR843981__NODE_38_length_9826_cov_10.357384_15,0.0,0,50,210,False
1598,plain,y,ERR843971__NODE_7_length_29908_cov_20.362811_14,0.0,0,50,354,False
1599,plain,y,ERR843973__NODE_12_length_29789_cov_29.867088_29,0.0,0,50,213,False
1600,plain,y,ERR843973__NODE_14_length_28292_cov_13.550236_5,0.0,0,50,420,False
1601,plain,y,ERR843982__NODE_15_length_22570_cov_13.157850_36,0.0,0,50,75,False
1602,plain,y,ERR843981__NODE_8_length_34270_cov_37.245068_24,0.0,0,50,3170,False
1603,plain,y,ERR843982__NODE_10_length_37329_cov_91.326582_46,0.0,0,50,627,False
1604,plain,y,ERR843981__NODE_21_length_15962_cov_46.814736_24,0.0,0,50,210,False
1605,plain,y,GCA_009935805_Protein2240,0.0,0,50,627,False
1606,plain,y,GCA_009935805_Protein1366,0.0,0,50,420,False
1607,plain,y,ERR843973__NODE_19_length_22358_cov_9.320630_21,0.0,0,50,558,False
1608,plain,y,ERR843973__NODE_20_length_21228_cov_85.195957_11,0.0,0,50,694,False
1609,plain,y,ERR843973__NODE_29_length_14915_cov_9.750336_18,0.0,0,50,282,False
1610,plain,y,ERR843973__NODE_59_length_8567_cov_5.988722_9,0.0,0,50,560,False
1611,plain,y,ERR843971__NODE_3_length_47748_cov_26.090915_40,0.0,0,50,280,False
1612,plain,y,ERR843971__NODE_3_length_47748_cov_26.090915_6,0.0,0,50,218,False
1613,plain,y,ERR843971__NODE_3_length_47748_cov_26.090915_63,0.0,0,50,210,False
1614,plain,y,GCA_009935845_Protein2512,0.0,0,50,140,False
1615,plain,y,GCA_009935845_Protein269,0.0,0,50,213,False
1616,plain,y,GCA_009935845_Protein3494,0.0,0,50,140,False
1617,plain,y,GCA_009935845_Protein589,0.0,0,50,564,False
1618,plain,y,GCA_009936055_Protein845,0.0,0,50,962,False
1619,plain,y,GCA_010092695_Protein3763,0.0,0,50,350,False
1620,plain,y,GCA_010092695_Protein3930,0.0,0,50,140,False
1621,plain,y,GCA_009931695_Protein514,0.0,0,50,828,False
1622,plain,y,GCA_009731425_Protein2247,0.0,0,50,1102,False
1623,plain,y,GCA_009765695_Protein250,0.0,0,50,213,False
1624,plain,y,GCA_009828835_Protein1205,0.0,0,50,834,False
1625,plain,y,GCA_010093125_Protein865,0.0,0,50,140,False
1626,plain,y,GCA_010120715_Protein1036,0.0,0,50,2145,False
1627,plain,y,GCA_010120715_Protein3202,0.0,0,50,282,False
1628,plain,y,GCA_010669305_Protein295,0.0,0,50,213,False
1629,plain,y,GCA_009935845_Protein2321,0.0,0,50,489,False
1630,plain,y,GCA_011754305_Protein2079,0.0,0,50,140,False
1631,plain,y,GCA_011754305_Protein281,0.0,0,50,830,False
1632,plain,y,GCA_012070565_Protein1528,0.0,0,50,1297,False
1633,plain,y,GCA_014297375_Protein2730,0.0,0,50,762,False
1634,plain,y,GCA_014297375_Protein556,0.0,0,50,213,False
1635,plain,y,GCA_014297375_Protein60,0.0,0,50,422,False
1636,plain,y,GCA_014333425_Protein223,0.0,0,50,980,False
1637,plain,y,GCA_014384785_Protein2493,0.0,0,50,351,False
1638,plain,y,GCA_012070565_Protein289,0.0,0,50,350,False
1639,plain,y,GCA_013166545_Protein1158,0.0,0,50,213,False
1640,plain,y,GCA_013282095_Protein2080,0.0,0,50,282,False
1641,plain,y,GCA_013282095_Protein3085,0.0,0,50,213,False
1642,plain,y,GCA_013300155_Protein1108,0.0,0,50,626,False
1643,plain,y,GCA_011045515_Protein2875,0.0,0,50,351,False
1644,plain,y,GCA_011299615_Protein733,0.0,0,50,1455,False
1645,plain,y,GCA_011400295_Protein252,0.0,0,50,140,False
1646,plain,y,GCA_014174405_Protein127,0.0,0,50,3456,False
1647,plain,y,GCA_014189855_Protein607,0.0,0,50,140,False
1648,plain,y,GCA_013300155_Protein1389,0.0,0,50,420,False
1649,plain,y,GCA_013302155_Protein2746,0.0,0,50,694,False
1650,plain,y,GCA_013302155_Protein275,0.0,0,50,420,False
1651,plain,y,GCA_013302155_Protein337,0.0,0,50,282,False
1652,plain,y,GCA_013304385_Protein3018,0.0,0,50,140,False
1653,plain,y,GCA_013359925_Protein3942,0.0,0,50,140,False
1654,plain,y,GCA_009935805_Protein637,0.0,0,50,694,False
1655,plain,y,GCA_009935805_Protein643,0.0,0,50,354,False
1656,plain,y,GCA_009935845_Protein2207,0.0,0,50,140,False
1657,plain,y,GCA_009928485_Protein7,0.0,0,50,144,False
1658,plain,y,GCA_009931695_Protein1123,0.0,0,50,286,False
1659,plain,y,GCA_013898335_Protein191,0.0,0,50,140,False
1660,plain,y,GCA_014076555_Protein1253,0.0,0,50,213,False
1661,plain,y,GCA_014169315_Protein1182,0.0,0,50,140,False
1662,plain,y,GCA_014197035_Protein2320,0.0,0,50,420,False
1663,plain,y,GCA_014197035_Protein4041,0.0,0,50,140,False
1664,plain,y,GCA_014269355_Protein381,0.0,0,50,286,False
1665,plain,y,GCA_014840235_Protein1445,0.0,0,50,144,False
1666,plain,y,GCA_014931565_Protein660,0.0,0,50,630,False
1667,plain,y,GCA_014982785_Protein540,0.0,0,50,354,False
1668,plain,y,GCA_015097275_Protein101,0.0,0,50,564,False
1669,plain,y,GCA_014385085_Protein2299,0.0,0,50,696,False
1670,plain,y,ERR843973__NODE_96_length_5472_cov_4.445450_7,0.0,0,50,558,False
1671,plain,y,ERR843973__NODE_9_length_33645_cov_19.685531_18,0.0,0,50,2007,False
1672,plain,y,ERR843977__NODE_28_length_19678_cov_22.453193_4,0.0,0,50,694,False
1673,plain,y,ERR843973__NODE_17_length_22983_cov_12.256848_15,0.0,0,50,140,False
1674,plain,y,ERR843973__NODE_17_length_22983_cov_12.256848_16,0.0,0,50,140,False
1675,plain,y,GCA_014287635_Protein2067,0.0,0,50,210,False
1676,plain,y,GCA_014197035_Protein1826,0.0,0,50,70,False
1677,plain,y,GCA_014197035_Protein2265,0.0,0,50,1632,False
1678,plain,y,ERR843964__NODE_22_length_24315_cov_793.214056_7,0.0,0,50,420,False
1679,plain,y,ERR843977__NODE_8_length_44551_cov_20.493572_5,0.0,0,50,761,False
1680,plain,y,ERR843979__NODE_11_length_28354_cov_20.103997_7,0.0,0,50,140,False
1681,plain,y,ERR843979__NODE_20_length_19217_cov_11.395731_13,0.0,0,50,210,False
1682,plain,y,ERR843979__NODE_22_length_18757_cov_29.985884_14,0.0,0,50,282,False
1683,plain,y,ERR843979__NODE_32_length_12615_cov_10.697611_8,0.0,0,50,280,False
1684,plain,y,ERR843979__NODE_39_length_11351_cov_15.146158_12,0.0,0,50,213,False
1685,plain,y,ERR843973__NODE_88_length_5775_cov_3.456119_7,0.0,0,50,1918,False
1686,plain,y,GCA_014384785_Protein306,0.0,0,50,351,False
1687,plain,y,GCA_014287995_Protein1546,0.0,0,50,490,False
1688,plain,y,GCA_014287995_Protein327,0.0,0,50,286,False
1689,plain,y,GCA_014297275_Protein285,0.0,0,50,210,False
1690,plain,y,GCA_014297285_Protein1649,0.0,0,50,351,False
1691,plain,y,GCA_014297285_Protein1802,0.0,0,50,490,False
1692,plain,y,ERR843964__NODE_20_length_27138_cov_26.593989_32,0.0,0,50,213,False
1693,plain,y,ERR843964__NODE_22_length_24315_cov_793.214056_23,0.0,0,50,282,False
1694,plain,y,ERR843964__NODE_20_length_27138_cov_26.593989_27,0.0,0,50,490,False
1695,plain,y,GCA_014385025_Protein1108,0.0,0,50,213,False
1696,plain,y,GCA_014385065_Protein327,0.0,0,50,1050,False
1697,plain,y,GCA_014385065_Protein507,0.0,0,50,630,False
1698,plain,y,GCA_014384785_Protein908,0.0,0,50,210,False
1699,plain,y,GCA_014384795_Protein1064,0.0,0,50,354,False
1700,plain,y,GCA_014384795_Protein1429,0.0,0,50,280,False
1701,plain,y,GCA_014384805_Protein1207,0.0,0,50,210,False
1702,plain,y,ERR843970__NODE_7_length_37901_cov_55.560350_31,0.0,0,50,280,False
1703,plain,y,ERR843971__NODE_12_length_25248_cov_16.373516_4,0.0,0,50,70,False
1704,plain,y,ERR843971__NODE_29_length_7772_cov_3.556823_10,0.0,0,50,70,False
1705,plain,y,ERR843964__NODE_8_length_43238_cov_122.640159_62,0.0,0,50,354,False
1706,plain,y,ERR843968__NODE_2_length_43712_cov_32.212383_34,0.0,0,50,210,False
1707,plain,y,ERR843968__NODE_3_length_42180_cov_40.662148_34,0.0,0,50,282,False
1708,plain,y,ERR843968__NODE_7_length_20083_cov_11.256890_27,0.0,0,50,140,False
1709,plain,y,ERR843969__NODE_5_length_29218_cov_7.794946_25,0.0,0,50,420,False
1710,plain,y,ERR843956__NODE_5_length_35264_cov_33.907382_9,0.0,0,50,282,False
1711,plain,y,ERR843957__NODE_19_length_11917_cov_12.176783_7,0.0,0,50,359,False
1712,plain,y,ERR843957__NODE_9_length_24229_cov_78.189749_6,0.0,0,50,694,False
1713,plain,y,ERR843957__NODE_9_length_24229_cov_78.189749_7,0.0,0,50,694,False
1714,plain,y,ERR843958__NODE_14_length_17717_cov_8.132544_15,0.0,0,50,286,False
1715,plain,y,ERR843958__NODE_1_length_60870_cov_334.460840_15,0.0,0,50,490,False
1716,plain,y,ERR843969__NODE_7_length_19229_cov_32.711589_18,0.0,0,50,489,False
1717,plain,y,ERR843970__NODE_44_length_10133_cov_6.468645_10,0.0,0,50,762,False
1718,plain,y,GCA_014385105_Protein1595,0.0,0,50,144,False
1719,plain,y,GCA_014644255_Protein417,0.0,0,50,422,False
1720,plain,y,GCA_014384985_Protein1366,0.0,0,50,700,False
1721,plain,y,ERR843958__NODE_1_length_60870_cov_334.460840_67,0.0,0,50,354,False
1722,plain,y,ERR843958__NODE_1_length_60870_cov_334.460840_89,0.0,0,50,422,False
1723,plain,y,ERR843958__NODE_2_length_44267_cov_117.343210_64,0.0,0,50,213,False
1724,plain,y,ERR843959__NODE_19_length_14307_cov_9.148049_1,0.0,0,50,286,False
1725,plain,y,ERR843956__NODE_3_length_40477_cov_84.394018_55,0.0,0,50,493,False
1726,plain,y,GCA_015351765_Protein1961,0.0,0,50,1224,False
1727,plain,y,GCA_015351765_Protein589,0.0,0,50,770,False
1728,plain,y,GCA_015548865_Protein2154,0.0,0,50,140,False
1729,plain,y,GCA_015550185_Protein1585,0.0,0,50,420,False
1730,plain,y,GCA_015550185_Protein1964,0.0,0,50,280,False
1731,plain,y,GCA_017348895_Protein2112,0.0,0,50,354,False
1732,plain,y,GCA_017566055_Protein1859,0.0,0,50,1632,False
1733,plain,y,GCA_017590215_Protein102,0.0,0,50,213,False
1734,plain,y,GCA_015667585_Protein1739,0.0,0,50,489,False
1735,plain,y,GCA_015667585_Protein2536,0.0,0,50,762,False
1736,plain,y,GCA_015667795_Protein36,0.0,0,50,830,False
1737,plain,y,GCA_015703905_Protein568,0.0,0,50,70,False
1738,plain,y,GCA_015832325_Protein3982,0.0,0,50,140,False
1739,plain,y,GCA_015140235_Protein10,0.0,0,50,210,False
1740,plain,y,GCA_015140235_Protein1659,0.0,0,50,972,False
1741,plain,y,GCA_015234215_Protein2782,0.0,0,50,770,False
1742,plain,y,GCA_016280345_Protein960,0.0,0,50,280,False
1743,plain,y,GCA_016292215_Protein667,0.0,0,50,770,False
1744,plain,y,GCA_016454265_Protein1151,0.0,0,50,140,False
1745,plain,y,GCA_016454265_Protein4810,0.0,0,50,140,False
1746,plain,y,GCA_016586355_Protein1482,0.0,0,50,2037,False
1747,plain,y,GCA_016618235_Protein1908,0.0,0,50,140,False
1748,plain,y,GCA_015550495_Protein2762,0.0,0,50,762,False
1749,plain,y,GCA_015667565_Protein1785,0.0,0,50,210,False
1750,plain,y,GCA_014384905_Protein1220,0.0,0,50,1026,False
1751,plain,y,GCA_016757475_Protein3833,0.0,0,50,144,False
1752,plain,y,GCA_016812035_Protein1018,0.0,0,50,140,False
1753,plain,y,GCA_016899725_Protein1348,0.0,0,50,75,False
1754,plain,y,GCA_016899855_Protein2148,0.0,0,50,1722,False
1755,plain,y,GCA_016901695_Protein1569,0.0,0,50,490,False
1756,plain,y,GCA_016901695_Protein2416,0.0,0,50,210,False
1757,plain,y,GCA_016280345_Protein2377,0.0,0,50,834,False
1758,plain,y,ERR843961__NODE_4_length_31700_cov_12.941476_19,0.0,0,50,426,False
1759,plain,y,ERR843962__NODE_108_length_9689_cov_61.263442_13,0.0,0,50,1096,False
1760,plain,y,ERR843958__NODE_1_length_60870_cov_334.460840_40,0.0,0,50,761,False
1761,plain,y,ERR843958__NODE_1_length_60870_cov_334.460840_52,0.0,0,50,1029,False
1762,plain,y,GCA_017161075_Protein4164,0.0,0,50,626,False
1763,plain,y,GCA_017161075_Protein424,0.0,0,50,558,False
1764,plain,y,GCA_017161075_Protein756,0.0,0,50,834,False
1765,plain,y,GCA_017168145_Protein1018,0.0,0,50,140,False
1766,plain,y,ERR843950__NODE_20_length_9583_cov_8.258081_8,0.0,0,50,140,False
1767,plain,y,ERR843950__NODE_5_length_34083_cov_139.278095_14,0.0,0,50,286,False
1768,plain,y,ERR843962__NODE_13_length_39757_cov_46.115762_29,0.0,0,50,1510,False
1769,plain,y,ERR843962__NODE_159_length_6995_cov_18.273775_8,0.0,0,50,70,False
1770,plain,y,ERR843962__NODE_172_length_6588_cov_31.084494_6,0.0,0,50,828,False
1771,plain,y,ERR843962__NODE_7_length_44032_cov_285.141483_5,0.0,0,50,1029,False
1772,plain,y,ERR843959__NODE_19_length_14307_cov_9.148049_3,0.0,0,50,1096,False
1773,plain,y,ERR843959__NODE_1_length_59614_cov_1347.086586_42,0.0,0,50,490,False
1774,plain,y,GCA_017161075_Protein3096,0.0,0,50,895,False
1775,plain,y,GCA_017161075_Protein40,0.0,0,50,962,False
1776,plain,y,ERR843951__NODE_12_length_18178_cov_31.325774_9,0.0,0,50,210,False
1777,plain,y,ERR843951__NODE_2_length_51953_cov_383.236734_47,0.0,0,50,213,False
1778,plain,y,ERR843951__NODE_34_length_6868_cov_37.111111_14,0.0,0,50,280,False
1779,plain,y,ERR843949__NODE_3_length_70422_cov_49.979195_6,0.0,0,50,828,False
1780,plain,y,ERR843949__NODE_8_length_32592_cov_245.215416_56,0.0,0,50,286,False
1781,plain,y,ERR843950__NODE_13_length_14050_cov_8.069096_27,0.0,0,50,280,False
1782,plain,y,GCA_017873235_Protein1171,0.0,0,50,213,False
1783,plain,y,GCA_018128545_Protein3060,0.0,0,50,1794,False
1784,plain,y,GCA_017168145_Protein2342,0.0,0,50,213,False
1785,plain,y,GCA_017168145_Protein3029,0.0,0,50,420,False
1786,plain,y,GCA_017168145_Protein560,0.0,0,50,1540,False
1787,plain,y,GCA_017168145_Protein804,0.0,0,50,696,False
1788,plain,y,GCA_017168145_Protein900,0.0,0,50,213,False
1789,plain,y,GCA_017255415_Protein1734,0.0,0,50,422,False
1790,plain,y,ERR843940__NODE_4_length_41367_cov_112.518832_37,0.0,0,50,210,False
1791,plain,y,ERR843955__NODE_1_length_35797_cov_287.252560_33,0.0,0,50,1096,False
1792,plain,y,ERR843955__NODE_1_length_35797_cov_287.252560_7,0.0,0,50,1096,False
1793,plain,y,ERR843956__NODE_10_length_15587_cov_13.685617_11,0.0,0,50,354,False
1794,plain,y,ERR843956__NODE_15_length_8661_cov_5.151871_14,0.0,0,50,1026,False
1795,plain,y,ERR843956__NODE_1_length_58533_cov_30.886453_20,0.0,0,50,210,False
1796,plain,y,ERR843956__NODE_1_length_58533_cov_30.886453_5,0.0,0,50,420,False
1797,plain,y,ERR843956__NODE_2_length_41825_cov_8263.275269_34,0.0,0,50,558,False
1798,plain,y,GCA_018375435_Protein1747,0.0,0,50,761,False
1799,plain,y,ERR843940__NODE_6_length_34141_cov_12.183044_40,0.0,0,50,140,False
1800,plain,y,ERR843940__NODE_6_length_34141_cov_12.183044_6,0.0,0,50,140,False
1801,plain,y,ERR843942__NODE_15_length_18474_cov_8.556382_13,0.0,0,50,280,False
1802,plain,y,ERR843940__NODE_14_length_23930_cov_16.473759_4,0.0,0,50,700,False
1803,plain,y,ERR843940__NODE_1_length_49488_cov_196.820808_48,0.0,0,50,140,False
1804,plain,y,ERR843940__NODE_2_length_48125_cov_228.683940_12,0.0,0,50,351,False
1805,plain,y,ERR843940__NODE_46_length_7003_cov_6.994387_12,0.0,0,50,422,False
1806,plain,y,GCA_018918345_Protein76,0.0,0,50,2559,False
1807,plain,y,GCA_018713335_Protein980,0.0,0,50,560,False
1808,plain,y,GCA_018785315_Protein4044,0.0,0,50,830,False
1809,plain,y,GCA_018861735_Protein4413,0.0,0,50,489,False
1810,plain,y,GCA_018917965_Protein1876,0.0,0,50,1110,False
1811,plain,y,GCA_018918155_Protein1909,0.0,0,50,490,False
1812,plain,y,GCA_018918265_Protein1905,0.0,0,50,282,False
1813,plain,y,GCA_018375435_Protein1687,0.0,0,50,765,False
1814,plain,y,GCA_017168145_Protein2332,0.0,0,50,694,False
1815,plain,y,GCA_016901695_Protein856,0.0,0,50,350,False
1816,plain,y,GCA_016901735_Protein1103,0.0,0,50,560,False
1817,plain,y,GCA_016901735_Protein748,0.0,0,50,282,False
1818,plain,y,GCA_017161075_Protein2369,0.0,0,50,210,False
1819,plain,y,GCA_018918345_Protein1544,0.0,0,50,282,False
1820,plain,y,GCA_018918345_Protein2131,0.0,0,50,422,False
1821,plain,y,GCA_018918345_Protein630,0.0,0,50,210,False
1822,plain,y,GCA_900109655_Protein3338,0.0,0,50,354,False
1823,plain,y,GCA_900109655_Protein989,0.0,0,50,1220,False
1824,plain,y,GCA_900111595_Protein135,0.0,0,50,3500,False
1825,plain,y,GCA_900111595_Protein2437,0.0,0,50,1680,False
1826,plain,y,GCA_900111595_Protein2697,0.0,0,50,560,False
1827,plain,y,GCA_900107575_Protein1793,0.0,0,50,354,False
1828,plain,y,GCA_900107675_Protein1074,0.0,0,50,213,False
1829,plain,y,GCA_900107705_Protein1734,0.0,0,50,1654,False
1830,plain,y,GCA_900048895_Protein3096,0.0,0,50,140,False
1831,plain,y,GCA_900066595_Protein256,0.0,0,50,210,False
1832,plain,y,GCA_019754295_Protein84,0.0,0,50,282,False
1833,plain,y,GCA_900011355_Protein2059,0.0,0,50,3450,False
1834,plain,y,GCA_900015215_Protein1056,0.0,0,50,280,False
1835,plain,y,GCA_019355395_Protein2289,0.0,0,50,828,False
1836,plain,y,GCA_019753795_Protein2304,0.0,0,50,493,False
1837,plain,y,GCA_019753795_Protein2925,0.0,0,50,489,False
1838,plain,y,GCA_018713335_Protein1515,0.0,0,50,282,False
1839,plain,y,GCA_018713335_Protein2475,0.0,0,50,490,False
1840,plain,y,GCA_018265985_Protein1413,0.0,0,50,1782,False
1841,plain,y,GCA_018326305_Protein616,0.0,0,50,354,False
1842,plain,y,GCA_900086725_Protein15,0.0,0,50,490,False
1843,plain,y,GCA_900086725_Protein1984,0.0,0,50,1110,False
1844,plain,y,GCA_900021155_Protein539,0.0,0,50,422,False
1845,plain,y,GCA_900048895_Protein1256,0.0,0,50,282,False
1846,plain,y,ERR843951__NODE_3_length_39402_cov_138.669530_5,0.0,0,50,213,False
1847,plain,y,ERR843952__NODE_3_length_36315_cov_8.953916_36,0.0,0,50,898,False
1848,plain,y,ERR843952__NODE_5_length_29695_cov_14.117611_19,0.0,0,50,359,False
1849,plain,y,ERR843954__NODE_1_length_40931_cov_12.918754_13,0.0,0,50,140,False
1850,plain,y,ERR843954__NODE_1_length_40931_cov_12.918754_20,0.0,0,50,140,False
1851,plain,y,ERR843950__NODE_5_length_34083_cov_139.278095_29,0.0,0,50,144,False
1852,plain,y,ERR843950__NODE_5_length_34083_cov_139.278095_6,0.0,0,50,282,False
1853,plain,y,GCA_018376065_Protein3594,0.0,0,50,140,False
1854,plain,y,GCA_900104655_Protein1836,0.0,0,50,422,False
1855,plain,y,GCA_900100245_Protein2153,0.0,0,50,1960,False
1856,plain,y,GCA_900100595_Protein2003,0.0,0,50,700,False
1857,plain,y,GCA_900103425_Protein570,0.0,0,50,972,False
1858,plain,y,GCA_900142225_Protein1743,0.0,0,50,210,False
1859,plain,y,GCA_900142225_Protein1904,0.0,0,50,762,False
1860,plain,y,GCA_900142225_Protein2205,0.0,0,50,351,False
1861,plain,y,GCA_900142225_Protein2428,0.0,0,50,140,False
1862,plain,y,ERR843942__NODE_2_length_45952_cov_261.731115_43,0.0,0,50,354,False
1863,plain,y,ERR843942__NODE_34_length_7948_cov_4.774864_3,0.0,0,50,420,False
1864,plain,y,ERR843942__NODE_3_length_44441_cov_665.326927_7,0.0,0,50,351,False
1865,plain,y,ERR843942__NODE_53_length_5093_cov_9.628225_5,0.0,0,50,1431,False
1866,plain,y,ERR843942__NODE_8_length_36572_cov_26.881042_35,0.0,0,50,761,False
1867,plain,y,ERR843940__NODE_4_length_41367_cov_112.518832_52,0.0,0,50,1050,False
1868,plain,y,ERR843940__NODE_6_length_34141_cov_12.183044_4,0.0,0,50,140,False
1869,plain,y,GCA_900104565_Protein94,0.0,0,50,280,False
1870,plain,y,ERR843935__NODE_25_length_23430_cov_11.848984_26,0.0,0,50,426,False
1871,plain,y,ERR843942__NODE_8_length_36572_cov_26.881042_4,0.0,0,50,280,False
1872,plain,y,ERR843944__NODE_2_length_16749_cov_11.559842_14,0.0,0,50,626,False
1873,plain,y,ERR843946__NODE_5_length_6568_cov_4.795179_8,0.0,0,50,140,False
1874,plain,y,ERR843947__NODE_1_length_51256_cov_76.432999_51,0.0,0,50,1029,False
1875,plain,y,ERR843947__NODE_6_length_31024_cov_30.975104_25,0.0,0,50,560,False
1876,plain,y,ERR843942__NODE_23_length_11211_cov_28.282001_19,0.0,0,50,213,False
1877,plain,y,ERR843942__NODE_23_length_11211_cov_28.282001_3,0.0,0,50,350,False
1878,plain,y,GCA_900108035_Protein148,0.0,0,50,694,False
1879,plain,y,GCA_900104565_Protein24,0.0,0,50,354,False
1880,plain,y,ERR843935__NODE_2_length_74909_cov_333.898255_80,0.0,0,50,213,False
1881,plain,y,ERR843935__NODE_15_length_34065_cov_14.869480_29,0.0,0,50,210,False
1882,plain,y,ERR843935__NODE_15_length_34065_cov_14.869480_45,0.0,0,50,351,False
1883,plain,y,ERR843935__NODE_18_length_29859_cov_29.318950_18,0.0,0,50,1374,False
1884,plain,y,ERR843935__NODE_1_length_90084_cov_181.234980_29,0.0,0,50,354,False
1885,plain,y,ERR843935__NODE_20_length_27633_cov_14.145696_16,0.0,0,50,351,False
1886,plain,y,ERR843935__NODE_68_length_11625_cov_10.052031_5,0.0,0,50,286,False
1887,plain,y,ERR843935__NODE_27_length_21630_cov_48.554392_6,0.0,0,50,282,False
1888,plain,y,ERR843935__NODE_28_length_21136_cov_20.251648_12,0.0,0,50,351,False
1889,plain,y,GCA_900120155_Protein2406,0.0,0,50,1248,False
1890,plain,y,GCA_900129135_Protein3543,0.0,0,50,286,False
1891,plain,y,GCA_900129135_Protein4155,0.0,0,50,280,False
1892,plain,y,GCA_900129225_Protein1424,0.0,0,50,1317,False
1893,plain,y,GCA_900129225_Protein338,0.0,0,50,350,False
1894,plain,y,ERR843924__NODE_1_length_112681_cov_26.258315_38,0.0,0,50,354,False
1895,plain,y,ERR843936__NODE_3_length_43351_cov_26.314047_74,0.0,0,50,558,False
1896,plain,y,ERR843936__NODE_9_length_10166_cov_6.655721_16,0.0,0,50,3234,False
1897,plain,y,ERR843938__NODE_10_length_13063_cov_6.004382_4,0.0,0,50,432,False
1898,plain,y,ERR843938__NODE_6_length_16854_cov_8.169653_18,0.0,0,50,282,False
1899,plain,y,ERR843939__NODE_12_length_26815_cov_68.303401_33,0.0,0,50,420,False
1900,plain,y,ERR843939__NODE_2_length_44797_cov_91.702025_38,0.0,0,50,210,False
1901,plain,y,ERR843935__NODE_55_length_13301_cov_67.352408_13,0.0,0,50,280,False
1902,plain,y,ERR843924__NODE_56_length_9262_cov_4.920713_5,0.0,0,50,422,False
1903,plain,y,ERR843924__NODE_84_length_6593_cov_16.142092_10,0.0,0,50,765,False
1904,plain,y,ERR843924__NODE_8_length_41840_cov_19.331148_18,0.0,0,50,351,False
1905,plain,y,ERR843924__NODE_13_length_36045_cov_8.350249_39,0.0,0,50,70,False
1906,plain,y,ERR843924__NODE_13_length_36045_cov_8.350249_55,0.0,0,50,280,False
1907,plain,y,ERR843924__NODE_16_length_32763_cov_18.070136_16,0.0,0,50,350,False
1908,plain,y,ERR843924__NODE_1_length_112681_cov_26.258315_114,0.0,0,50,210,False
1909,plain,y,ERR843924__NODE_1_length_112681_cov_26.258315_133,0.0,0,50,213,False
1910,plain,y,GCA_900142225_Protein377,0.0,0,50,834,False
1911,plain,y,GCA_900142225_Protein99,0.0,0,50,350,False
1912,plain,y,GCA_900129915_Protein1520,0.0,0,50,1364,False
1913,plain,y,GCA_900142025_Protein424,0.0,0,50,2436,False
1914,plain,y,GCA_900142075_Protein493,0.0,0,50,351,False
1915,plain,y,GCA_900142165_Protein2994,0.0,0,50,1248,False
1916,plain,y,GCA_900119705_Protein137,0.0,0,50,2016,False
1917,plain,y,ERR843924__NODE_29_length_17792_cov_21.265377_15,0.0,0,50,218,False
1918,plain,y,GCA_900142955_Protein783,0.0,0,50,1026,False
1919,plain,y,GCA_900143645_Protein2301,0.0,0,50,903,False
1920,plain,y,GCA_900155415_Protein2000,0.0,0,50,210,False
1921,plain,y,GCA_900545025_Protein1638,0.0,0,50,972,False
1922,plain,y,GCA_900604965_Protein467,0.0,0,50,840,False
1923,plain,y,GCA_900625025_Protein1542,0.0,0,50,1096,False
1924,plain,y,GCA_900626075_Protein4198,0.0,0,50,694,False
1925,plain,y,GCA_900626095_Protein2356,0.0,0,50,1041,False
1926,plain,y,GCA_900155525_Protein1286,0.0,0,50,210,False
1927,plain,y,GCA_900155525_Protein1825,0.0,0,50,490,False
1928,plain,y,GCA_900155735_Protein233,0.0,0,50,432,False
1929,plain,y,GCA_900155735_Protein417,0.0,0,50,770,False
1930,plain,y,GCA_900167375_Protein267,0.0,0,50,144,False
1931,plain,y,GCA_900169975_Protein1429,0.0,0,50,1410,False
1932,plain,y,GCA_900142955_Protein1057,0.0,0,50,351,False
1933,plain,y,GCA_900142955_Protein2855,0.0,0,50,493,False
1934,plain,y,GCA_900184925_Protein800,0.0,0,50,564,False
1935,plain,y,GCA_900184925_Protein873,0.0,0,50,2214,False
1936,plain,y,GCA_900184995_Protein700,0.0,0,50,351,False
1937,plain,y,GCA_900185645_Protein2143,0.0,0,50,282,False
1938,plain,y,GCA_900176035_Protein663,0.0,0,50,210,False
1939,plain,y,GCA_900176635_Protein1328,0.0,0,50,1480,False
1940,plain,y,GCA_900176635_Protein1870,0.0,0,50,493,False
1941,plain,y,GCA_900177815_Protein102,0.0,0,50,282,False
1942,plain,y,GCA_900129265_Protein1172,0.0,0,50,213,False
1943,plain,y,GCA_900112675_Protein1948,0.0,0,50,213,False
1944,plain,y,GCA_900112895_Protein1287,0.0,0,50,630,False
1945,plain,y,GCA_900112895_Protein2216,0.0,0,50,422,False
1946,plain,y,GCA_900113305_Protein382,0.0,0,50,696,False
1947,plain,y,GCA_900113325_Protein4,0.0,0,50,3732,False
1948,plain,y,GCA_900115195_Protein1569,0.0,0,50,70,False
1949,plain,y,GCA_900115195_Protein196,0.0,0,50,140,False
1950,plain,y,ERR843921__NODE_11_length_30433_cov_38.498321_38,0.0,0,50,422,False
1951,plain,y,ERR843921__NODE_14_length_29224_cov_29.742432_26,0.0,0,50,140,False
1952,plain,y,ERR843914__NODE_2_length_30300_cov_11.404199_15,0.0,0,50,213,False
1953,plain,y,ERR843921__NODE_15_length_27837_cov_6.698942_29,0.0,0,50,350,False
1954,plain,y,ERR843914__NODE_1_length_49138_cov_13.652629_67,0.0,0,50,144,False
1955,plain,y,ERR843914__NODE_1_length_49138_cov_13.652629_33,0.0,0,50,422,False
1956,plain,y,GCA_910588185_Protein259,0.0,0,50,420,False
1957,plain,y,GCA_902810075_Protein1706,0.0,0,50,420,False
1958,plain,y,GCA_910584225_Protein3587,0.0,0,50,150,False
1959,plain,y,GCA_905236725_Protein2470,0.0,0,50,2559,False
1960,plain,y,ERR843921__NODE_2_length_43397_cov_46.379216_25,0.0,0,50,282,False
1961,plain,y,ERR843921__NODE_30_length_16851_cov_33.673732_13,0.0,0,50,210,False
1962,plain,y,ERR843917__NODE_3_length_38695_cov_35.626216_30,0.0,0,50,144,False
1963,plain,y,ERR843916__NODE_9_length_9409_cov_6.633419_11,0.0,0,50,282,False
1964,plain,y,ERR843916__NODE_3_length_30796_cov_19.040500_2,0.0,0,50,694,False
1965,plain,y,ERR843915__NODE_4_length_32759_cov_16.506406_33,0.0,0,50,144,False
1966,plain,y,GCA_910584935_Protein579,0.0,0,50,1306,False
1967,plain,y,GCA_910586655_Protein674,0.0,0,50,422,False
1968,plain,y,GCA_910587585_Protein1546,0.0,0,50,140,False
1969,plain,y,GCA_910588185_Protein216,0.0,0,50,210,False
1970,plain,y,GCA_910577715_Protein4206,0.0,0,50,2261,False
1971,plain,y,GCA_910577885_Protein466,0.0,0,50,144,False
1972,plain,y,GCA_910579445_Protein1083,0.0,0,50,140,False
1973,plain,y,GCA_910579445_Protein363,0.0,0,50,282,False
1974,plain,y,GCA_900248245_Protein1575,0.0,0,50,282,False
1975,plain,y,GCA_900186585_Protein1206,0.0,0,50,351,False
1976,plain,y,GCA_900197595_Protein1442,0.0,0,50,770,False
1977,plain,y,GCA_900197595_Protein1850,0.0,0,50,280,False
1978,plain,y,GCA_900197595_Protein2375,0.0,0,50,700,False
1979,plain,y,GCA_900197595_Protein444,0.0,0,50,700,False
1980,plain,y,GCA_900199435_Protein1371,0.0,0,50,420,False
1981,plain,y,GCA_910584935_Protein1663,0.0,0,50,696,False
1982,plain,y,ERR843921__NODE_5_length_40096_cov_649.562923_34,0.0,0,50,490,False
1983,plain,y,ERR843921__NODE_63_length_8323_cov_162.816763_14,0.0,0,50,898,False
1984,plain,y,ERR843921__NODE_64_length_8254_cov_8.532138_13,0.0,0,50,351,False
1985,plain,y,ERR843921__NODE_68_length_7716_cov_20.954314_7,0.0,0,50,962,False
1986,plain,y,ERR843921__NODE_7_length_36275_cov_110.242187_2,0.0,0,50,558,False
1987,plain,y,ERR843921__NODE_28_length_17544_cov_8.369489_9,0.0,0,50,210,False
1988,plain,y,ERR843919__NODE_21_length_14737_cov_11.161013_4,0.0,0,50,144,False
1989,plain,y,GCA_000008865_Protein342,0.0,0,50,834,False
1990,plain,y,ERR843921__NODE_95_length_5452_cov_28.065407_9,0.0,0,50,213,False
1991,plain,y,ERR843921__NODE_9_length_32225_cov_46.120392_8,0.0,0,50,210,False
1992,plain,y,ERR843923__NODE_7_length_10647_cov_5.197980_10,0.0,0,50,422,False
1993,plain,y,ERR843924__NODE_13_length_36045_cov_8.350249_31,0.0,0,50,213,False
1994,plain,y,ERR843924__NODE_13_length_36045_cov_8.350249_32,0.0,0,50,218,False
1995,plain,y,ERR843924__NODE_13_length_36045_cov_8.350249_35,0.0,0,50,213,False
1996,plain,y,ERR843921__NODE_43_length_12661_cov_7.562510_21,0.0,0,50,420,False
1997,plain,y,ERR843921__NODE_55_length_10563_cov_7.876761_4,0.0,0,50,280,False
1998,plain,y,GCA_900978905_Protein2340,0.0,0,50,140,False
1999,plain,y,GCA_910577155_Protein1880,0.0,0,50,140,False
2000,plain,y,GCA_910577605_Protein1816,0.0,0,50,140,False
2001,plain,y,GCA_910577715_Protein2269,0.0,0,50,350,False
2002,plain,y,GCA_905200745_Protein1281,0.0,0,50,350,False
2003,plain,y,GCA_905200745_Protein428,0.0,0,50,420,False
2004,plain,y,GCA_905207355_Protein527,0.0,0,50,140,False
2005,plain,y,GCA_905212345_Protein1648,0.0,0,50,210,False
2006,plain,y,GCA_902810075_Protein246,0.0,0,50,558,False
2007,plain,y,GCA_902810075_Protein41,0.0,0,50,282,False
2008,plain,y,GCA_903645315_Protein3667,0.0,0,50,210,False
2009,plain,y,GCA_902167755_Protein1349,0.0,0,50,286,False
2010,plain,y,GCA_902167755_Protein3236,0.0,0,50,286,False
2011,plain,y,GCA_902363335_Protein4367,0.0,0,50,140,False
2012,plain,y,GCA_902373965_Protein1723,0.0,0,50,140,False
2013,plain,y,GCA_902373965_Protein3738,0.0,0,50,140,False
